2026-08-12 17:17:26 DEBUG BasicResourcePool:1831 - An exception occurred while acquiring a poolable resource. Will retry.
com.mysql.cj.jdbc.exceptions.CommunicationsException: Communications link failure

The last packet sent successfully to the server was 0 milliseconds ago. The driver has not received any packets from the server.
	at com.mysql.cj.jdbc.exceptions.SQLError.createCommunicationsException(SQLError.java:174) ~[mysql-connector-java-8.0.30.jar:8.0.30]
	at com.mysql.cj.jdbc.exceptions.SQLExceptionsMapping.translateException(SQLExceptionsMapping.java:64) ~[mysql-connector-java-8.0.30.jar:8.0.30]
	at com.mysql.cj.jdbc.ConnectionImpl.createNewIO(ConnectionImpl.java:828) ~[mysql-connector-java-8.0.30.jar:8.0.30]
	at com.mysql.cj.jdbc.ConnectionImpl.<init>(ConnectionImpl.java:448) ~[mysql-connector-java-8.0.30.jar:8.0.30]
	at com.mysql.cj.jdbc.ConnectionImpl.getInstance(ConnectionImpl.java:241) ~[mysql-connector-java-8.0.30.jar:8.0.30]
	at com.mysql.cj.jdbc.NonRegisteringDriver.connect(NonRegisteringDriver.java:198) ~[mysql-connector-java-8.0.30.jar:8.0.30]
	at com.mchange.v2.c3p0.DriverManagerDataSource.getConnection(DriverManagerDataSource.java:134) ~[c3p0-0.9.1.2.jar:0.9.1.2]
	at com.mchange.v2.c3p0.WrapperConnectionPoolDataSource.getPooledConnection(WrapperConnectionPoolDataSource.java:182) ~[c3p0-0.9.1.2.jar:0.9.1.2]
	at com.mchange.v2.c3p0.WrapperConnectionPoolDataSource.getPooledConnection(WrapperConnectionPoolDataSource.java:171) ~[c3p0-0.9.1.2.jar:0.9.1.2]
	at com.mchange.v2.c3p0.impl.C3P0PooledConnectionPool$1PooledConnectionResourcePoolManager.acquireResource(C3P0PooledConnectionPool.java:137) ~[c3p0-0.9.1.2.jar:0.9.1.2]
	at com.mchange.v2.resourcepool.BasicResourcePool.doAcquire(BasicResourcePool.java:1014) ~[c3p0-0.9.1.2.jar:0.9.1.2]
	at com.mchange.v2.resourcepool.BasicResourcePool.access$800(BasicResourcePool.java:32) ~[c3p0-0.9.1.2.jar:0.9.1.2]
	at com.mchange.v2.resourcepool.BasicResourcePool$AcquireTask.run(BasicResourcePool.java:1810) [c3p0-0.9.1.2.jar:0.9.1.2]
	at com.mchange.v2.async.ThreadPoolAsynchronousRunner$PoolThread.run(ThreadPoolAsynchronousRunner.java:547) [c3p0-0.9.1.2.jar:0.9.1.2]
Caused by: com.mysql.cj.exceptions.CJCommunicationsException: Communications link failure

The last packet sent successfully to the server was 0 milliseconds ago. The driver has not received any packets from the server.
	at jdk.internal.reflect.GeneratedConstructorAccessor21.newInstance(Unknown Source) ~[?:?]
	at jdk.internal.reflect.DelegatingConstructorAccessorImpl.newInstance(DelegatingConstructorAccessorImpl.java:45) ~[?:?]
	at java.lang.reflect.Constructor.newInstanceWithCaller(Constructor.java:499) ~[?:?]
	at java.lang.reflect.Constructor.newInstance(Constructor.java:480) ~[?:?]
	at com.mysql.cj.exceptions.ExceptionFactory.createException(ExceptionFactory.java:61) ~[mysql-connector-java-8.0.30.jar:8.0.30]
	at com.mysql.cj.exceptions.ExceptionFactory.createException(ExceptionFactory.java:105) ~[mysql-connector-java-8.0.30.jar:8.0.30]
	at com.mysql.cj.exceptions.ExceptionFactory.createException(ExceptionFactory.java:151) ~[mysql-connector-java-8.0.30.jar:8.0.30]
	at com.mysql.cj.exceptions.ExceptionFactory.createCommunicationsException(ExceptionFactory.java:167) ~[mysql-connector-java-8.0.30.jar:8.0.30]
	at com.mysql.cj.protocol.a.NativeSocketConnection.connect(NativeSocketConnection.java:89) ~[mysql-connector-java-8.0.30.jar:8.0.30]
	at com.mysql.cj.NativeSession.connect(NativeSession.java:120) ~[mysql-connector-java-8.0.30.jar:8.0.30]
	at com.mysql.cj.jdbc.ConnectionImpl.connectOneTryOnly(ConnectionImpl.java:948) ~[mysql-connector-java-8.0.30.jar:8.0.30]
	at com.mysql.cj.jdbc.ConnectionImpl.createNewIO(ConnectionImpl.java:818) ~[mysql-connector-java-8.0.30.jar:8.0.30]
	... 11 more
Caused by: java.net.UnknownHostException: db
	at java.net.InetAddress$CachedAddresses.get(InetAddress.java:801) ~[?:?]
	at java.net.InetAddress.getAllByName0(InetAddress.java:1509) ~[?:?]
	at java.net.InetAddress.getAllByName(InetAddress.java:1367) ~[?:?]
	at java.net.InetAddress.getAllByName(InetAddress.java:1301) ~[?:?]
	at com.mysql.cj.protocol.StandardSocketFactory.connect(StandardSocketFactory.java:130) ~[mysql-connector-java-8.0.30.jar:8.0.30]
	at com.mysql.cj.protocol.a.NativeSocketConnection.connect(NativeSocketConnection.java:63) ~[mysql-connector-java-8.0.30.jar:8.0.30]
	at com.mysql.cj.NativeSession.connect(NativeSession.java:120) ~[mysql-connector-java-8.0.30.jar:8.0.30]
	at com.mysql.cj.jdbc.ConnectionImpl.connectOneTryOnly(ConnectionImpl.java:948) ~[mysql-connector-java-8.0.30.jar:8.0.30]
	at com.mysql.cj.jdbc.ConnectionImpl.createNewIO(ConnectionImpl.java:818) ~[mysql-connector-java-8.0.30.jar:8.0.30]
	... 11 more
2026-08-12 17:17:26 DEBUG BasicResourcePool:1831 - An exception occurred while acquiring a poolable resource. Will retry.
com.mysql.cj.jdbc.exceptions.CommunicationsException: Communications link failure

The last packet sent successfully to the server was 0 milliseconds ago. The driver has not received any packets from the server.
	at com.mysql.cj.jdbc.exceptions.SQLError.createCommunicationsException(SQLError.java:174) ~[mysql-connector-java-8.0.30.jar:8.0.30]
	at com.mysql.cj.jdbc.exceptions.SQLExceptionsMapping.translateException(SQLExceptionsMapping.java:64) ~[mysql-connector-java-8.0.30.jar:8.0.30]
	at com.mysql.cj.jdbc.ConnectionImpl.createNewIO(ConnectionImpl.java:828) ~[mysql-connector-java-8.0.30.jar:8.0.30]
	at com.mysql.cj.jdbc.ConnectionImpl.<init>(ConnectionImpl.java:448) ~[mysql-connector-java-8.0.30.jar:8.0.30]
	at com.mysql.cj.jdbc.ConnectionImpl.getInstance(ConnectionImpl.java:241) ~[mysql-connector-java-8.0.30.jar:8.0.30]
	at com.mysql.cj.jdbc.NonRegisteringDriver.connect(NonRegisteringDriver.java:198) ~[mysql-connector-java-8.0.30.jar:8.0.30]
	at com.mchange.v2.c3p0.DriverManagerDataSource.getConnection(DriverManagerDataSource.java:134) ~[c3p0-0.9.1.2.jar:0.9.1.2]
	at com.mchange.v2.c3p0.WrapperConnectionPoolDataSource.getPooledConnection(WrapperConnectionPoolDataSource.java:182) ~[c3p0-0.9.1.2.jar:0.9.1.2]
	at com.mchange.v2.c3p0.WrapperConnectionPoolDataSource.getPooledConnection(WrapperConnectionPoolDataSource.java:171) ~[c3p0-0.9.1.2.jar:0.9.1.2]
	at com.mchange.v2.c3p0.impl.C3P0PooledConnectionPool$1PooledConnectionResourcePoolManager.acquireResource(C3P0PooledConnectionPool.java:137) ~[c3p0-0.9.1.2.jar:0.9.1.2]
	at com.mchange.v2.resourcepool.BasicResourcePool.doAcquire(BasicResourcePool.java:1014) ~[c3p0-0.9.1.2.jar:0.9.1.2]
	at com.mchange.v2.resourcepool.BasicResourcePool.access$800(BasicResourcePool.java:32) ~[c3p0-0.9.1.2.jar:0.9.1.2]
	at com.mchange.v2.resourcepool.BasicResourcePool$AcquireTask.run(BasicResourcePool.java:1810) [c3p0-0.9.1.2.jar:0.9.1.2]
	at com.mchange.v2.async.ThreadPoolAsynchronousRunner$PoolThread.run(ThreadPoolAsynchronousRunner.java:547) [c3p0-0.9.1.2.jar:0.9.1.2]
Caused by: com.mysql.cj.exceptions.CJCommunicationsException: Communications link failure

The last packet sent successfully to the server was 0 milliseconds ago. The driver has not received any packets from the server.
	at jdk.internal.reflect.GeneratedConstructorAccessor21.newInstance(Unknown Source) ~[?:?]
	at jdk.internal.reflect.DelegatingConstructorAccessorImpl.newInstance(DelegatingConstructorAccessorImpl.java:45) ~[?:?]
	at java.lang.reflect.Constructor.newInstanceWithCaller(Constructor.java:499) ~[?:?]
	at java.lang.reflect.Constructor.newInstance(Constructor.java:480) ~[?:?]
	at com.mysql.cj.exceptions.ExceptionFactory.createException(ExceptionFactory.java:61) ~[mysql-connector-java-8.0.30.jar:8.0.30]
	at com.mysql.cj.exceptions.ExceptionFactory.createException(ExceptionFactory.java:105) ~[mysql-connector-java-8.0.30.jar:8.0.30]
	at com.mysql.cj.exceptions.ExceptionFactory.createException(ExceptionFactory.java:151) ~[mysql-connector-java-8.0.30.jar:8.0.30]
	at com.mysql.cj.exceptions.ExceptionFactory.createCommunicationsException(ExceptionFactory.java:167) ~[mysql-connector-java-8.0.30.jar:8.0.30]
	at com.mysql.cj.protocol.a.NativeSocketConnection.connect(NativeSocketConnection.java:89) ~[mysql-connector-java-8.0.30.jar:8.0.30]
	at com.mysql.cj.NativeSession.connect(NativeSession.java:120) ~[mysql-connector-java-8.0.30.jar:8.0.30]
	at com.mysql.cj.jdbc.ConnectionImpl.connectOneTryOnly(ConnectionImpl.java:948) ~[mysql-connector-java-8.0.30.jar:8.0.30]
	at com.mysql.cj.jdbc.ConnectionImpl.createNewIO(ConnectionImpl.java:818) ~[mysql-connector-java-8.0.30.jar:8.0.30]
	... 11 more
Caused by: java.net.UnknownHostException: db
	at java.net.InetAddress$CachedAddresses.get(InetAddress.java:801) ~[?:?]
	at java.net.InetAddress.getAllByName0(InetAddress.java:1509) ~[?:?]
	at java.net.InetAddress.getAllByName(InetAddress.java:1367) ~[?:?]
	at java.net.InetAddress.getAllByName(InetAddress.java:1301) ~[?:?]
	at com.mysql.cj.protocol.StandardSocketFactory.connect(StandardSocketFactory.java:130) ~[mysql-connector-java-8.0.30.jar:8.0.30]
	at com.mysql.cj.protocol.a.NativeSocketConnection.connect(NativeSocketConnection.java:63) ~[mysql-connector-java-8.0.30.jar:8.0.30]
	at com.mysql.cj.NativeSession.connect(NativeSession.java:120) ~[mysql-connector-java-8.0.30.jar:8.0.30]
	at com.mysql.cj.jdbc.ConnectionImpl.connectOneTryOnly(ConnectionImpl.java:948) ~[mysql-connector-java-8.0.30.jar:8.0.30]
	at com.mysql.cj.jdbc.ConnectionImpl.createNewIO(ConnectionImpl.java:818) ~[mysql-connector-java-8.0.30.jar:8.0.30]
	... 11 more
2026-08-12 17:17:27 DEBUG BasicResourcePool:1831 - An exception occurred while acquiring a poolable resource. Will retry.
com.mysql.cj.jdbc.exceptions.CommunicationsException: Communications link failure

The last packet sent successfully to the server was 0 milliseconds ago. The driver has not received any packets from the server.
	at com.mysql.cj.jdbc.exceptions.SQLError.createCommunicationsException(SQLError.java:174) ~[mysql-connector-java-8.0.30.jar:8.0.30]
	at com.mysql.cj.jdbc.exceptions.SQLExceptionsMapping.translateException(SQLExceptionsMapping.java:64) ~[mysql-connector-java-8.0.30.jar:8.0.30]
	at com.mysql.cj.jdbc.ConnectionImpl.createNewIO(ConnectionImpl.java:828) ~[mysql-connector-java-8.0.30.jar:8.0.30]
	at com.mysql.cj.jdbc.ConnectionImpl.<init>(ConnectionImpl.java:448) ~[mysql-connector-java-8.0.30.jar:8.0.30]
	at com.mysql.cj.jdbc.ConnectionImpl.getInstance(ConnectionImpl.java:241) ~[mysql-connector-java-8.0.30.jar:8.0.30]
	at com.mysql.cj.jdbc.NonRegisteringDriver.connect(NonRegisteringDriver.java:198) ~[mysql-connector-java-8.0.30.jar:8.0.30]
	at com.mchange.v2.c3p0.DriverManagerDataSource.getConnection(DriverManagerDataSource.java:134) ~[c3p0-0.9.1.2.jar:0.9.1.2]
	at com.mchange.v2.c3p0.WrapperConnectionPoolDataSource.getPooledConnection(WrapperConnectionPoolDataSource.java:182) ~[c3p0-0.9.1.2.jar:0.9.1.2]
	at com.mchange.v2.c3p0.WrapperConnectionPoolDataSource.getPooledConnection(WrapperConnectionPoolDataSource.java:171) ~[c3p0-0.9.1.2.jar:0.9.1.2]
	at com.mchange.v2.c3p0.impl.C3P0PooledConnectionPool$1PooledConnectionResourcePoolManager.acquireResource(C3P0PooledConnectionPool.java:137) ~[c3p0-0.9.1.2.jar:0.9.1.2]
	at com.mchange.v2.resourcepool.BasicResourcePool.doAcquire(BasicResourcePool.java:1014) ~[c3p0-0.9.1.2.jar:0.9.1.2]
	at com.mchange.v2.resourcepool.BasicResourcePool.access$800(BasicResourcePool.java:32) ~[c3p0-0.9.1.2.jar:0.9.1.2]
	at com.mchange.v2.resourcepool.BasicResourcePool$AcquireTask.run(BasicResourcePool.java:1810) [c3p0-0.9.1.2.jar:0.9.1.2]
	at com.mchange.v2.async.ThreadPoolAsynchronousRunner$PoolThread.run(ThreadPoolAsynchronousRunner.java:547) [c3p0-0.9.1.2.jar:0.9.1.2]
Caused by: com.mysql.cj.exceptions.CJCommunicationsException: Communications link failure

The last packet sent successfully to the server was 0 milliseconds ago. The driver has not received any packets from the server.
	at jdk.internal.reflect.GeneratedConstructorAccessor21.newInstance(Unknown Source) ~[?:?]
	at jdk.internal.reflect.DelegatingConstructorAccessorImpl.newInstance(DelegatingConstructorAccessorImpl.java:45) ~[?:?]
	at java.lang.reflect.Constructor.newInstanceWithCaller(Constructor.java:499) ~[?:?]
	at java.lang.reflect.Constructor.newInstance(Constructor.java:480) ~[?:?]
	at com.mysql.cj.exceptions.ExceptionFactory.createException(ExceptionFactory.java:61) ~[mysql-connector-java-8.0.30.jar:8.0.30]
	at com.mysql.cj.exceptions.ExceptionFactory.createException(ExceptionFactory.java:105) ~[mysql-connector-java-8.0.30.jar:8.0.30]
	at com.mysql.cj.exceptions.ExceptionFactory.createException(ExceptionFactory.java:151) ~[mysql-connector-java-8.0.30.jar:8.0.30]
	at com.mysql.cj.exceptions.ExceptionFactory.createCommunicationsException(ExceptionFactory.java:167) ~[mysql-connector-java-8.0.30.jar:8.0.30]
	at com.mysql.cj.protocol.a.NativeSocketConnection.connect(NativeSocketConnection.java:89) ~[mysql-connector-java-8.0.30.jar:8.0.30]
	at com.mysql.cj.NativeSession.connect(NativeSession.java:120) ~[mysql-connector-java-8.0.30.jar:8.0.30]
	at com.mysql.cj.jdbc.ConnectionImpl.connectOneTryOnly(ConnectionImpl.java:948) ~[mysql-connector-java-8.0.30.jar:8.0.30]
	at com.mysql.cj.jdbc.ConnectionImpl.createNewIO(ConnectionImpl.java:818) ~[mysql-connector-java-8.0.30.jar:8.0.30]
	... 11 more
Caused by: java.net.UnknownHostException: db
	at java.net.InetAddress$CachedAddresses.get(InetAddress.java:801) ~[?:?]
	at java.net.InetAddress.getAllByName0(InetAddress.java:1509) ~[?:?]
	at java.net.InetAddress.getAllByName(InetAddress.java:1367) ~[?:?]
	at java.net.InetAddress.getAllByName(InetAddress.java:1301) ~[?:?]
	at com.mysql.cj.protocol.StandardSocketFactory.connect(StandardSocketFactory.java:130) ~[mysql-connector-java-8.0.30.jar:8.0.30]
	at com.mysql.cj.protocol.a.NativeSocketConnection.connect(NativeSocketConnection.java:63) ~[mysql-connector-java-8.0.30.jar:8.0.30]
	at com.mysql.cj.NativeSession.connect(NativeSession.java:120) ~[mysql-connector-java-8.0.30.jar:8.0.30]
	at com.mysql.cj.jdbc.ConnectionImpl.connectOneTryOnly(ConnectionImpl.java:948) ~[mysql-connector-java-8.0.30.jar:8.0.30]
	at com.mysql.cj.jdbc.ConnectionImpl.createNewIO(ConnectionImpl.java:818) ~[mysql-connector-java-8.0.30.jar:8.0.30]
	... 11 more
2026-08-12 17:17:27 DEBUG BasicResourcePool:1831 - An exception occurred while acquiring a poolable resource. Will retry.
com.mysql.cj.jdbc.exceptions.CommunicationsException: Communications link failure

The last packet sent successfully to the server was 0 milliseconds ago. The driver has not received any packets from the server.
	at com.mysql.cj.jdbc.exceptions.SQLError.createCommunicationsException(SQLError.java:174) ~[mysql-connector-java-8.0.30.jar:8.0.30]
	at com.mysql.cj.jdbc.exceptions.SQLExceptionsMapping.translateException(SQLExceptionsMapping.java:64) ~[mysql-connector-java-8.0.30.jar:8.0.30]
	at com.mysql.cj.jdbc.ConnectionImpl.createNewIO(ConnectionImpl.java:828) ~[mysql-connector-java-8.0.30.jar:8.0.30]
	at com.mysql.cj.jdbc.ConnectionImpl.<init>(ConnectionImpl.java:448) ~[mysql-connector-java-8.0.30.jar:8.0.30]
	at com.mysql.cj.jdbc.ConnectionImpl.getInstance(ConnectionImpl.java:241) ~[mysql-connector-java-8.0.30.jar:8.0.30]
	at com.mysql.cj.jdbc.NonRegisteringDriver.connect(NonRegisteringDriver.java:198) ~[mysql-connector-java-8.0.30.jar:8.0.30]
	at com.mchange.v2.c3p0.DriverManagerDataSource.getConnection(DriverManagerDataSource.java:134) ~[c3p0-0.9.1.2.jar:0.9.1.2]
	at com.mchange.v2.c3p0.WrapperConnectionPoolDataSource.getPooledConnection(WrapperConnectionPoolDataSource.java:182) ~[c3p0-0.9.1.2.jar:0.9.1.2]
	at com.mchange.v2.c3p0.WrapperConnectionPoolDataSource.getPooledConnection(WrapperConnectionPoolDataSource.java:171) ~[c3p0-0.9.1.2.jar:0.9.1.2]
	at com.mchange.v2.c3p0.impl.C3P0PooledConnectionPool$1PooledConnectionResourcePoolManager.acquireResource(C3P0PooledConnectionPool.java:137) ~[c3p0-0.9.1.2.jar:0.9.1.2]
	at com.mchange.v2.resourcepool.BasicResourcePool.doAcquire(BasicResourcePool.java:1014) ~[c3p0-0.9.1.2.jar:0.9.1.2]
	at com.mchange.v2.resourcepool.BasicResourcePool.access$800(BasicResourcePool.java:32) ~[c3p0-0.9.1.2.jar:0.9.1.2]
	at com.mchange.v2.resourcepool.BasicResourcePool$AcquireTask.run(BasicResourcePool.java:1810) [c3p0-0.9.1.2.jar:0.9.1.2]
	at com.mchange.v2.async.ThreadPoolAsynchronousRunner$PoolThread.run(ThreadPoolAsynchronousRunner.java:547) [c3p0-0.9.1.2.jar:0.9.1.2]
Caused by: com.mysql.cj.exceptions.CJCommunicationsException: Communications link failure

The last packet sent successfully to the server was 0 milliseconds ago. The driver has not received any packets from the server.
	at jdk.internal.reflect.GeneratedConstructorAccessor21.newInstance(Unknown Source) ~[?:?]
	at jdk.internal.reflect.DelegatingConstructorAccessorImpl.newInstance(DelegatingConstructorAccessorImpl.java:45) ~[?:?]
	at java.lang.reflect.Constructor.newInstanceWithCaller(Constructor.java:499) ~[?:?]
	at java.lang.reflect.Constructor.newInstance(Constructor.java:480) ~[?:?]
	at com.mysql.cj.exceptions.ExceptionFactory.createException(ExceptionFactory.java:61) ~[mysql-connector-java-8.0.30.jar:8.0.30]
	at com.mysql.cj.exceptions.ExceptionFactory.createException(ExceptionFactory.java:105) ~[mysql-connector-java-8.0.30.jar:8.0.30]
	at com.mysql.cj.exceptions.ExceptionFactory.createException(ExceptionFactory.java:151) ~[mysql-connector-java-8.0.30.jar:8.0.30]
	at com.mysql.cj.exceptions.ExceptionFactory.createCommunicationsException(ExceptionFactory.java:167) ~[mysql-connector-java-8.0.30.jar:8.0.30]
	at com.mysql.cj.protocol.a.NativeSocketConnection.connect(NativeSocketConnection.java:89) ~[mysql-connector-java-8.0.30.jar:8.0.30]
	at com.mysql.cj.NativeSession.connect(NativeSession.java:120) ~[mysql-connector-java-8.0.30.jar:8.0.30]
	at com.mysql.cj.jdbc.ConnectionImpl.connectOneTryOnly(ConnectionImpl.java:948) ~[mysql-connector-java-8.0.30.jar:8.0.30]
	at com.mysql.cj.jdbc.ConnectionImpl.createNewIO(ConnectionImpl.java:818) ~[mysql-connector-java-8.0.30.jar:8.0.30]
	... 11 more
Caused by: java.net.UnknownHostException: db
	at java.net.InetAddress$CachedAddresses.get(InetAddress.java:801) ~[?:?]
	at java.net.InetAddress.getAllByName0(InetAddress.java:1509) ~[?:?]
	at java.net.InetAddress.getAllByName(InetAddress.java:1367) ~[?:?]
	at java.net.InetAddress.getAllByName(InetAddress.java:1301) ~[?:?]
	at com.mysql.cj.protocol.StandardSocketFactory.connect(StandardSocketFactory.java:130) ~[mysql-connector-java-8.0.30.jar:8.0.30]
	at com.mysql.cj.protocol.a.NativeSocketConnection.connect(NativeSocketConnection.java:63) ~[mysql-connector-java-8.0.30.jar:8.0.30]
	at com.mysql.cj.NativeSession.connect(NativeSession.java:120) ~[mysql-connector-java-8.0.30.jar:8.0.30]
	at com.mysql.cj.jdbc.ConnectionImpl.connectOneTryOnly(ConnectionImpl.java:948) ~[mysql-connector-java-8.0.30.jar:8.0.30]
	at com.mysql.cj.jdbc.ConnectionImpl.createNewIO(ConnectionImpl.java:818) ~[mysql-connector-java-8.0.30.jar:8.0.30]
	... 11 more
2026-08-12 17:17:27 DEBUG BasicResourcePool:1935 - Checking for expired resources - Wed Aug 12 17:17:27 IST 2026 [com.mchange.v2.resourcepool.BasicResourcePool@208f1c20]
2026-08-12 17:17:27 DEBUG BasicResourcePool:1447 - BEGIN check for expired resources.  [com.mchange.v2.resourcepool.BasicResourcePool@208f1c20]
2026-08-12 17:17:27 DEBUG BasicResourcePool:1468 - FINISHED check for expired resources.  [com.mchange.v2.resourcepool.BasicResourcePool@208f1c20]
2026-08-12 17:17:28 DEBUG BasicResourcePool:1831 - An exception occurred while acquiring a poolable resource. Will retry.
com.mysql.cj.jdbc.exceptions.CommunicationsException: Communications link failure

The last packet sent successfully to the server was 0 milliseconds ago. The driver has not received any packets from the server.
	at com.mysql.cj.jdbc.exceptions.SQLError.createCommunicationsException(SQLError.java:174) ~[mysql-connector-java-8.0.30.jar:8.0.30]
	at com.mysql.cj.jdbc.exceptions.SQLExceptionsMapping.translateException(SQLExceptionsMapping.java:64) ~[mysql-connector-java-8.0.30.jar:8.0.30]
	at com.mysql.cj.jdbc.ConnectionImpl.createNewIO(ConnectionImpl.java:828) ~[mysql-connector-java-8.0.30.jar:8.0.30]
	at com.mysql.cj.jdbc.ConnectionImpl.<init>(ConnectionImpl.java:448) ~[mysql-connector-java-8.0.30.jar:8.0.30]
	at com.mysql.cj.jdbc.ConnectionImpl.getInstance(ConnectionImpl.java:241) ~[mysql-connector-java-8.0.30.jar:8.0.30]
	at com.mysql.cj.jdbc.NonRegisteringDriver.connect(NonRegisteringDriver.java:198) ~[mysql-connector-java-8.0.30.jar:8.0.30]
	at com.mchange.v2.c3p0.DriverManagerDataSource.getConnection(DriverManagerDataSource.java:134) ~[c3p0-0.9.1.2.jar:0.9.1.2]
	at com.mchange.v2.c3p0.WrapperConnectionPoolDataSource.getPooledConnection(WrapperConnectionPoolDataSource.java:182) ~[c3p0-0.9.1.2.jar:0.9.1.2]
	at com.mchange.v2.c3p0.WrapperConnectionPoolDataSource.getPooledConnection(WrapperConnectionPoolDataSource.java:171) ~[c3p0-0.9.1.2.jar:0.9.1.2]
	at com.mchange.v2.c3p0.impl.C3P0PooledConnectionPool$1PooledConnectionResourcePoolManager.acquireResource(C3P0PooledConnectionPool.java:137) ~[c3p0-0.9.1.2.jar:0.9.1.2]
	at com.mchange.v2.resourcepool.BasicResourcePool.doAcquire(BasicResourcePool.java:1014) ~[c3p0-0.9.1.2.jar:0.9.1.2]
	at com.mchange.v2.resourcepool.BasicResourcePool.access$800(BasicResourcePool.java:32) ~[c3p0-0.9.1.2.jar:0.9.1.2]
	at com.mchange.v2.resourcepool.BasicResourcePool$AcquireTask.run(BasicResourcePool.java:1810) [c3p0-0.9.1.2.jar:0.9.1.2]
	at com.mchange.v2.async.ThreadPoolAsynchronousRunner$PoolThread.run(ThreadPoolAsynchronousRunner.java:547) [c3p0-0.9.1.2.jar:0.9.1.2]
Caused by: com.mysql.cj.exceptions.CJCommunicationsException: Communications link failure

The last packet sent successfully to the server was 0 milliseconds ago. The driver has not received any packets from the server.
	at jdk.internal.reflect.GeneratedConstructorAccessor21.newInstance(Unknown Source) ~[?:?]
	at jdk.internal.reflect.DelegatingConstructorAccessorImpl.newInstance(DelegatingConstructorAccessorImpl.java:45) ~[?:?]
	at java.lang.reflect.Constructor.newInstanceWithCaller(Constructor.java:499) ~[?:?]
	at java.lang.reflect.Constructor.newInstance(Constructor.java:480) ~[?:?]
	at com.mysql.cj.exceptions.ExceptionFactory.createException(ExceptionFactory.java:61) ~[mysql-connector-java-8.0.30.jar:8.0.30]
	at com.mysql.cj.exceptions.ExceptionFactory.createException(ExceptionFactory.java:105) ~[mysql-connector-java-8.0.30.jar:8.0.30]
	at com.mysql.cj.exceptions.ExceptionFactory.createException(ExceptionFactory.java:151) ~[mysql-connector-java-8.0.30.jar:8.0.30]
	at com.mysql.cj.exceptions.ExceptionFactory.createCommunicationsException(ExceptionFactory.java:167) ~[mysql-connector-java-8.0.30.jar:8.0.30]
	at com.mysql.cj.protocol.a.NativeSocketConnection.connect(NativeSocketConnection.java:89) ~[mysql-connector-java-8.0.30.jar:8.0.30]
	at com.mysql.cj.NativeSession.connect(NativeSession.java:120) ~[mysql-connector-java-8.0.30.jar:8.0.30]
	at com.mysql.cj.jdbc.ConnectionImpl.connectOneTryOnly(ConnectionImpl.java:948) ~[mysql-connector-java-8.0.30.jar:8.0.30]
	at com.mysql.cj.jdbc.ConnectionImpl.createNewIO(ConnectionImpl.java:818) ~[mysql-connector-java-8.0.30.jar:8.0.30]
	... 11 more
Caused by: java.net.UnknownHostException: db
	at java.net.InetAddress$CachedAddresses.get(InetAddress.java:801) ~[?:?]
	at java.net.InetAddress.getAllByName0(InetAddress.java:1509) ~[?:?]
	at java.net.InetAddress.getAllByName(InetAddress.java:1367) ~[?:?]
	at java.net.InetAddress.getAllByName(InetAddress.java:1301) ~[?:?]
	at com.mysql.cj.protocol.StandardSocketFactory.connect(StandardSocketFactory.java:130) ~[mysql-connector-java-8.0.30.jar:8.0.30]
	at com.mysql.cj.protocol.a.NativeSocketConnection.connect(NativeSocketConnection.java:63) ~[mysql-connector-java-8.0.30.jar:8.0.30]
	at com.mysql.cj.NativeSession.connect(NativeSession.java:120) ~[mysql-connector-java-8.0.30.jar:8.0.30]
	at com.mysql.cj.jdbc.ConnectionImpl.connectOneTryOnly(ConnectionImpl.java:948) ~[mysql-connector-java-8.0.30.jar:8.0.30]
	at com.mysql.cj.jdbc.ConnectionImpl.createNewIO(ConnectionImpl.java:818) ~[mysql-connector-java-8.0.30.jar:8.0.30]
	... 11 more
2026-08-12 17:17:28 DEBUG BasicResourcePool:1831 - An exception occurred while acquiring a poolable resource. Will retry.
com.mysql.cj.jdbc.exceptions.CommunicationsException: Communications link failure

The last packet sent successfully to the server was 0 milliseconds ago. The driver has not received any packets from the server.
	at com.mysql.cj.jdbc.exceptions.SQLError.createCommunicationsException(SQLError.java:174) ~[mysql-connector-java-8.0.30.jar:8.0.30]
	at com.mysql.cj.jdbc.exceptions.SQLExceptionsMapping.translateException(SQLExceptionsMapping.java:64) ~[mysql-connector-java-8.0.30.jar:8.0.30]
	at com.mysql.cj.jdbc.ConnectionImpl.createNewIO(ConnectionImpl.java:828) ~[mysql-connector-java-8.0.30.jar:8.0.30]
	at com.mysql.cj.jdbc.ConnectionImpl.<init>(ConnectionImpl.java:448) ~[mysql-connector-java-8.0.30.jar:8.0.30]
	at com.mysql.cj.jdbc.ConnectionImpl.getInstance(ConnectionImpl.java:241) ~[mysql-connector-java-8.0.30.jar:8.0.30]
	at com.mysql.cj.jdbc.NonRegisteringDriver.connect(NonRegisteringDriver.java:198) ~[mysql-connector-java-8.0.30.jar:8.0.30]
	at com.mchange.v2.c3p0.DriverManagerDataSource.getConnection(DriverManagerDataSource.java:134) ~[c3p0-0.9.1.2.jar:0.9.1.2]
	at com.mchange.v2.c3p0.WrapperConnectionPoolDataSource.getPooledConnection(WrapperConnectionPoolDataSource.java:182) ~[c3p0-0.9.1.2.jar:0.9.1.2]
	at com.mchange.v2.c3p0.WrapperConnectionPoolDataSource.getPooledConnection(WrapperConnectionPoolDataSource.java:171) ~[c3p0-0.9.1.2.jar:0.9.1.2]
	at com.mchange.v2.c3p0.impl.C3P0PooledConnectionPool$1PooledConnectionResourcePoolManager.acquireResource(C3P0PooledConnectionPool.java:137) ~[c3p0-0.9.1.2.jar:0.9.1.2]
	at com.mchange.v2.resourcepool.BasicResourcePool.doAcquire(BasicResourcePool.java:1014) ~[c3p0-0.9.1.2.jar:0.9.1.2]
	at com.mchange.v2.resourcepool.BasicResourcePool.access$800(BasicResourcePool.java:32) ~[c3p0-0.9.1.2.jar:0.9.1.2]
	at com.mchange.v2.resourcepool.BasicResourcePool$AcquireTask.run(BasicResourcePool.java:1810) [c3p0-0.9.1.2.jar:0.9.1.2]
	at com.mchange.v2.async.ThreadPoolAsynchronousRunner$PoolThread.run(ThreadPoolAsynchronousRunner.java:547) [c3p0-0.9.1.2.jar:0.9.1.2]
Caused by: com.mysql.cj.exceptions.CJCommunicationsException: Communications link failure

The last packet sent successfully to the server was 0 milliseconds ago. The driver has not received any packets from the server.
	at jdk.internal.reflect.GeneratedConstructorAccessor21.newInstance(Unknown Source) ~[?:?]
	at jdk.internal.reflect.DelegatingConstructorAccessorImpl.newInstance(DelegatingConstructorAccessorImpl.java:45) ~[?:?]
	at java.lang.reflect.Constructor.newInstanceWithCaller(Constructor.java:499) ~[?:?]
	at java.lang.reflect.Constructor.newInstance(Constructor.java:480) ~[?:?]
	at com.mysql.cj.exceptions.ExceptionFactory.createException(ExceptionFactory.java:61) ~[mysql-connector-java-8.0.30.jar:8.0.30]
	at com.mysql.cj.exceptions.ExceptionFactory.createException(ExceptionFactory.java:105) ~[mysql-connector-java-8.0.30.jar:8.0.30]
	at com.mysql.cj.exceptions.ExceptionFactory.createException(ExceptionFactory.java:151) ~[mysql-connector-java-8.0.30.jar:8.0.30]
	at com.mysql.cj.exceptions.ExceptionFactory.createCommunicationsException(ExceptionFactory.java:167) ~[mysql-connector-java-8.0.30.jar:8.0.30]
	at com.mysql.cj.protocol.a.NativeSocketConnection.connect(NativeSocketConnection.java:89) ~[mysql-connector-java-8.0.30.jar:8.0.30]
	at com.mysql.cj.NativeSession.connect(NativeSession.java:120) ~[mysql-connector-java-8.0.30.jar:8.0.30]
	at com.mysql.cj.jdbc.ConnectionImpl.connectOneTryOnly(ConnectionImpl.java:948) ~[mysql-connector-java-8.0.30.jar:8.0.30]
	at com.mysql.cj.jdbc.ConnectionImpl.createNewIO(ConnectionImpl.java:818) ~[mysql-connector-java-8.0.30.jar:8.0.30]
	... 11 more
Caused by: java.net.UnknownHostException: db
	at java.net.InetAddress$CachedAddresses.get(InetAddress.java:801) ~[?:?]
	at java.net.InetAddress.getAllByName0(InetAddress.java:1509) ~[?:?]
	at java.net.InetAddress.getAllByName(InetAddress.java:1367) ~[?:?]
	at java.net.InetAddress.getAllByName(InetAddress.java:1301) ~[?:?]
	at com.mysql.cj.protocol.StandardSocketFactory.connect(StandardSocketFactory.java:130) ~[mysql-connector-java-8.0.30.jar:8.0.30]
	at com.mysql.cj.protocol.a.NativeSocketConnection.connect(NativeSocketConnection.java:63) ~[mysql-connector-java-8.0.30.jar:8.0.30]
	at com.mysql.cj.NativeSession.connect(NativeSession.java:120) ~[mysql-connector-java-8.0.30.jar:8.0.30]
	at com.mysql.cj.jdbc.ConnectionImpl.connectOneTryOnly(ConnectionImpl.java:948) ~[mysql-connector-java-8.0.30.jar:8.0.30]
	at com.mysql.cj.jdbc.ConnectionImpl.createNewIO(ConnectionImpl.java:818) ~[mysql-connector-java-8.0.30.jar:8.0.30]
	... 11 more
2026-08-12 17:17:29 DEBUG BasicResourcePool:1831 - An exception occurred while acquiring a poolable resource. Will retry.
com.mysql.cj.jdbc.exceptions.CommunicationsException: Communications link failure

The last packet sent successfully to the server was 0 milliseconds ago. The driver has not received any packets from the server.
	at com.mysql.cj.jdbc.exceptions.SQLError.createCommunicationsException(SQLError.java:174) ~[mysql-connector-java-8.0.30.jar:8.0.30]
	at com.mysql.cj.jdbc.exceptions.SQLExceptionsMapping.translateException(SQLExceptionsMapping.java:64) ~[mysql-connector-java-8.0.30.jar:8.0.30]
	at com.mysql.cj.jdbc.ConnectionImpl.createNewIO(ConnectionImpl.java:828) ~[mysql-connector-java-8.0.30.jar:8.0.30]
	at com.mysql.cj.jdbc.ConnectionImpl.<init>(ConnectionImpl.java:448) ~[mysql-connector-java-8.0.30.jar:8.0.30]
	at com.mysql.cj.jdbc.ConnectionImpl.getInstance(ConnectionImpl.java:241) ~[mysql-connector-java-8.0.30.jar:8.0.30]
	at com.mysql.cj.jdbc.NonRegisteringDriver.connect(NonRegisteringDriver.java:198) ~[mysql-connector-java-8.0.30.jar:8.0.30]
	at com.mchange.v2.c3p0.DriverManagerDataSource.getConnection(DriverManagerDataSource.java:134) ~[c3p0-0.9.1.2.jar:0.9.1.2]
	at com.mchange.v2.c3p0.WrapperConnectionPoolDataSource.getPooledConnection(WrapperConnectionPoolDataSource.java:182) ~[c3p0-0.9.1.2.jar:0.9.1.2]
	at com.mchange.v2.c3p0.WrapperConnectionPoolDataSource.getPooledConnection(WrapperConnectionPoolDataSource.java:171) ~[c3p0-0.9.1.2.jar:0.9.1.2]
	at com.mchange.v2.c3p0.impl.C3P0PooledConnectionPool$1PooledConnectionResourcePoolManager.acquireResource(C3P0PooledConnectionPool.java:137) ~[c3p0-0.9.1.2.jar:0.9.1.2]
	at com.mchange.v2.resourcepool.BasicResourcePool.doAcquire(BasicResourcePool.java:1014) ~[c3p0-0.9.1.2.jar:0.9.1.2]
	at com.mchange.v2.resourcepool.BasicResourcePool.access$800(BasicResourcePool.java:32) ~[c3p0-0.9.1.2.jar:0.9.1.2]
	at com.mchange.v2.resourcepool.BasicResourcePool$AcquireTask.run(BasicResourcePool.java:1810) [c3p0-0.9.1.2.jar:0.9.1.2]
	at com.mchange.v2.async.ThreadPoolAsynchronousRunner$PoolThread.run(ThreadPoolAsynchronousRunner.java:547) [c3p0-0.9.1.2.jar:0.9.1.2]
Caused by: com.mysql.cj.exceptions.CJCommunicationsException: Communications link failure

The last packet sent successfully to the server was 0 milliseconds ago. The driver has not received any packets from the server.
	at jdk.internal.reflect.GeneratedConstructorAccessor21.newInstance(Unknown Source) ~[?:?]
	at jdk.internal.reflect.DelegatingConstructorAccessorImpl.newInstance(DelegatingConstructorAccessorImpl.java:45) ~[?:?]
	at java.lang.reflect.Constructor.newInstanceWithCaller(Constructor.java:499) ~[?:?]
	at java.lang.reflect.Constructor.newInstance(Constructor.java:480) ~[?:?]
	at com.mysql.cj.exceptions.ExceptionFactory.createException(ExceptionFactory.java:61) ~[mysql-connector-java-8.0.30.jar:8.0.30]
	at com.mysql.cj.exceptions.ExceptionFactory.createException(ExceptionFactory.java:105) ~[mysql-connector-java-8.0.30.jar:8.0.30]
	at com.mysql.cj.exceptions.ExceptionFactory.createException(ExceptionFactory.java:151) ~[mysql-connector-java-8.0.30.jar:8.0.30]
	at com.mysql.cj.exceptions.ExceptionFactory.createCommunicationsException(ExceptionFactory.java:167) ~[mysql-connector-java-8.0.30.jar:8.0.30]
	at com.mysql.cj.protocol.a.NativeSocketConnection.connect(NativeSocketConnection.java:89) ~[mysql-connector-java-8.0.30.jar:8.0.30]
	at com.mysql.cj.NativeSession.connect(NativeSession.java:120) ~[mysql-connector-java-8.0.30.jar:8.0.30]
	at com.mysql.cj.jdbc.ConnectionImpl.connectOneTryOnly(ConnectionImpl.java:948) ~[mysql-connector-java-8.0.30.jar:8.0.30]
	at com.mysql.cj.jdbc.ConnectionImpl.createNewIO(ConnectionImpl.java:818) ~[mysql-connector-java-8.0.30.jar:8.0.30]
	... 11 more
Caused by: java.net.UnknownHostException: db
	at java.net.InetAddress$CachedAddresses.get(InetAddress.java:801) ~[?:?]
	at java.net.InetAddress.getAllByName0(InetAddress.java:1509) ~[?:?]
	at java.net.InetAddress.getAllByName(InetAddress.java:1367) ~[?:?]
	at java.net.InetAddress.getAllByName(InetAddress.java:1301) ~[?:?]
	at com.mysql.cj.protocol.StandardSocketFactory.connect(StandardSocketFactory.java:130) ~[mysql-connector-java-8.0.30.jar:8.0.30]
	at com.mysql.cj.protocol.a.NativeSocketConnection.connect(NativeSocketConnection.java:63) ~[mysql-connector-java-8.0.30.jar:8.0.30]
	at com.mysql.cj.NativeSession.connect(NativeSession.java:120) ~[mysql-connector-java-8.0.30.jar:8.0.30]
	at com.mysql.cj.jdbc.ConnectionImpl.connectOneTryOnly(ConnectionImpl.java:948) ~[mysql-connector-java-8.0.30.jar:8.0.30]
	at com.mysql.cj.jdbc.ConnectionImpl.createNewIO(ConnectionImpl.java:818) ~[mysql-connector-java-8.0.30.jar:8.0.30]
	... 11 more
2026-08-12 17:17:29 DEBUG BasicResourcePool:1831 - An exception occurred while acquiring a poolable resource. Will retry.
com.mysql.cj.jdbc.exceptions.CommunicationsException: Communications link failure

The last packet sent successfully to the server was 0 milliseconds ago. The driver has not received any packets from the server.
	at com.mysql.cj.jdbc.exceptions.SQLError.createCommunicationsException(SQLError.java:174) ~[mysql-connector-java-8.0.30.jar:8.0.30]
	at com.mysql.cj.jdbc.exceptions.SQLExceptionsMapping.translateException(SQLExceptionsMapping.java:64) ~[mysql-connector-java-8.0.30.jar:8.0.30]
	at com.mysql.cj.jdbc.ConnectionImpl.createNewIO(ConnectionImpl.java:828) ~[mysql-connector-java-8.0.30.jar:8.0.30]
	at com.mysql.cj.jdbc.ConnectionImpl.<init>(ConnectionImpl.java:448) ~[mysql-connector-java-8.0.30.jar:8.0.30]
	at com.mysql.cj.jdbc.ConnectionImpl.getInstance(ConnectionImpl.java:241) ~[mysql-connector-java-8.0.30.jar:8.0.30]
	at com.mysql.cj.jdbc.NonRegisteringDriver.connect(NonRegisteringDriver.java:198) ~[mysql-connector-java-8.0.30.jar:8.0.30]
	at com.mchange.v2.c3p0.DriverManagerDataSource.getConnection(DriverManagerDataSource.java:134) ~[c3p0-0.9.1.2.jar:0.9.1.2]
	at com.mchange.v2.c3p0.WrapperConnectionPoolDataSource.getPooledConnection(WrapperConnectionPoolDataSource.java:182) ~[c3p0-0.9.1.2.jar:0.9.1.2]
	at com.mchange.v2.c3p0.WrapperConnectionPoolDataSource.getPooledConnection(WrapperConnectionPoolDataSource.java:171) ~[c3p0-0.9.1.2.jar:0.9.1.2]
	at com.mchange.v2.c3p0.impl.C3P0PooledConnectionPool$1PooledConnectionResourcePoolManager.acquireResource(C3P0PooledConnectionPool.java:137) ~[c3p0-0.9.1.2.jar:0.9.1.2]
	at com.mchange.v2.resourcepool.BasicResourcePool.doAcquire(BasicResourcePool.java:1014) ~[c3p0-0.9.1.2.jar:0.9.1.2]
	at com.mchange.v2.resourcepool.BasicResourcePool.access$800(BasicResourcePool.java:32) ~[c3p0-0.9.1.2.jar:0.9.1.2]
	at com.mchange.v2.resourcepool.BasicResourcePool$AcquireTask.run(BasicResourcePool.java:1810) [c3p0-0.9.1.2.jar:0.9.1.2]
	at com.mchange.v2.async.ThreadPoolAsynchronousRunner$PoolThread.run(ThreadPoolAsynchronousRunner.java:547) [c3p0-0.9.1.2.jar:0.9.1.2]
Caused by: com.mysql.cj.exceptions.CJCommunicationsException: Communications link failure

The last packet sent successfully to the server was 0 milliseconds ago. The driver has not received any packets from the server.
	at jdk.internal.reflect.GeneratedConstructorAccessor21.newInstance(Unknown Source) ~[?:?]
	at jdk.internal.reflect.DelegatingConstructorAccessorImpl.newInstance(DelegatingConstructorAccessorImpl.java:45) ~[?:?]
	at java.lang.reflect.Constructor.newInstanceWithCaller(Constructor.java:499) ~[?:?]
	at java.lang.reflect.Constructor.newInstance(Constructor.java:480) ~[?:?]
	at com.mysql.cj.exceptions.ExceptionFactory.createException(ExceptionFactory.java:61) ~[mysql-connector-java-8.0.30.jar:8.0.30]
	at com.mysql.cj.exceptions.ExceptionFactory.createException(ExceptionFactory.java:105) ~[mysql-connector-java-8.0.30.jar:8.0.30]
	at com.mysql.cj.exceptions.ExceptionFactory.createException(ExceptionFactory.java:151) ~[mysql-connector-java-8.0.30.jar:8.0.30]
	at com.mysql.cj.exceptions.ExceptionFactory.createCommunicationsException(ExceptionFactory.java:167) ~[mysql-connector-java-8.0.30.jar:8.0.30]
	at com.mysql.cj.protocol.a.NativeSocketConnection.connect(NativeSocketConnection.java:89) ~[mysql-connector-java-8.0.30.jar:8.0.30]
	at com.mysql.cj.NativeSession.connect(NativeSession.java:120) ~[mysql-connector-java-8.0.30.jar:8.0.30]
	at com.mysql.cj.jdbc.ConnectionImpl.connectOneTryOnly(ConnectionImpl.java:948) ~[mysql-connector-java-8.0.30.jar:8.0.30]
	at com.mysql.cj.jdbc.ConnectionImpl.createNewIO(ConnectionImpl.java:818) ~[mysql-connector-java-8.0.30.jar:8.0.30]
	... 11 more
Caused by: java.net.UnknownHostException: db
	at java.net.InetAddress$CachedAddresses.get(InetAddress.java:801) ~[?:?]
	at java.net.InetAddress.getAllByName0(InetAddress.java:1509) ~[?:?]
	at java.net.InetAddress.getAllByName(InetAddress.java:1367) ~[?:?]
	at java.net.InetAddress.getAllByName(InetAddress.java:1301) ~[?:?]
	at com.mysql.cj.protocol.StandardSocketFactory.connect(StandardSocketFactory.java:130) ~[mysql-connector-java-8.0.30.jar:8.0.30]
	at com.mysql.cj.protocol.a.NativeSocketConnection.connect(NativeSocketConnection.java:63) ~[mysql-connector-java-8.0.30.jar:8.0.30]
	at com.mysql.cj.NativeSession.connect(NativeSession.java:120) ~[mysql-connector-java-8.0.30.jar:8.0.30]
	at com.mysql.cj.jdbc.ConnectionImpl.connectOneTryOnly(ConnectionImpl.java:948) ~[mysql-connector-java-8.0.30.jar:8.0.30]
	at com.mysql.cj.jdbc.ConnectionImpl.createNewIO(ConnectionImpl.java:818) ~[mysql-connector-java-8.0.30.jar:8.0.30]
	... 11 more
2026-08-12 17:17:30 DEBUG BasicResourcePool:1935 - Checking for expired resources - Wed Aug 12 17:17:30 IST 2026 [com.mchange.v2.resourcepool.BasicResourcePool@208f1c20]
2026-08-12 17:17:30 DEBUG BasicResourcePool:1447 - BEGIN check for expired resources.  [com.mchange.v2.resourcepool.BasicResourcePool@208f1c20]
2026-08-12 17:17:30 DEBUG BasicResourcePool:1468 - FINISHED check for expired resources.  [com.mchange.v2.resourcepool.BasicResourcePool@208f1c20]
2026-08-12 17:17:30 DEBUG BasicResourcePool:1831 - An exception occurred while acquiring a poolable resource. Will retry.
com.mysql.cj.jdbc.exceptions.CommunicationsException: Communications link failure

The last packet sent successfully to the server was 0 milliseconds ago. The driver has not received any packets from the server.
	at com.mysql.cj.jdbc.exceptions.SQLError.createCommunicationsException(SQLError.java:174) ~[mysql-connector-java-8.0.30.jar:8.0.30]
	at com.mysql.cj.jdbc.exceptions.SQLExceptionsMapping.translateException(SQLExceptionsMapping.java:64) ~[mysql-connector-java-8.0.30.jar:8.0.30]
	at com.mysql.cj.jdbc.ConnectionImpl.createNewIO(ConnectionImpl.java:828) ~[mysql-connector-java-8.0.30.jar:8.0.30]
	at com.mysql.cj.jdbc.ConnectionImpl.<init>(ConnectionImpl.java:448) ~[mysql-connector-java-8.0.30.jar:8.0.30]
	at com.mysql.cj.jdbc.ConnectionImpl.getInstance(ConnectionImpl.java:241) ~[mysql-connector-java-8.0.30.jar:8.0.30]
	at com.mysql.cj.jdbc.NonRegisteringDriver.connect(NonRegisteringDriver.java:198) ~[mysql-connector-java-8.0.30.jar:8.0.30]
	at com.mchange.v2.c3p0.DriverManagerDataSource.getConnection(DriverManagerDataSource.java:134) ~[c3p0-0.9.1.2.jar:0.9.1.2]
	at com.mchange.v2.c3p0.WrapperConnectionPoolDataSource.getPooledConnection(WrapperConnectionPoolDataSource.java:182) ~[c3p0-0.9.1.2.jar:0.9.1.2]
	at com.mchange.v2.c3p0.WrapperConnectionPoolDataSource.getPooledConnection(WrapperConnectionPoolDataSource.java:171) ~[c3p0-0.9.1.2.jar:0.9.1.2]
	at com.mchange.v2.c3p0.impl.C3P0PooledConnectionPool$1PooledConnectionResourcePoolManager.acquireResource(C3P0PooledConnectionPool.java:137) ~[c3p0-0.9.1.2.jar:0.9.1.2]
	at com.mchange.v2.resourcepool.BasicResourcePool.doAcquire(BasicResourcePool.java:1014) ~[c3p0-0.9.1.2.jar:0.9.1.2]
	at com.mchange.v2.resourcepool.BasicResourcePool.access$800(BasicResourcePool.java:32) ~[c3p0-0.9.1.2.jar:0.9.1.2]
	at com.mchange.v2.resourcepool.BasicResourcePool$AcquireTask.run(BasicResourcePool.java:1810) [c3p0-0.9.1.2.jar:0.9.1.2]
	at com.mchange.v2.async.ThreadPoolAsynchronousRunner$PoolThread.run(ThreadPoolAsynchronousRunner.java:547) [c3p0-0.9.1.2.jar:0.9.1.2]
Caused by: com.mysql.cj.exceptions.CJCommunicationsException: Communications link failure

The last packet sent successfully to the server was 0 milliseconds ago. The driver has not received any packets from the server.
	at jdk.internal.reflect.GeneratedConstructorAccessor21.newInstance(Unknown Source) ~[?:?]
	at jdk.internal.reflect.DelegatingConstructorAccessorImpl.newInstance(DelegatingConstructorAccessorImpl.java:45) ~[?:?]
	at java.lang.reflect.Constructor.newInstanceWithCaller(Constructor.java:499) ~[?:?]
	at java.lang.reflect.Constructor.newInstance(Constructor.java:480) ~[?:?]
	at com.mysql.cj.exceptions.ExceptionFactory.createException(ExceptionFactory.java:61) ~[mysql-connector-java-8.0.30.jar:8.0.30]
	at com.mysql.cj.exceptions.ExceptionFactory.createException(ExceptionFactory.java:105) ~[mysql-connector-java-8.0.30.jar:8.0.30]
	at com.mysql.cj.exceptions.ExceptionFactory.createException(ExceptionFactory.java:151) ~[mysql-connector-java-8.0.30.jar:8.0.30]
	at com.mysql.cj.exceptions.ExceptionFactory.createCommunicationsException(ExceptionFactory.java:167) ~[mysql-connector-java-8.0.30.jar:8.0.30]
	at com.mysql.cj.protocol.a.NativeSocketConnection.connect(NativeSocketConnection.java:89) ~[mysql-connector-java-8.0.30.jar:8.0.30]
	at com.mysql.cj.NativeSession.connect(NativeSession.java:120) ~[mysql-connector-java-8.0.30.jar:8.0.30]
	at com.mysql.cj.jdbc.ConnectionImpl.connectOneTryOnly(ConnectionImpl.java:948) ~[mysql-connector-java-8.0.30.jar:8.0.30]
	at com.mysql.cj.jdbc.ConnectionImpl.createNewIO(ConnectionImpl.java:818) ~[mysql-connector-java-8.0.30.jar:8.0.30]
	... 11 more
Caused by: java.net.UnknownHostException: db
	at java.net.InetAddress$CachedAddresses.get(InetAddress.java:801) ~[?:?]
	at java.net.InetAddress.getAllByName0(InetAddress.java:1509) ~[?:?]
	at java.net.InetAddress.getAllByName(InetAddress.java:1367) ~[?:?]
	at java.net.InetAddress.getAllByName(InetAddress.java:1301) ~[?:?]
	at com.mysql.cj.protocol.StandardSocketFactory.connect(StandardSocketFactory.java:130) ~[mysql-connector-java-8.0.30.jar:8.0.30]
	at com.mysql.cj.protocol.a.NativeSocketConnection.connect(NativeSocketConnection.java:63) ~[mysql-connector-java-8.0.30.jar:8.0.30]
	at com.mysql.cj.NativeSession.connect(NativeSession.java:120) ~[mysql-connector-java-8.0.30.jar:8.0.30]
	at com.mysql.cj.jdbc.ConnectionImpl.connectOneTryOnly(ConnectionImpl.java:948) ~[mysql-connector-java-8.0.30.jar:8.0.30]
	at com.mysql.cj.jdbc.ConnectionImpl.createNewIO(ConnectionImpl.java:818) ~[mysql-connector-java-8.0.30.jar:8.0.30]
	... 11 more
2026-08-12 17:17:30 DEBUG BasicResourcePool:1831 - An exception occurred while acquiring a poolable resource. Will retry.
com.mysql.cj.jdbc.exceptions.CommunicationsException: Communications link failure

The last packet sent successfully to the server was 0 milliseconds ago. The driver has not received any packets from the server.
	at com.mysql.cj.jdbc.exceptions.SQLError.createCommunicationsException(SQLError.java:174) ~[mysql-connector-java-8.0.30.jar:8.0.30]
	at com.mysql.cj.jdbc.exceptions.SQLExceptionsMapping.translateException(SQLExceptionsMapping.java:64) ~[mysql-connector-java-8.0.30.jar:8.0.30]
	at com.mysql.cj.jdbc.ConnectionImpl.createNewIO(ConnectionImpl.java:828) ~[mysql-connector-java-8.0.30.jar:8.0.30]
	at com.mysql.cj.jdbc.ConnectionImpl.<init>(ConnectionImpl.java:448) ~[mysql-connector-java-8.0.30.jar:8.0.30]
	at com.mysql.cj.jdbc.ConnectionImpl.getInstance(ConnectionImpl.java:241) ~[mysql-connector-java-8.0.30.jar:8.0.30]
	at com.mysql.cj.jdbc.NonRegisteringDriver.connect(NonRegisteringDriver.java:198) ~[mysql-connector-java-8.0.30.jar:8.0.30]
	at com.mchange.v2.c3p0.DriverManagerDataSource.getConnection(DriverManagerDataSource.java:134) ~[c3p0-0.9.1.2.jar:0.9.1.2]
	at com.mchange.v2.c3p0.WrapperConnectionPoolDataSource.getPooledConnection(WrapperConnectionPoolDataSource.java:182) ~[c3p0-0.9.1.2.jar:0.9.1.2]
	at com.mchange.v2.c3p0.WrapperConnectionPoolDataSource.getPooledConnection(WrapperConnectionPoolDataSource.java:171) ~[c3p0-0.9.1.2.jar:0.9.1.2]
	at com.mchange.v2.c3p0.impl.C3P0PooledConnectionPool$1PooledConnectionResourcePoolManager.acquireResource(C3P0PooledConnectionPool.java:137) ~[c3p0-0.9.1.2.jar:0.9.1.2]
	at com.mchange.v2.resourcepool.BasicResourcePool.doAcquire(BasicResourcePool.java:1014) ~[c3p0-0.9.1.2.jar:0.9.1.2]
	at com.mchange.v2.resourcepool.BasicResourcePool.access$800(BasicResourcePool.java:32) ~[c3p0-0.9.1.2.jar:0.9.1.2]
	at com.mchange.v2.resourcepool.BasicResourcePool$AcquireTask.run(BasicResourcePool.java:1810) [c3p0-0.9.1.2.jar:0.9.1.2]
	at com.mchange.v2.async.ThreadPoolAsynchronousRunner$PoolThread.run(ThreadPoolAsynchronousRunner.java:547) [c3p0-0.9.1.2.jar:0.9.1.2]
Caused by: com.mysql.cj.exceptions.CJCommunicationsException: Communications link failure

The last packet sent successfully to the server was 0 milliseconds ago. The driver has not received any packets from the server.
	at jdk.internal.reflect.GeneratedConstructorAccessor21.newInstance(Unknown Source) ~[?:?]
	at jdk.internal.reflect.DelegatingConstructorAccessorImpl.newInstance(DelegatingConstructorAccessorImpl.java:45) ~[?:?]
	at java.lang.reflect.Constructor.newInstanceWithCaller(Constructor.java:499) ~[?:?]
	at java.lang.reflect.Constructor.newInstance(Constructor.java:480) ~[?:?]
	at com.mysql.cj.exceptions.ExceptionFactory.createException(ExceptionFactory.java:61) ~[mysql-connector-java-8.0.30.jar:8.0.30]
	at com.mysql.cj.exceptions.ExceptionFactory.createException(ExceptionFactory.java:105) ~[mysql-connector-java-8.0.30.jar:8.0.30]
	at com.mysql.cj.exceptions.ExceptionFactory.createException(ExceptionFactory.java:151) ~[mysql-connector-java-8.0.30.jar:8.0.30]
	at com.mysql.cj.exceptions.ExceptionFactory.createCommunicationsException(ExceptionFactory.java:167) ~[mysql-connector-java-8.0.30.jar:8.0.30]
	at com.mysql.cj.protocol.a.NativeSocketConnection.connect(NativeSocketConnection.java:89) ~[mysql-connector-java-8.0.30.jar:8.0.30]
	at com.mysql.cj.NativeSession.connect(NativeSession.java:120) ~[mysql-connector-java-8.0.30.jar:8.0.30]
	at com.mysql.cj.jdbc.ConnectionImpl.connectOneTryOnly(ConnectionImpl.java:948) ~[mysql-connector-java-8.0.30.jar:8.0.30]
	at com.mysql.cj.jdbc.ConnectionImpl.createNewIO(ConnectionImpl.java:818) ~[mysql-connector-java-8.0.30.jar:8.0.30]
	... 11 more
Caused by: java.net.UnknownHostException: db
	at java.net.InetAddress$CachedAddresses.get(InetAddress.java:801) ~[?:?]
	at java.net.InetAddress.getAllByName0(InetAddress.java:1509) ~[?:?]
	at java.net.InetAddress.getAllByName(InetAddress.java:1367) ~[?:?]
	at java.net.InetAddress.getAllByName(InetAddress.java:1301) ~[?:?]
	at com.mysql.cj.protocol.StandardSocketFactory.connect(StandardSocketFactory.java:130) ~[mysql-connector-java-8.0.30.jar:8.0.30]
	at com.mysql.cj.protocol.a.NativeSocketConnection.connect(NativeSocketConnection.java:63) ~[mysql-connector-java-8.0.30.jar:8.0.30]
	at com.mysql.cj.NativeSession.connect(NativeSession.java:120) ~[mysql-connector-java-8.0.30.jar:8.0.30]
	at com.mysql.cj.jdbc.ConnectionImpl.connectOneTryOnly(ConnectionImpl.java:948) ~[mysql-connector-java-8.0.30.jar:8.0.30]
	at com.mysql.cj.jdbc.ConnectionImpl.createNewIO(ConnectionImpl.java:818) ~[mysql-connector-java-8.0.30.jar:8.0.30]
	... 11 more
2026-08-12 17:17:31 DEBUG BasicResourcePool:1831 - An exception occurred while acquiring a poolable resource. Will retry.
com.mysql.cj.jdbc.exceptions.CommunicationsException: Communications link failure

The last packet sent successfully to the server was 0 milliseconds ago. The driver has not received any packets from the server.
	at com.mysql.cj.jdbc.exceptions.SQLError.createCommunicationsException(SQLError.java:174) ~[mysql-connector-java-8.0.30.jar:8.0.30]
	at com.mysql.cj.jdbc.exceptions.SQLExceptionsMapping.translateException(SQLExceptionsMapping.java:64) ~[mysql-connector-java-8.0.30.jar:8.0.30]
	at com.mysql.cj.jdbc.ConnectionImpl.createNewIO(ConnectionImpl.java:828) ~[mysql-connector-java-8.0.30.jar:8.0.30]
	at com.mysql.cj.jdbc.ConnectionImpl.<init>(ConnectionImpl.java:448) ~[mysql-connector-java-8.0.30.jar:8.0.30]
	at com.mysql.cj.jdbc.ConnectionImpl.getInstance(ConnectionImpl.java:241) ~[mysql-connector-java-8.0.30.jar:8.0.30]
	at com.mysql.cj.jdbc.NonRegisteringDriver.connect(NonRegisteringDriver.java:198) ~[mysql-connector-java-8.0.30.jar:8.0.30]
	at com.mchange.v2.c3p0.DriverManagerDataSource.getConnection(DriverManagerDataSource.java:134) ~[c3p0-0.9.1.2.jar:0.9.1.2]
	at com.mchange.v2.c3p0.WrapperConnectionPoolDataSource.getPooledConnection(WrapperConnectionPoolDataSource.java:182) ~[c3p0-0.9.1.2.jar:0.9.1.2]
	at com.mchange.v2.c3p0.WrapperConnectionPoolDataSource.getPooledConnection(WrapperConnectionPoolDataSource.java:171) ~[c3p0-0.9.1.2.jar:0.9.1.2]
	at com.mchange.v2.c3p0.impl.C3P0PooledConnectionPool$1PooledConnectionResourcePoolManager.acquireResource(C3P0PooledConnectionPool.java:137) ~[c3p0-0.9.1.2.jar:0.9.1.2]
	at com.mchange.v2.resourcepool.BasicResourcePool.doAcquire(BasicResourcePool.java:1014) ~[c3p0-0.9.1.2.jar:0.9.1.2]
	at com.mchange.v2.resourcepool.BasicResourcePool.access$800(BasicResourcePool.java:32) ~[c3p0-0.9.1.2.jar:0.9.1.2]
	at com.mchange.v2.resourcepool.BasicResourcePool$AcquireTask.run(BasicResourcePool.java:1810) [c3p0-0.9.1.2.jar:0.9.1.2]
	at com.mchange.v2.async.ThreadPoolAsynchronousRunner$PoolThread.run(ThreadPoolAsynchronousRunner.java:547) [c3p0-0.9.1.2.jar:0.9.1.2]
Caused by: com.mysql.cj.exceptions.CJCommunicationsException: Communications link failure

The last packet sent successfully to the server was 0 milliseconds ago. The driver has not received any packets from the server.
	at jdk.internal.reflect.GeneratedConstructorAccessor21.newInstance(Unknown Source) ~[?:?]
	at jdk.internal.reflect.DelegatingConstructorAccessorImpl.newInstance(DelegatingConstructorAccessorImpl.java:45) ~[?:?]
	at java.lang.reflect.Constructor.newInstanceWithCaller(Constructor.java:499) ~[?:?]
	at java.lang.reflect.Constructor.newInstance(Constructor.java:480) ~[?:?]
	at com.mysql.cj.exceptions.ExceptionFactory.createException(ExceptionFactory.java:61) ~[mysql-connector-java-8.0.30.jar:8.0.30]
	at com.mysql.cj.exceptions.ExceptionFactory.createException(ExceptionFactory.java:105) ~[mysql-connector-java-8.0.30.jar:8.0.30]
	at com.mysql.cj.exceptions.ExceptionFactory.createException(ExceptionFactory.java:151) ~[mysql-connector-java-8.0.30.jar:8.0.30]
	at com.mysql.cj.exceptions.ExceptionFactory.createCommunicationsException(ExceptionFactory.java:167) ~[mysql-connector-java-8.0.30.jar:8.0.30]
	at com.mysql.cj.protocol.a.NativeSocketConnection.connect(NativeSocketConnection.java:89) ~[mysql-connector-java-8.0.30.jar:8.0.30]
	at com.mysql.cj.NativeSession.connect(NativeSession.java:120) ~[mysql-connector-java-8.0.30.jar:8.0.30]
	at com.mysql.cj.jdbc.ConnectionImpl.connectOneTryOnly(ConnectionImpl.java:948) ~[mysql-connector-java-8.0.30.jar:8.0.30]
	at com.mysql.cj.jdbc.ConnectionImpl.createNewIO(ConnectionImpl.java:818) ~[mysql-connector-java-8.0.30.jar:8.0.30]
	... 11 more
Caused by: java.net.UnknownHostException: db
	at java.net.InetAddress$CachedAddresses.get(InetAddress.java:801) ~[?:?]
	at java.net.InetAddress.getAllByName0(InetAddress.java:1509) ~[?:?]
	at java.net.InetAddress.getAllByName(InetAddress.java:1367) ~[?:?]
	at java.net.InetAddress.getAllByName(InetAddress.java:1301) ~[?:?]
	at com.mysql.cj.protocol.StandardSocketFactory.connect(StandardSocketFactory.java:130) ~[mysql-connector-java-8.0.30.jar:8.0.30]
	at com.mysql.cj.protocol.a.NativeSocketConnection.connect(NativeSocketConnection.java:63) ~[mysql-connector-java-8.0.30.jar:8.0.30]
	at com.mysql.cj.NativeSession.connect(NativeSession.java:120) ~[mysql-connector-java-8.0.30.jar:8.0.30]
	at com.mysql.cj.jdbc.ConnectionImpl.connectOneTryOnly(ConnectionImpl.java:948) ~[mysql-connector-java-8.0.30.jar:8.0.30]
	at com.mysql.cj.jdbc.ConnectionImpl.createNewIO(ConnectionImpl.java:818) ~[mysql-connector-java-8.0.30.jar:8.0.30]
	... 11 more
2026-08-12 17:17:31 DEBUG BasicResourcePool:1831 - An exception occurred while acquiring a poolable resource. Will retry.
com.mysql.cj.jdbc.exceptions.CommunicationsException: Communications link failure

The last packet sent successfully to the server was 0 milliseconds ago. The driver has not received any packets from the server.
	at com.mysql.cj.jdbc.exceptions.SQLError.createCommunicationsException(SQLError.java:174) ~[mysql-connector-java-8.0.30.jar:8.0.30]
	at com.mysql.cj.jdbc.exceptions.SQLExceptionsMapping.translateException(SQLExceptionsMapping.java:64) ~[mysql-connector-java-8.0.30.jar:8.0.30]
	at com.mysql.cj.jdbc.ConnectionImpl.createNewIO(ConnectionImpl.java:828) ~[mysql-connector-java-8.0.30.jar:8.0.30]
	at com.mysql.cj.jdbc.ConnectionImpl.<init>(ConnectionImpl.java:448) ~[mysql-connector-java-8.0.30.jar:8.0.30]
	at com.mysql.cj.jdbc.ConnectionImpl.getInstance(ConnectionImpl.java:241) ~[mysql-connector-java-8.0.30.jar:8.0.30]
	at com.mysql.cj.jdbc.NonRegisteringDriver.connect(NonRegisteringDriver.java:198) ~[mysql-connector-java-8.0.30.jar:8.0.30]
	at com.mchange.v2.c3p0.DriverManagerDataSource.getConnection(DriverManagerDataSource.java:134) ~[c3p0-0.9.1.2.jar:0.9.1.2]
	at com.mchange.v2.c3p0.WrapperConnectionPoolDataSource.getPooledConnection(WrapperConnectionPoolDataSource.java:182) ~[c3p0-0.9.1.2.jar:0.9.1.2]
	at com.mchange.v2.c3p0.WrapperConnectionPoolDataSource.getPooledConnection(WrapperConnectionPoolDataSource.java:171) ~[c3p0-0.9.1.2.jar:0.9.1.2]
	at com.mchange.v2.c3p0.impl.C3P0PooledConnectionPool$1PooledConnectionResourcePoolManager.acquireResource(C3P0PooledConnectionPool.java:137) ~[c3p0-0.9.1.2.jar:0.9.1.2]
	at com.mchange.v2.resourcepool.BasicResourcePool.doAcquire(BasicResourcePool.java:1014) ~[c3p0-0.9.1.2.jar:0.9.1.2]
	at com.mchange.v2.resourcepool.BasicResourcePool.access$800(BasicResourcePool.java:32) ~[c3p0-0.9.1.2.jar:0.9.1.2]
	at com.mchange.v2.resourcepool.BasicResourcePool$AcquireTask.run(BasicResourcePool.java:1810) [c3p0-0.9.1.2.jar:0.9.1.2]
	at com.mchange.v2.async.ThreadPoolAsynchronousRunner$PoolThread.run(ThreadPoolAsynchronousRunner.java:547) [c3p0-0.9.1.2.jar:0.9.1.2]
Caused by: com.mysql.cj.exceptions.CJCommunicationsException: Communications link failure

The last packet sent successfully to the server was 0 milliseconds ago. The driver has not received any packets from the server.
	at jdk.internal.reflect.GeneratedConstructorAccessor21.newInstance(Unknown Source) ~[?:?]
	at jdk.internal.reflect.DelegatingConstructorAccessorImpl.newInstance(DelegatingConstructorAccessorImpl.java:45) ~[?:?]
	at java.lang.reflect.Constructor.newInstanceWithCaller(Constructor.java:499) ~[?:?]
	at java.lang.reflect.Constructor.newInstance(Constructor.java:480) ~[?:?]
	at com.mysql.cj.exceptions.ExceptionFactory.createException(ExceptionFactory.java:61) ~[mysql-connector-java-8.0.30.jar:8.0.30]
	at com.mysql.cj.exceptions.ExceptionFactory.createException(ExceptionFactory.java:105) ~[mysql-connector-java-8.0.30.jar:8.0.30]
	at com.mysql.cj.exceptions.ExceptionFactory.createException(ExceptionFactory.java:151) ~[mysql-connector-java-8.0.30.jar:8.0.30]
	at com.mysql.cj.exceptions.ExceptionFactory.createCommunicationsException(ExceptionFactory.java:167) ~[mysql-connector-java-8.0.30.jar:8.0.30]
	at com.mysql.cj.protocol.a.NativeSocketConnection.connect(NativeSocketConnection.java:89) ~[mysql-connector-java-8.0.30.jar:8.0.30]
	at com.mysql.cj.NativeSession.connect(NativeSession.java:120) ~[mysql-connector-java-8.0.30.jar:8.0.30]
	at com.mysql.cj.jdbc.ConnectionImpl.connectOneTryOnly(ConnectionImpl.java:948) ~[mysql-connector-java-8.0.30.jar:8.0.30]
	at com.mysql.cj.jdbc.ConnectionImpl.createNewIO(ConnectionImpl.java:818) ~[mysql-connector-java-8.0.30.jar:8.0.30]
	... 11 more
Caused by: java.net.UnknownHostException: db
	at java.net.InetAddress$CachedAddresses.get(InetAddress.java:801) ~[?:?]
	at java.net.InetAddress.getAllByName0(InetAddress.java:1509) ~[?:?]
	at java.net.InetAddress.getAllByName(InetAddress.java:1367) ~[?:?]
	at java.net.InetAddress.getAllByName(InetAddress.java:1301) ~[?:?]
	at com.mysql.cj.protocol.StandardSocketFactory.connect(StandardSocketFactory.java:130) ~[mysql-connector-java-8.0.30.jar:8.0.30]
	at com.mysql.cj.protocol.a.NativeSocketConnection.connect(NativeSocketConnection.java:63) ~[mysql-connector-java-8.0.30.jar:8.0.30]
	at com.mysql.cj.NativeSession.connect(NativeSession.java:120) ~[mysql-connector-java-8.0.30.jar:8.0.30]
	at com.mysql.cj.jdbc.ConnectionImpl.connectOneTryOnly(ConnectionImpl.java:948) ~[mysql-connector-java-8.0.30.jar:8.0.30]
	at com.mysql.cj.jdbc.ConnectionImpl.createNewIO(ConnectionImpl.java:818) ~[mysql-connector-java-8.0.30.jar:8.0.30]
	... 11 more
2026-08-12 17:17:32 DEBUG BasicResourcePool:1831 - An exception occurred while acquiring a poolable resource. Will retry.
com.mysql.cj.jdbc.exceptions.CommunicationsException: Communications link failure

The last packet sent successfully to the server was 0 milliseconds ago. The driver has not received any packets from the server.
	at com.mysql.cj.jdbc.exceptions.SQLError.createCommunicationsException(SQLError.java:174) ~[mysql-connector-java-8.0.30.jar:8.0.30]
	at com.mysql.cj.jdbc.exceptions.SQLExceptionsMapping.translateException(SQLExceptionsMapping.java:64) ~[mysql-connector-java-8.0.30.jar:8.0.30]
	at com.mysql.cj.jdbc.ConnectionImpl.createNewIO(ConnectionImpl.java:828) ~[mysql-connector-java-8.0.30.jar:8.0.30]
	at com.mysql.cj.jdbc.ConnectionImpl.<init>(ConnectionImpl.java:448) ~[mysql-connector-java-8.0.30.jar:8.0.30]
	at com.mysql.cj.jdbc.ConnectionImpl.getInstance(ConnectionImpl.java:241) ~[mysql-connector-java-8.0.30.jar:8.0.30]
	at com.mysql.cj.jdbc.NonRegisteringDriver.connect(NonRegisteringDriver.java:198) ~[mysql-connector-java-8.0.30.jar:8.0.30]
	at com.mchange.v2.c3p0.DriverManagerDataSource.getConnection(DriverManagerDataSource.java:134) ~[c3p0-0.9.1.2.jar:0.9.1.2]
	at com.mchange.v2.c3p0.WrapperConnectionPoolDataSource.getPooledConnection(WrapperConnectionPoolDataSource.java:182) ~[c3p0-0.9.1.2.jar:0.9.1.2]
	at com.mchange.v2.c3p0.WrapperConnectionPoolDataSource.getPooledConnection(WrapperConnectionPoolDataSource.java:171) ~[c3p0-0.9.1.2.jar:0.9.1.2]
	at com.mchange.v2.c3p0.impl.C3P0PooledConnectionPool$1PooledConnectionResourcePoolManager.acquireResource(C3P0PooledConnectionPool.java:137) ~[c3p0-0.9.1.2.jar:0.9.1.2]
	at com.mchange.v2.resourcepool.BasicResourcePool.doAcquire(BasicResourcePool.java:1014) ~[c3p0-0.9.1.2.jar:0.9.1.2]
	at com.mchange.v2.resourcepool.BasicResourcePool.access$800(BasicResourcePool.java:32) ~[c3p0-0.9.1.2.jar:0.9.1.2]
	at com.mchange.v2.resourcepool.BasicResourcePool$AcquireTask.run(BasicResourcePool.java:1810) [c3p0-0.9.1.2.jar:0.9.1.2]
	at com.mchange.v2.async.ThreadPoolAsynchronousRunner$PoolThread.run(ThreadPoolAsynchronousRunner.java:547) [c3p0-0.9.1.2.jar:0.9.1.2]
Caused by: com.mysql.cj.exceptions.CJCommunicationsException: Communications link failure

The last packet sent successfully to the server was 0 milliseconds ago. The driver has not received any packets from the server.
	at jdk.internal.reflect.GeneratedConstructorAccessor21.newInstance(Unknown Source) ~[?:?]
	at jdk.internal.reflect.DelegatingConstructorAccessorImpl.newInstance(DelegatingConstructorAccessorImpl.java:45) ~[?:?]
	at java.lang.reflect.Constructor.newInstanceWithCaller(Constructor.java:499) ~[?:?]
	at java.lang.reflect.Constructor.newInstance(Constructor.java:480) ~[?:?]
	at com.mysql.cj.exceptions.ExceptionFactory.createException(ExceptionFactory.java:61) ~[mysql-connector-java-8.0.30.jar:8.0.30]
	at com.mysql.cj.exceptions.ExceptionFactory.createException(ExceptionFactory.java:105) ~[mysql-connector-java-8.0.30.jar:8.0.30]
	at com.mysql.cj.exceptions.ExceptionFactory.createException(ExceptionFactory.java:151) ~[mysql-connector-java-8.0.30.jar:8.0.30]
	at com.mysql.cj.exceptions.ExceptionFactory.createCommunicationsException(ExceptionFactory.java:167) ~[mysql-connector-java-8.0.30.jar:8.0.30]
	at com.mysql.cj.protocol.a.NativeSocketConnection.connect(NativeSocketConnection.java:89) ~[mysql-connector-java-8.0.30.jar:8.0.30]
	at com.mysql.cj.NativeSession.connect(NativeSession.java:120) ~[mysql-connector-java-8.0.30.jar:8.0.30]
	at com.mysql.cj.jdbc.ConnectionImpl.connectOneTryOnly(ConnectionImpl.java:948) ~[mysql-connector-java-8.0.30.jar:8.0.30]
	at com.mysql.cj.jdbc.ConnectionImpl.createNewIO(ConnectionImpl.java:818) ~[mysql-connector-java-8.0.30.jar:8.0.30]
	... 11 more
Caused by: java.net.UnknownHostException: db
	at java.net.InetAddress$CachedAddresses.get(InetAddress.java:801) ~[?:?]
	at java.net.InetAddress.getAllByName0(InetAddress.java:1509) ~[?:?]
	at java.net.InetAddress.getAllByName(InetAddress.java:1367) ~[?:?]
	at java.net.InetAddress.getAllByName(InetAddress.java:1301) ~[?:?]
	at com.mysql.cj.protocol.StandardSocketFactory.connect(StandardSocketFactory.java:130) ~[mysql-connector-java-8.0.30.jar:8.0.30]
	at com.mysql.cj.protocol.a.NativeSocketConnection.connect(NativeSocketConnection.java:63) ~[mysql-connector-java-8.0.30.jar:8.0.30]
	at com.mysql.cj.NativeSession.connect(NativeSession.java:120) ~[mysql-connector-java-8.0.30.jar:8.0.30]
	at com.mysql.cj.jdbc.ConnectionImpl.connectOneTryOnly(ConnectionImpl.java:948) ~[mysql-connector-java-8.0.30.jar:8.0.30]
	at com.mysql.cj.jdbc.ConnectionImpl.createNewIO(ConnectionImpl.java:818) ~[mysql-connector-java-8.0.30.jar:8.0.30]
	... 11 more
2026-08-12 17:17:32 DEBUG BasicResourcePool:1831 - An exception occurred while acquiring a poolable resource. Will retry.
com.mysql.cj.jdbc.exceptions.CommunicationsException: Communications link failure

The last packet sent successfully to the server was 0 milliseconds ago. The driver has not received any packets from the server.
	at com.mysql.cj.jdbc.exceptions.SQLError.createCommunicationsException(SQLError.java:174) ~[mysql-connector-java-8.0.30.jar:8.0.30]
	at com.mysql.cj.jdbc.exceptions.SQLExceptionsMapping.translateException(SQLExceptionsMapping.java:64) ~[mysql-connector-java-8.0.30.jar:8.0.30]
	at com.mysql.cj.jdbc.ConnectionImpl.createNewIO(ConnectionImpl.java:828) ~[mysql-connector-java-8.0.30.jar:8.0.30]
	at com.mysql.cj.jdbc.ConnectionImpl.<init>(ConnectionImpl.java:448) ~[mysql-connector-java-8.0.30.jar:8.0.30]
	at com.mysql.cj.jdbc.ConnectionImpl.getInstance(ConnectionImpl.java:241) ~[mysql-connector-java-8.0.30.jar:8.0.30]
	at com.mysql.cj.jdbc.NonRegisteringDriver.connect(NonRegisteringDriver.java:198) ~[mysql-connector-java-8.0.30.jar:8.0.30]
	at com.mchange.v2.c3p0.DriverManagerDataSource.getConnection(DriverManagerDataSource.java:134) ~[c3p0-0.9.1.2.jar:0.9.1.2]
	at com.mchange.v2.c3p0.WrapperConnectionPoolDataSource.getPooledConnection(WrapperConnectionPoolDataSource.java:182) ~[c3p0-0.9.1.2.jar:0.9.1.2]
	at com.mchange.v2.c3p0.WrapperConnectionPoolDataSource.getPooledConnection(WrapperConnectionPoolDataSource.java:171) ~[c3p0-0.9.1.2.jar:0.9.1.2]
	at com.mchange.v2.c3p0.impl.C3P0PooledConnectionPool$1PooledConnectionResourcePoolManager.acquireResource(C3P0PooledConnectionPool.java:137) ~[c3p0-0.9.1.2.jar:0.9.1.2]
	at com.mchange.v2.resourcepool.BasicResourcePool.doAcquire(BasicResourcePool.java:1014) ~[c3p0-0.9.1.2.jar:0.9.1.2]
	at com.mchange.v2.resourcepool.BasicResourcePool.access$800(BasicResourcePool.java:32) ~[c3p0-0.9.1.2.jar:0.9.1.2]
	at com.mchange.v2.resourcepool.BasicResourcePool$AcquireTask.run(BasicResourcePool.java:1810) [c3p0-0.9.1.2.jar:0.9.1.2]
	at com.mchange.v2.async.ThreadPoolAsynchronousRunner$PoolThread.run(ThreadPoolAsynchronousRunner.java:547) [c3p0-0.9.1.2.jar:0.9.1.2]
Caused by: com.mysql.cj.exceptions.CJCommunicationsException: Communications link failure

The last packet sent successfully to the server was 0 milliseconds ago. The driver has not received any packets from the server.
	at jdk.internal.reflect.GeneratedConstructorAccessor21.newInstance(Unknown Source) ~[?:?]
	at jdk.internal.reflect.DelegatingConstructorAccessorImpl.newInstance(DelegatingConstructorAccessorImpl.java:45) ~[?:?]
	at java.lang.reflect.Constructor.newInstanceWithCaller(Constructor.java:499) ~[?:?]
	at java.lang.reflect.Constructor.newInstance(Constructor.java:480) ~[?:?]
	at com.mysql.cj.exceptions.ExceptionFactory.createException(ExceptionFactory.java:61) ~[mysql-connector-java-8.0.30.jar:8.0.30]
	at com.mysql.cj.exceptions.ExceptionFactory.createException(ExceptionFactory.java:105) ~[mysql-connector-java-8.0.30.jar:8.0.30]
	at com.mysql.cj.exceptions.ExceptionFactory.createException(ExceptionFactory.java:151) ~[mysql-connector-java-8.0.30.jar:8.0.30]
	at com.mysql.cj.exceptions.ExceptionFactory.createCommunicationsException(ExceptionFactory.java:167) ~[mysql-connector-java-8.0.30.jar:8.0.30]
	at com.mysql.cj.protocol.a.NativeSocketConnection.connect(NativeSocketConnection.java:89) ~[mysql-connector-java-8.0.30.jar:8.0.30]
	at com.mysql.cj.NativeSession.connect(NativeSession.java:120) ~[mysql-connector-java-8.0.30.jar:8.0.30]
	at com.mysql.cj.jdbc.ConnectionImpl.connectOneTryOnly(ConnectionImpl.java:948) ~[mysql-connector-java-8.0.30.jar:8.0.30]
	at com.mysql.cj.jdbc.ConnectionImpl.createNewIO(ConnectionImpl.java:818) ~[mysql-connector-java-8.0.30.jar:8.0.30]
	... 11 more
Caused by: java.net.UnknownHostException: db
	at java.net.InetAddress$CachedAddresses.get(InetAddress.java:801) ~[?:?]
	at java.net.InetAddress.getAllByName0(InetAddress.java:1509) ~[?:?]
	at java.net.InetAddress.getAllByName(InetAddress.java:1367) ~[?:?]
	at java.net.InetAddress.getAllByName(InetAddress.java:1301) ~[?:?]
	at com.mysql.cj.protocol.StandardSocketFactory.connect(StandardSocketFactory.java:130) ~[mysql-connector-java-8.0.30.jar:8.0.30]
	at com.mysql.cj.protocol.a.NativeSocketConnection.connect(NativeSocketConnection.java:63) ~[mysql-connector-java-8.0.30.jar:8.0.30]
	at com.mysql.cj.NativeSession.connect(NativeSession.java:120) ~[mysql-connector-java-8.0.30.jar:8.0.30]
	at com.mysql.cj.jdbc.ConnectionImpl.connectOneTryOnly(ConnectionImpl.java:948) ~[mysql-connector-java-8.0.30.jar:8.0.30]
	at com.mysql.cj.jdbc.ConnectionImpl.createNewIO(ConnectionImpl.java:818) ~[mysql-connector-java-8.0.30.jar:8.0.30]
	... 11 more
2026-08-12 17:17:33 DEBUG BasicResourcePool:1935 - Checking for expired resources - Wed Aug 12 17:17:33 IST 2026 [com.mchange.v2.resourcepool.BasicResourcePool@208f1c20]
2026-08-12 17:17:33 DEBUG BasicResourcePool:1447 - BEGIN check for expired resources.  [com.mchange.v2.resourcepool.BasicResourcePool@208f1c20]
2026-08-12 17:17:33 DEBUG BasicResourcePool:1468 - FINISHED check for expired resources.  [com.mchange.v2.resourcepool.BasicResourcePool@208f1c20]
2026-08-12 17:17:33 DEBUG BasicResourcePool:1831 - An exception occurred while acquiring a poolable resource. Will retry.
com.mysql.cj.jdbc.exceptions.CommunicationsException: Communications link failure

The last packet sent successfully to the server was 0 milliseconds ago. The driver has not received any packets from the server.
	at com.mysql.cj.jdbc.exceptions.SQLError.createCommunicationsException(SQLError.java:174) ~[mysql-connector-java-8.0.30.jar:8.0.30]
	at com.mysql.cj.jdbc.exceptions.SQLExceptionsMapping.translateException(SQLExceptionsMapping.java:64) ~[mysql-connector-java-8.0.30.jar:8.0.30]
	at com.mysql.cj.jdbc.ConnectionImpl.createNewIO(ConnectionImpl.java:828) ~[mysql-connector-java-8.0.30.jar:8.0.30]
	at com.mysql.cj.jdbc.ConnectionImpl.<init>(ConnectionImpl.java:448) ~[mysql-connector-java-8.0.30.jar:8.0.30]
	at com.mysql.cj.jdbc.ConnectionImpl.getInstance(ConnectionImpl.java:241) ~[mysql-connector-java-8.0.30.jar:8.0.30]
	at com.mysql.cj.jdbc.NonRegisteringDriver.connect(NonRegisteringDriver.java:198) ~[mysql-connector-java-8.0.30.jar:8.0.30]
	at com.mchange.v2.c3p0.DriverManagerDataSource.getConnection(DriverManagerDataSource.java:134) ~[c3p0-0.9.1.2.jar:0.9.1.2]
	at com.mchange.v2.c3p0.WrapperConnectionPoolDataSource.getPooledConnection(WrapperConnectionPoolDataSource.java:182) ~[c3p0-0.9.1.2.jar:0.9.1.2]
	at com.mchange.v2.c3p0.WrapperConnectionPoolDataSource.getPooledConnection(WrapperConnectionPoolDataSource.java:171) ~[c3p0-0.9.1.2.jar:0.9.1.2]
	at com.mchange.v2.c3p0.impl.C3P0PooledConnectionPool$1PooledConnectionResourcePoolManager.acquireResource(C3P0PooledConnectionPool.java:137) ~[c3p0-0.9.1.2.jar:0.9.1.2]
	at com.mchange.v2.resourcepool.BasicResourcePool.doAcquire(BasicResourcePool.java:1014) ~[c3p0-0.9.1.2.jar:0.9.1.2]
	at com.mchange.v2.resourcepool.BasicResourcePool.access$800(BasicResourcePool.java:32) ~[c3p0-0.9.1.2.jar:0.9.1.2]
	at com.mchange.v2.resourcepool.BasicResourcePool$AcquireTask.run(BasicResourcePool.java:1810) [c3p0-0.9.1.2.jar:0.9.1.2]
	at com.mchange.v2.async.ThreadPoolAsynchronousRunner$PoolThread.run(ThreadPoolAsynchronousRunner.java:547) [c3p0-0.9.1.2.jar:0.9.1.2]
Caused by: com.mysql.cj.exceptions.CJCommunicationsException: Communications link failure

The last packet sent successfully to the server was 0 milliseconds ago. The driver has not received any packets from the server.
	at jdk.internal.reflect.GeneratedConstructorAccessor21.newInstance(Unknown Source) ~[?:?]
	at jdk.internal.reflect.DelegatingConstructorAccessorImpl.newInstance(DelegatingConstructorAccessorImpl.java:45) ~[?:?]
	at java.lang.reflect.Constructor.newInstanceWithCaller(Constructor.java:499) ~[?:?]
	at java.lang.reflect.Constructor.newInstance(Constructor.java:480) ~[?:?]
	at com.mysql.cj.exceptions.ExceptionFactory.createException(ExceptionFactory.java:61) ~[mysql-connector-java-8.0.30.jar:8.0.30]
	at com.mysql.cj.exceptions.ExceptionFactory.createException(ExceptionFactory.java:105) ~[mysql-connector-java-8.0.30.jar:8.0.30]
	at com.mysql.cj.exceptions.ExceptionFactory.createException(ExceptionFactory.java:151) ~[mysql-connector-java-8.0.30.jar:8.0.30]
	at com.mysql.cj.exceptions.ExceptionFactory.createCommunicationsException(ExceptionFactory.java:167) ~[mysql-connector-java-8.0.30.jar:8.0.30]
	at com.mysql.cj.protocol.a.NativeSocketConnection.connect(NativeSocketConnection.java:89) ~[mysql-connector-java-8.0.30.jar:8.0.30]
	at com.mysql.cj.NativeSession.connect(NativeSession.java:120) ~[mysql-connector-java-8.0.30.jar:8.0.30]
	at com.mysql.cj.jdbc.ConnectionImpl.connectOneTryOnly(ConnectionImpl.java:948) ~[mysql-connector-java-8.0.30.jar:8.0.30]
	at com.mysql.cj.jdbc.ConnectionImpl.createNewIO(ConnectionImpl.java:818) ~[mysql-connector-java-8.0.30.jar:8.0.30]
	... 11 more
Caused by: java.net.UnknownHostException: db
	at java.net.InetAddress$CachedAddresses.get(InetAddress.java:801) ~[?:?]
	at java.net.InetAddress.getAllByName0(InetAddress.java:1509) ~[?:?]
	at java.net.InetAddress.getAllByName(InetAddress.java:1367) ~[?:?]
	at java.net.InetAddress.getAllByName(InetAddress.java:1301) ~[?:?]
	at com.mysql.cj.protocol.StandardSocketFactory.connect(StandardSocketFactory.java:130) ~[mysql-connector-java-8.0.30.jar:8.0.30]
	at com.mysql.cj.protocol.a.NativeSocketConnection.connect(NativeSocketConnection.java:63) ~[mysql-connector-java-8.0.30.jar:8.0.30]
	at com.mysql.cj.NativeSession.connect(NativeSession.java:120) ~[mysql-connector-java-8.0.30.jar:8.0.30]
	at com.mysql.cj.jdbc.ConnectionImpl.connectOneTryOnly(ConnectionImpl.java:948) ~[mysql-connector-java-8.0.30.jar:8.0.30]
	at com.mysql.cj.jdbc.ConnectionImpl.createNewIO(ConnectionImpl.java:818) ~[mysql-connector-java-8.0.30.jar:8.0.30]
	... 11 more
2026-08-12 17:17:33 DEBUG BasicResourcePool:1831 - An exception occurred while acquiring a poolable resource. Will retry.
com.mysql.cj.jdbc.exceptions.CommunicationsException: Communications link failure

The last packet sent successfully to the server was 0 milliseconds ago. The driver has not received any packets from the server.
	at com.mysql.cj.jdbc.exceptions.SQLError.createCommunicationsException(SQLError.java:174) ~[mysql-connector-java-8.0.30.jar:8.0.30]
	at com.mysql.cj.jdbc.exceptions.SQLExceptionsMapping.translateException(SQLExceptionsMapping.java:64) ~[mysql-connector-java-8.0.30.jar:8.0.30]
	at com.mysql.cj.jdbc.ConnectionImpl.createNewIO(ConnectionImpl.java:828) ~[mysql-connector-java-8.0.30.jar:8.0.30]
	at com.mysql.cj.jdbc.ConnectionImpl.<init>(ConnectionImpl.java:448) ~[mysql-connector-java-8.0.30.jar:8.0.30]
	at com.mysql.cj.jdbc.ConnectionImpl.getInstance(ConnectionImpl.java:241) ~[mysql-connector-java-8.0.30.jar:8.0.30]
	at com.mysql.cj.jdbc.NonRegisteringDriver.connect(NonRegisteringDriver.java:198) ~[mysql-connector-java-8.0.30.jar:8.0.30]
	at com.mchange.v2.c3p0.DriverManagerDataSource.getConnection(DriverManagerDataSource.java:134) ~[c3p0-0.9.1.2.jar:0.9.1.2]
	at com.mchange.v2.c3p0.WrapperConnectionPoolDataSource.getPooledConnection(WrapperConnectionPoolDataSource.java:182) ~[c3p0-0.9.1.2.jar:0.9.1.2]
	at com.mchange.v2.c3p0.WrapperConnectionPoolDataSource.getPooledConnection(WrapperConnectionPoolDataSource.java:171) ~[c3p0-0.9.1.2.jar:0.9.1.2]
	at com.mchange.v2.c3p0.impl.C3P0PooledConnectionPool$1PooledConnectionResourcePoolManager.acquireResource(C3P0PooledConnectionPool.java:137) ~[c3p0-0.9.1.2.jar:0.9.1.2]
	at com.mchange.v2.resourcepool.BasicResourcePool.doAcquire(BasicResourcePool.java:1014) ~[c3p0-0.9.1.2.jar:0.9.1.2]
	at com.mchange.v2.resourcepool.BasicResourcePool.access$800(BasicResourcePool.java:32) ~[c3p0-0.9.1.2.jar:0.9.1.2]
	at com.mchange.v2.resourcepool.BasicResourcePool$AcquireTask.run(BasicResourcePool.java:1810) [c3p0-0.9.1.2.jar:0.9.1.2]
	at com.mchange.v2.async.ThreadPoolAsynchronousRunner$PoolThread.run(ThreadPoolAsynchronousRunner.java:547) [c3p0-0.9.1.2.jar:0.9.1.2]
Caused by: com.mysql.cj.exceptions.CJCommunicationsException: Communications link failure

The last packet sent successfully to the server was 0 milliseconds ago. The driver has not received any packets from the server.
	at jdk.internal.reflect.GeneratedConstructorAccessor21.newInstance(Unknown Source) ~[?:?]
	at jdk.internal.reflect.DelegatingConstructorAccessorImpl.newInstance(DelegatingConstructorAccessorImpl.java:45) ~[?:?]
	at java.lang.reflect.Constructor.newInstanceWithCaller(Constructor.java:499) ~[?:?]
	at java.lang.reflect.Constructor.newInstance(Constructor.java:480) ~[?:?]
	at com.mysql.cj.exceptions.ExceptionFactory.createException(ExceptionFactory.java:61) ~[mysql-connector-java-8.0.30.jar:8.0.30]
	at com.mysql.cj.exceptions.ExceptionFactory.createException(ExceptionFactory.java:105) ~[mysql-connector-java-8.0.30.jar:8.0.30]
	at com.mysql.cj.exceptions.ExceptionFactory.createException(ExceptionFactory.java:151) ~[mysql-connector-java-8.0.30.jar:8.0.30]
	at com.mysql.cj.exceptions.ExceptionFactory.createCommunicationsException(ExceptionFactory.java:167) ~[mysql-connector-java-8.0.30.jar:8.0.30]
	at com.mysql.cj.protocol.a.NativeSocketConnection.connect(NativeSocketConnection.java:89) ~[mysql-connector-java-8.0.30.jar:8.0.30]
	at com.mysql.cj.NativeSession.connect(NativeSession.java:120) ~[mysql-connector-java-8.0.30.jar:8.0.30]
	at com.mysql.cj.jdbc.ConnectionImpl.connectOneTryOnly(ConnectionImpl.java:948) ~[mysql-connector-java-8.0.30.jar:8.0.30]
	at com.mysql.cj.jdbc.ConnectionImpl.createNewIO(ConnectionImpl.java:818) ~[mysql-connector-java-8.0.30.jar:8.0.30]
	... 11 more
Caused by: java.net.UnknownHostException: db
	at java.net.InetAddress$CachedAddresses.get(InetAddress.java:801) ~[?:?]
	at java.net.InetAddress.getAllByName0(InetAddress.java:1509) ~[?:?]
	at java.net.InetAddress.getAllByName(InetAddress.java:1367) ~[?:?]
	at java.net.InetAddress.getAllByName(InetAddress.java:1301) ~[?:?]
	at com.mysql.cj.protocol.StandardSocketFactory.connect(StandardSocketFactory.java:130) ~[mysql-connector-java-8.0.30.jar:8.0.30]
	at com.mysql.cj.protocol.a.NativeSocketConnection.connect(NativeSocketConnection.java:63) ~[mysql-connector-java-8.0.30.jar:8.0.30]
	at com.mysql.cj.NativeSession.connect(NativeSession.java:120) ~[mysql-connector-java-8.0.30.jar:8.0.30]
	at com.mysql.cj.jdbc.ConnectionImpl.connectOneTryOnly(ConnectionImpl.java:948) ~[mysql-connector-java-8.0.30.jar:8.0.30]
	at com.mysql.cj.jdbc.ConnectionImpl.createNewIO(ConnectionImpl.java:818) ~[mysql-connector-java-8.0.30.jar:8.0.30]
	... 11 more
2026-08-12 17:17:34 DEBUG BasicResourcePool:1831 - An exception occurred while acquiring a poolable resource. Will retry.
com.mysql.cj.jdbc.exceptions.CommunicationsException: Communications link failure

The last packet sent successfully to the server was 0 milliseconds ago. The driver has not received any packets from the server.
	at com.mysql.cj.jdbc.exceptions.SQLError.createCommunicationsException(SQLError.java:174) ~[mysql-connector-java-8.0.30.jar:8.0.30]
	at com.mysql.cj.jdbc.exceptions.SQLExceptionsMapping.translateException(SQLExceptionsMapping.java:64) ~[mysql-connector-java-8.0.30.jar:8.0.30]
	at com.mysql.cj.jdbc.ConnectionImpl.createNewIO(ConnectionImpl.java:828) ~[mysql-connector-java-8.0.30.jar:8.0.30]
	at com.mysql.cj.jdbc.ConnectionImpl.<init>(ConnectionImpl.java:448) ~[mysql-connector-java-8.0.30.jar:8.0.30]
	at com.mysql.cj.jdbc.ConnectionImpl.getInstance(ConnectionImpl.java:241) ~[mysql-connector-java-8.0.30.jar:8.0.30]
	at com.mysql.cj.jdbc.NonRegisteringDriver.connect(NonRegisteringDriver.java:198) ~[mysql-connector-java-8.0.30.jar:8.0.30]
	at com.mchange.v2.c3p0.DriverManagerDataSource.getConnection(DriverManagerDataSource.java:134) ~[c3p0-0.9.1.2.jar:0.9.1.2]
	at com.mchange.v2.c3p0.WrapperConnectionPoolDataSource.getPooledConnection(WrapperConnectionPoolDataSource.java:182) ~[c3p0-0.9.1.2.jar:0.9.1.2]
	at com.mchange.v2.c3p0.WrapperConnectionPoolDataSource.getPooledConnection(WrapperConnectionPoolDataSource.java:171) ~[c3p0-0.9.1.2.jar:0.9.1.2]
	at com.mchange.v2.c3p0.impl.C3P0PooledConnectionPool$1PooledConnectionResourcePoolManager.acquireResource(C3P0PooledConnectionPool.java:137) ~[c3p0-0.9.1.2.jar:0.9.1.2]
	at com.mchange.v2.resourcepool.BasicResourcePool.doAcquire(BasicResourcePool.java:1014) ~[c3p0-0.9.1.2.jar:0.9.1.2]
	at com.mchange.v2.resourcepool.BasicResourcePool.access$800(BasicResourcePool.java:32) ~[c3p0-0.9.1.2.jar:0.9.1.2]
	at com.mchange.v2.resourcepool.BasicResourcePool$AcquireTask.run(BasicResourcePool.java:1810) [c3p0-0.9.1.2.jar:0.9.1.2]
	at com.mchange.v2.async.ThreadPoolAsynchronousRunner$PoolThread.run(ThreadPoolAsynchronousRunner.java:547) [c3p0-0.9.1.2.jar:0.9.1.2]
Caused by: com.mysql.cj.exceptions.CJCommunicationsException: Communications link failure

The last packet sent successfully to the server was 0 milliseconds ago. The driver has not received any packets from the server.
	at jdk.internal.reflect.GeneratedConstructorAccessor21.newInstance(Unknown Source) ~[?:?]
	at jdk.internal.reflect.DelegatingConstructorAccessorImpl.newInstance(DelegatingConstructorAccessorImpl.java:45) ~[?:?]
	at java.lang.reflect.Constructor.newInstanceWithCaller(Constructor.java:499) ~[?:?]
	at java.lang.reflect.Constructor.newInstance(Constructor.java:480) ~[?:?]
	at com.mysql.cj.exceptions.ExceptionFactory.createException(ExceptionFactory.java:61) ~[mysql-connector-java-8.0.30.jar:8.0.30]
	at com.mysql.cj.exceptions.ExceptionFactory.createException(ExceptionFactory.java:105) ~[mysql-connector-java-8.0.30.jar:8.0.30]
	at com.mysql.cj.exceptions.ExceptionFactory.createException(ExceptionFactory.java:151) ~[mysql-connector-java-8.0.30.jar:8.0.30]
	at com.mysql.cj.exceptions.ExceptionFactory.createCommunicationsException(ExceptionFactory.java:167) ~[mysql-connector-java-8.0.30.jar:8.0.30]
	at com.mysql.cj.protocol.a.NativeSocketConnection.connect(NativeSocketConnection.java:89) ~[mysql-connector-java-8.0.30.jar:8.0.30]
	at com.mysql.cj.NativeSession.connect(NativeSession.java:120) ~[mysql-connector-java-8.0.30.jar:8.0.30]
	at com.mysql.cj.jdbc.ConnectionImpl.connectOneTryOnly(ConnectionImpl.java:948) ~[mysql-connector-java-8.0.30.jar:8.0.30]
	at com.mysql.cj.jdbc.ConnectionImpl.createNewIO(ConnectionImpl.java:818) ~[mysql-connector-java-8.0.30.jar:8.0.30]
	... 11 more
Caused by: java.net.UnknownHostException: db
	at java.net.InetAddress$CachedAddresses.get(InetAddress.java:801) ~[?:?]
	at java.net.InetAddress.getAllByName0(InetAddress.java:1509) ~[?:?]
	at java.net.InetAddress.getAllByName(InetAddress.java:1367) ~[?:?]
	at java.net.InetAddress.getAllByName(InetAddress.java:1301) ~[?:?]
	at com.mysql.cj.protocol.StandardSocketFactory.connect(StandardSocketFactory.java:130) ~[mysql-connector-java-8.0.30.jar:8.0.30]
	at com.mysql.cj.protocol.a.NativeSocketConnection.connect(NativeSocketConnection.java:63) ~[mysql-connector-java-8.0.30.jar:8.0.30]
	at com.mysql.cj.NativeSession.connect(NativeSession.java:120) ~[mysql-connector-java-8.0.30.jar:8.0.30]
	at com.mysql.cj.jdbc.ConnectionImpl.connectOneTryOnly(ConnectionImpl.java:948) ~[mysql-connector-java-8.0.30.jar:8.0.30]
	at com.mysql.cj.jdbc.ConnectionImpl.createNewIO(ConnectionImpl.java:818) ~[mysql-connector-java-8.0.30.jar:8.0.30]
	... 11 more
2026-08-12 17:17:35 DEBUG BasicResourcePool:1935 - Checking for expired resources - Wed Aug 12 17:17:35 IST 2026 [com.mchange.v2.resourcepool.BasicResourcePool@208f1c20]
2026-08-12 17:17:35 DEBUG BasicResourcePool:1447 - BEGIN check for expired resources.  [com.mchange.v2.resourcepool.BasicResourcePool@208f1c20]
2026-08-12 17:17:35 DEBUG BasicResourcePool:1468 - FINISHED check for expired resources.  [com.mchange.v2.resourcepool.BasicResourcePool@208f1c20]
2026-08-12 17:17:38 DEBUG BasicResourcePool:1935 - Checking for expired resources - Wed Aug 12 17:17:38 IST 2026 [com.mchange.v2.resourcepool.BasicResourcePool@208f1c20]
2026-08-12 17:17:38 DEBUG BasicResourcePool:1447 - BEGIN check for expired resources.  [com.mchange.v2.resourcepool.BasicResourcePool@208f1c20]
2026-08-12 17:17:38 DEBUG BasicResourcePool:1468 - FINISHED check for expired resources.  [com.mchange.v2.resourcepool.BasicResourcePool@208f1c20]
2026-08-12 17:17:40 DEBUG BasicResourcePool:1935 - Checking for expired resources - Wed Aug 12 17:17:40 IST 2026 [com.mchange.v2.resourcepool.BasicResourcePool@208f1c20]
2026-08-12 17:17:40 DEBUG BasicResourcePool:1447 - BEGIN check for expired resources.  [com.mchange.v2.resourcepool.BasicResourcePool@208f1c20]
2026-08-12 17:17:40 DEBUG BasicResourcePool:1468 - FINISHED check for expired resources.  [com.mchange.v2.resourcepool.BasicResourcePool@208f1c20]
2026-08-12 17:17:41 DEBUG BasicResourcePool:1831 - An exception occurred while acquiring a poolable resource. Will retry.
com.mysql.cj.jdbc.exceptions.CommunicationsException: Communications link failure

The last packet sent successfully to the server was 0 milliseconds ago. The driver has not received any packets from the server.
	at com.mysql.cj.jdbc.exceptions.SQLError.createCommunicationsException(SQLError.java:174) ~[mysql-connector-java-8.0.30.jar:8.0.30]
	at com.mysql.cj.jdbc.exceptions.SQLExceptionsMapping.translateException(SQLExceptionsMapping.java:64) ~[mysql-connector-java-8.0.30.jar:8.0.30]
	at com.mysql.cj.jdbc.ConnectionImpl.createNewIO(ConnectionImpl.java:828) ~[mysql-connector-java-8.0.30.jar:8.0.30]
	at com.mysql.cj.jdbc.ConnectionImpl.<init>(ConnectionImpl.java:448) ~[mysql-connector-java-8.0.30.jar:8.0.30]
	at com.mysql.cj.jdbc.ConnectionImpl.getInstance(ConnectionImpl.java:241) ~[mysql-connector-java-8.0.30.jar:8.0.30]
	at com.mysql.cj.jdbc.NonRegisteringDriver.connect(NonRegisteringDriver.java:198) ~[mysql-connector-java-8.0.30.jar:8.0.30]
	at com.mchange.v2.c3p0.DriverManagerDataSource.getConnection(DriverManagerDataSource.java:134) ~[c3p0-0.9.1.2.jar:0.9.1.2]
	at com.mchange.v2.c3p0.WrapperConnectionPoolDataSource.getPooledConnection(WrapperConnectionPoolDataSource.java:182) ~[c3p0-0.9.1.2.jar:0.9.1.2]
	at com.mchange.v2.c3p0.WrapperConnectionPoolDataSource.getPooledConnection(WrapperConnectionPoolDataSource.java:171) ~[c3p0-0.9.1.2.jar:0.9.1.2]
	at com.mchange.v2.c3p0.impl.C3P0PooledConnectionPool$1PooledConnectionResourcePoolManager.acquireResource(C3P0PooledConnectionPool.java:137) ~[c3p0-0.9.1.2.jar:0.9.1.2]
	at com.mchange.v2.resourcepool.BasicResourcePool.doAcquire(BasicResourcePool.java:1014) ~[c3p0-0.9.1.2.jar:0.9.1.2]
	at com.mchange.v2.resourcepool.BasicResourcePool.access$800(BasicResourcePool.java:32) ~[c3p0-0.9.1.2.jar:0.9.1.2]
	at com.mchange.v2.resourcepool.BasicResourcePool$AcquireTask.run(BasicResourcePool.java:1810) [c3p0-0.9.1.2.jar:0.9.1.2]
	at com.mchange.v2.async.ThreadPoolAsynchronousRunner$PoolThread.run(ThreadPoolAsynchronousRunner.java:547) [c3p0-0.9.1.2.jar:0.9.1.2]
Caused by: com.mysql.cj.exceptions.CJCommunicationsException: Communications link failure

The last packet sent successfully to the server was 0 milliseconds ago. The driver has not received any packets from the server.
	at jdk.internal.reflect.GeneratedConstructorAccessor21.newInstance(Unknown Source) ~[?:?]
	at jdk.internal.reflect.DelegatingConstructorAccessorImpl.newInstance(DelegatingConstructorAccessorImpl.java:45) ~[?:?]
	at java.lang.reflect.Constructor.newInstanceWithCaller(Constructor.java:499) ~[?:?]
	at java.lang.reflect.Constructor.newInstance(Constructor.java:480) ~[?:?]
	at com.mysql.cj.exceptions.ExceptionFactory.createException(ExceptionFactory.java:61) ~[mysql-connector-java-8.0.30.jar:8.0.30]
	at com.mysql.cj.exceptions.ExceptionFactory.createException(ExceptionFactory.java:105) ~[mysql-connector-java-8.0.30.jar:8.0.30]
	at com.mysql.cj.exceptions.ExceptionFactory.createException(ExceptionFactory.java:151) ~[mysql-connector-java-8.0.30.jar:8.0.30]
	at com.mysql.cj.exceptions.ExceptionFactory.createCommunicationsException(ExceptionFactory.java:167) ~[mysql-connector-java-8.0.30.jar:8.0.30]
	at com.mysql.cj.protocol.a.NativeSocketConnection.connect(NativeSocketConnection.java:89) ~[mysql-connector-java-8.0.30.jar:8.0.30]
	at com.mysql.cj.NativeSession.connect(NativeSession.java:120) ~[mysql-connector-java-8.0.30.jar:8.0.30]
	at com.mysql.cj.jdbc.ConnectionImpl.connectOneTryOnly(ConnectionImpl.java:948) ~[mysql-connector-java-8.0.30.jar:8.0.30]
	at com.mysql.cj.jdbc.ConnectionImpl.createNewIO(ConnectionImpl.java:818) ~[mysql-connector-java-8.0.30.jar:8.0.30]
	... 11 more
Caused by: java.net.UnknownHostException: No such host is known (db)
	at java.net.Inet6AddressImpl.lookupAllHostAddr(Native Method) ~[?:?]
	at java.net.InetAddress$PlatformNameService.lookupAllHostAddr(InetAddress.java:933) ~[?:?]
	at java.net.InetAddress.getAddressesFromNameService(InetAddress.java:1519) ~[?:?]
	at java.net.InetAddress$NameServiceAddresses.get(InetAddress.java:852) ~[?:?]
	at java.net.InetAddress.getAllByName0(InetAddress.java:1509) ~[?:?]
	at java.net.InetAddress.getAllByName(InetAddress.java:1367) ~[?:?]
	at java.net.InetAddress.getAllByName(InetAddress.java:1301) ~[?:?]
	at com.mysql.cj.protocol.StandardSocketFactory.connect(StandardSocketFactory.java:130) ~[mysql-connector-java-8.0.30.jar:8.0.30]
	at com.mysql.cj.protocol.a.NativeSocketConnection.connect(NativeSocketConnection.java:63) ~[mysql-connector-java-8.0.30.jar:8.0.30]
	at com.mysql.cj.NativeSession.connect(NativeSession.java:120) ~[mysql-connector-java-8.0.30.jar:8.0.30]
	at com.mysql.cj.jdbc.ConnectionImpl.connectOneTryOnly(ConnectionImpl.java:948) ~[mysql-connector-java-8.0.30.jar:8.0.30]
	at com.mysql.cj.jdbc.ConnectionImpl.createNewIO(ConnectionImpl.java:818) ~[mysql-connector-java-8.0.30.jar:8.0.30]
	... 11 more
2026-08-12 17:17:41 DEBUG BasicResourcePool:1831 - An exception occurred while acquiring a poolable resource. Will retry.
com.mysql.cj.jdbc.exceptions.CommunicationsException: Communications link failure

The last packet sent successfully to the server was 0 milliseconds ago. The driver has not received any packets from the server.
	at com.mysql.cj.jdbc.exceptions.SQLError.createCommunicationsException(SQLError.java:174) ~[mysql-connector-java-8.0.30.jar:8.0.30]
	at com.mysql.cj.jdbc.exceptions.SQLExceptionsMapping.translateException(SQLExceptionsMapping.java:64) ~[mysql-connector-java-8.0.30.jar:8.0.30]
	at com.mysql.cj.jdbc.ConnectionImpl.createNewIO(ConnectionImpl.java:828) ~[mysql-connector-java-8.0.30.jar:8.0.30]
	at com.mysql.cj.jdbc.ConnectionImpl.<init>(ConnectionImpl.java:448) ~[mysql-connector-java-8.0.30.jar:8.0.30]
	at com.mysql.cj.jdbc.ConnectionImpl.getInstance(ConnectionImpl.java:241) ~[mysql-connector-java-8.0.30.jar:8.0.30]
	at com.mysql.cj.jdbc.NonRegisteringDriver.connect(NonRegisteringDriver.java:198) ~[mysql-connector-java-8.0.30.jar:8.0.30]
	at com.mchange.v2.c3p0.DriverManagerDataSource.getConnection(DriverManagerDataSource.java:134) ~[c3p0-0.9.1.2.jar:0.9.1.2]
	at com.mchange.v2.c3p0.WrapperConnectionPoolDataSource.getPooledConnection(WrapperConnectionPoolDataSource.java:182) ~[c3p0-0.9.1.2.jar:0.9.1.2]
	at com.mchange.v2.c3p0.WrapperConnectionPoolDataSource.getPooledConnection(WrapperConnectionPoolDataSource.java:171) ~[c3p0-0.9.1.2.jar:0.9.1.2]
	at com.mchange.v2.c3p0.impl.C3P0PooledConnectionPool$1PooledConnectionResourcePoolManager.acquireResource(C3P0PooledConnectionPool.java:137) ~[c3p0-0.9.1.2.jar:0.9.1.2]
	at com.mchange.v2.resourcepool.BasicResourcePool.doAcquire(BasicResourcePool.java:1014) ~[c3p0-0.9.1.2.jar:0.9.1.2]
	at com.mchange.v2.resourcepool.BasicResourcePool.access$800(BasicResourcePool.java:32) ~[c3p0-0.9.1.2.jar:0.9.1.2]
	at com.mchange.v2.resourcepool.BasicResourcePool$AcquireTask.run(BasicResourcePool.java:1810) [c3p0-0.9.1.2.jar:0.9.1.2]
	at com.mchange.v2.async.ThreadPoolAsynchronousRunner$PoolThread.run(ThreadPoolAsynchronousRunner.java:547) [c3p0-0.9.1.2.jar:0.9.1.2]
Caused by: com.mysql.cj.exceptions.CJCommunicationsException: Communications link failure

The last packet sent successfully to the server was 0 milliseconds ago. The driver has not received any packets from the server.
	at jdk.internal.reflect.GeneratedConstructorAccessor21.newInstance(Unknown Source) ~[?:?]
	at jdk.internal.reflect.DelegatingConstructorAccessorImpl.newInstance(DelegatingConstructorAccessorImpl.java:45) ~[?:?]
	at java.lang.reflect.Constructor.newInstanceWithCaller(Constructor.java:499) ~[?:?]
	at java.lang.reflect.Constructor.newInstance(Constructor.java:480) ~[?:?]
	at com.mysql.cj.exceptions.ExceptionFactory.createException(ExceptionFactory.java:61) ~[mysql-connector-java-8.0.30.jar:8.0.30]
	at com.mysql.cj.exceptions.ExceptionFactory.createException(ExceptionFactory.java:105) ~[mysql-connector-java-8.0.30.jar:8.0.30]
	at com.mysql.cj.exceptions.ExceptionFactory.createException(ExceptionFactory.java:151) ~[mysql-connector-java-8.0.30.jar:8.0.30]
	at com.mysql.cj.exceptions.ExceptionFactory.createCommunicationsException(ExceptionFactory.java:167) ~[mysql-connector-java-8.0.30.jar:8.0.30]
	at com.mysql.cj.protocol.a.NativeSocketConnection.connect(NativeSocketConnection.java:89) ~[mysql-connector-java-8.0.30.jar:8.0.30]
	at com.mysql.cj.NativeSession.connect(NativeSession.java:120) ~[mysql-connector-java-8.0.30.jar:8.0.30]
	at com.mysql.cj.jdbc.ConnectionImpl.connectOneTryOnly(ConnectionImpl.java:948) ~[mysql-connector-java-8.0.30.jar:8.0.30]
	at com.mysql.cj.jdbc.ConnectionImpl.createNewIO(ConnectionImpl.java:818) ~[mysql-connector-java-8.0.30.jar:8.0.30]
	... 11 more
Caused by: java.net.UnknownHostException: db
	at java.net.InetAddress$CachedAddresses.get(InetAddress.java:801) ~[?:?]
	at java.net.InetAddress$NameServiceAddresses.get(InetAddress.java:887) ~[?:?]
	at java.net.InetAddress.getAllByName0(InetAddress.java:1509) ~[?:?]
	at java.net.InetAddress.getAllByName(InetAddress.java:1367) ~[?:?]
	at java.net.InetAddress.getAllByName(InetAddress.java:1301) ~[?:?]
	at com.mysql.cj.protocol.StandardSocketFactory.connect(StandardSocketFactory.java:130) ~[mysql-connector-java-8.0.30.jar:8.0.30]
	at com.mysql.cj.protocol.a.NativeSocketConnection.connect(NativeSocketConnection.java:63) ~[mysql-connector-java-8.0.30.jar:8.0.30]
	at com.mysql.cj.NativeSession.connect(NativeSession.java:120) ~[mysql-connector-java-8.0.30.jar:8.0.30]
	at com.mysql.cj.jdbc.ConnectionImpl.connectOneTryOnly(ConnectionImpl.java:948) ~[mysql-connector-java-8.0.30.jar:8.0.30]
	at com.mysql.cj.jdbc.ConnectionImpl.createNewIO(ConnectionImpl.java:818) ~[mysql-connector-java-8.0.30.jar:8.0.30]
	... 11 more
2026-08-12 17:17:42 DEBUG BasicResourcePool:1831 - An exception occurred while acquiring a poolable resource. Will retry.
com.mysql.cj.jdbc.exceptions.CommunicationsException: Communications link failure

The last packet sent successfully to the server was 0 milliseconds ago. The driver has not received any packets from the server.
	at com.mysql.cj.jdbc.exceptions.SQLError.createCommunicationsException(SQLError.java:174) ~[mysql-connector-java-8.0.30.jar:8.0.30]
	at com.mysql.cj.jdbc.exceptions.SQLExceptionsMapping.translateException(SQLExceptionsMapping.java:64) ~[mysql-connector-java-8.0.30.jar:8.0.30]
	at com.mysql.cj.jdbc.ConnectionImpl.createNewIO(ConnectionImpl.java:828) ~[mysql-connector-java-8.0.30.jar:8.0.30]
	at com.mysql.cj.jdbc.ConnectionImpl.<init>(ConnectionImpl.java:448) ~[mysql-connector-java-8.0.30.jar:8.0.30]
	at com.mysql.cj.jdbc.ConnectionImpl.getInstance(ConnectionImpl.java:241) ~[mysql-connector-java-8.0.30.jar:8.0.30]
	at com.mysql.cj.jdbc.NonRegisteringDriver.connect(NonRegisteringDriver.java:198) ~[mysql-connector-java-8.0.30.jar:8.0.30]
	at com.mchange.v2.c3p0.DriverManagerDataSource.getConnection(DriverManagerDataSource.java:134) ~[c3p0-0.9.1.2.jar:0.9.1.2]
	at com.mchange.v2.c3p0.WrapperConnectionPoolDataSource.getPooledConnection(WrapperConnectionPoolDataSource.java:182) ~[c3p0-0.9.1.2.jar:0.9.1.2]
	at com.mchange.v2.c3p0.WrapperConnectionPoolDataSource.getPooledConnection(WrapperConnectionPoolDataSource.java:171) ~[c3p0-0.9.1.2.jar:0.9.1.2]
	at com.mchange.v2.c3p0.impl.C3P0PooledConnectionPool$1PooledConnectionResourcePoolManager.acquireResource(C3P0PooledConnectionPool.java:137) ~[c3p0-0.9.1.2.jar:0.9.1.2]
	at com.mchange.v2.resourcepool.BasicResourcePool.doAcquire(BasicResourcePool.java:1014) ~[c3p0-0.9.1.2.jar:0.9.1.2]
	at com.mchange.v2.resourcepool.BasicResourcePool.access$800(BasicResourcePool.java:32) ~[c3p0-0.9.1.2.jar:0.9.1.2]
	at com.mchange.v2.resourcepool.BasicResourcePool$AcquireTask.run(BasicResourcePool.java:1810) [c3p0-0.9.1.2.jar:0.9.1.2]
	at com.mchange.v2.async.ThreadPoolAsynchronousRunner$PoolThread.run(ThreadPoolAsynchronousRunner.java:547) [c3p0-0.9.1.2.jar:0.9.1.2]
Caused by: com.mysql.cj.exceptions.CJCommunicationsException: Communications link failure

The last packet sent successfully to the server was 0 milliseconds ago. The driver has not received any packets from the server.
	at jdk.internal.reflect.GeneratedConstructorAccessor21.newInstance(Unknown Source) ~[?:?]
	at jdk.internal.reflect.DelegatingConstructorAccessorImpl.newInstance(DelegatingConstructorAccessorImpl.java:45) ~[?:?]
	at java.lang.reflect.Constructor.newInstanceWithCaller(Constructor.java:499) ~[?:?]
	at java.lang.reflect.Constructor.newInstance(Constructor.java:480) ~[?:?]
	at com.mysql.cj.exceptions.ExceptionFactory.createException(ExceptionFactory.java:61) ~[mysql-connector-java-8.0.30.jar:8.0.30]
	at com.mysql.cj.exceptions.ExceptionFactory.createException(ExceptionFactory.java:105) ~[mysql-connector-java-8.0.30.jar:8.0.30]
	at com.mysql.cj.exceptions.ExceptionFactory.createException(ExceptionFactory.java:151) ~[mysql-connector-java-8.0.30.jar:8.0.30]
	at com.mysql.cj.exceptions.ExceptionFactory.createCommunicationsException(ExceptionFactory.java:167) ~[mysql-connector-java-8.0.30.jar:8.0.30]
	at com.mysql.cj.protocol.a.NativeSocketConnection.connect(NativeSocketConnection.java:89) ~[mysql-connector-java-8.0.30.jar:8.0.30]
	at com.mysql.cj.NativeSession.connect(NativeSession.java:120) ~[mysql-connector-java-8.0.30.jar:8.0.30]
	at com.mysql.cj.jdbc.ConnectionImpl.connectOneTryOnly(ConnectionImpl.java:948) ~[mysql-connector-java-8.0.30.jar:8.0.30]
	at com.mysql.cj.jdbc.ConnectionImpl.createNewIO(ConnectionImpl.java:818) ~[mysql-connector-java-8.0.30.jar:8.0.30]
	... 11 more
Caused by: java.net.UnknownHostException: db
	at java.net.InetAddress$CachedAddresses.get(InetAddress.java:801) ~[?:?]
	at java.net.InetAddress.getAllByName0(InetAddress.java:1509) ~[?:?]
	at java.net.InetAddress.getAllByName(InetAddress.java:1367) ~[?:?]
	at java.net.InetAddress.getAllByName(InetAddress.java:1301) ~[?:?]
	at com.mysql.cj.protocol.StandardSocketFactory.connect(StandardSocketFactory.java:130) ~[mysql-connector-java-8.0.30.jar:8.0.30]
	at com.mysql.cj.protocol.a.NativeSocketConnection.connect(NativeSocketConnection.java:63) ~[mysql-connector-java-8.0.30.jar:8.0.30]
	at com.mysql.cj.NativeSession.connect(NativeSession.java:120) ~[mysql-connector-java-8.0.30.jar:8.0.30]
	at com.mysql.cj.jdbc.ConnectionImpl.connectOneTryOnly(ConnectionImpl.java:948) ~[mysql-connector-java-8.0.30.jar:8.0.30]
	at com.mysql.cj.jdbc.ConnectionImpl.createNewIO(ConnectionImpl.java:818) ~[mysql-connector-java-8.0.30.jar:8.0.30]
	... 11 more
2026-08-12 17:17:42 DEBUG BasicResourcePool:1831 - An exception occurred while acquiring a poolable resource. Will retry.
com.mysql.cj.jdbc.exceptions.CommunicationsException: Communications link failure

The last packet sent successfully to the server was 0 milliseconds ago. The driver has not received any packets from the server.
	at com.mysql.cj.jdbc.exceptions.SQLError.createCommunicationsException(SQLError.java:174) ~[mysql-connector-java-8.0.30.jar:8.0.30]
	at com.mysql.cj.jdbc.exceptions.SQLExceptionsMapping.translateException(SQLExceptionsMapping.java:64) ~[mysql-connector-java-8.0.30.jar:8.0.30]
	at com.mysql.cj.jdbc.ConnectionImpl.createNewIO(ConnectionImpl.java:828) ~[mysql-connector-java-8.0.30.jar:8.0.30]
	at com.mysql.cj.jdbc.ConnectionImpl.<init>(ConnectionImpl.java:448) ~[mysql-connector-java-8.0.30.jar:8.0.30]
	at com.mysql.cj.jdbc.ConnectionImpl.getInstance(ConnectionImpl.java:241) ~[mysql-connector-java-8.0.30.jar:8.0.30]
	at com.mysql.cj.jdbc.NonRegisteringDriver.connect(NonRegisteringDriver.java:198) ~[mysql-connector-java-8.0.30.jar:8.0.30]
	at com.mchange.v2.c3p0.DriverManagerDataSource.getConnection(DriverManagerDataSource.java:134) ~[c3p0-0.9.1.2.jar:0.9.1.2]
	at com.mchange.v2.c3p0.WrapperConnectionPoolDataSource.getPooledConnection(WrapperConnectionPoolDataSource.java:182) ~[c3p0-0.9.1.2.jar:0.9.1.2]
	at com.mchange.v2.c3p0.WrapperConnectionPoolDataSource.getPooledConnection(WrapperConnectionPoolDataSource.java:171) ~[c3p0-0.9.1.2.jar:0.9.1.2]
	at com.mchange.v2.c3p0.impl.C3P0PooledConnectionPool$1PooledConnectionResourcePoolManager.acquireResource(C3P0PooledConnectionPool.java:137) ~[c3p0-0.9.1.2.jar:0.9.1.2]
	at com.mchange.v2.resourcepool.BasicResourcePool.doAcquire(BasicResourcePool.java:1014) ~[c3p0-0.9.1.2.jar:0.9.1.2]
	at com.mchange.v2.resourcepool.BasicResourcePool.access$800(BasicResourcePool.java:32) ~[c3p0-0.9.1.2.jar:0.9.1.2]
	at com.mchange.v2.resourcepool.BasicResourcePool$AcquireTask.run(BasicResourcePool.java:1810) [c3p0-0.9.1.2.jar:0.9.1.2]
	at com.mchange.v2.async.ThreadPoolAsynchronousRunner$PoolThread.run(ThreadPoolAsynchronousRunner.java:547) [c3p0-0.9.1.2.jar:0.9.1.2]
Caused by: com.mysql.cj.exceptions.CJCommunicationsException: Communications link failure

The last packet sent successfully to the server was 0 milliseconds ago. The driver has not received any packets from the server.
	at jdk.internal.reflect.GeneratedConstructorAccessor21.newInstance(Unknown Source) ~[?:?]
	at jdk.internal.reflect.DelegatingConstructorAccessorImpl.newInstance(DelegatingConstructorAccessorImpl.java:45) ~[?:?]
	at java.lang.reflect.Constructor.newInstanceWithCaller(Constructor.java:499) ~[?:?]
	at java.lang.reflect.Constructor.newInstance(Constructor.java:480) ~[?:?]
	at com.mysql.cj.exceptions.ExceptionFactory.createException(ExceptionFactory.java:61) ~[mysql-connector-java-8.0.30.jar:8.0.30]
	at com.mysql.cj.exceptions.ExceptionFactory.createException(ExceptionFactory.java:105) ~[mysql-connector-java-8.0.30.jar:8.0.30]
	at com.mysql.cj.exceptions.ExceptionFactory.createException(ExceptionFactory.java:151) ~[mysql-connector-java-8.0.30.jar:8.0.30]
	at com.mysql.cj.exceptions.ExceptionFactory.createCommunicationsException(ExceptionFactory.java:167) ~[mysql-connector-java-8.0.30.jar:8.0.30]
	at com.mysql.cj.protocol.a.NativeSocketConnection.connect(NativeSocketConnection.java:89) ~[mysql-connector-java-8.0.30.jar:8.0.30]
	at com.mysql.cj.NativeSession.connect(NativeSession.java:120) ~[mysql-connector-java-8.0.30.jar:8.0.30]
	at com.mysql.cj.jdbc.ConnectionImpl.connectOneTryOnly(ConnectionImpl.java:948) ~[mysql-connector-java-8.0.30.jar:8.0.30]
	at com.mysql.cj.jdbc.ConnectionImpl.createNewIO(ConnectionImpl.java:818) ~[mysql-connector-java-8.0.30.jar:8.0.30]
	... 11 more
Caused by: java.net.UnknownHostException: db
	at java.net.InetAddress$CachedAddresses.get(InetAddress.java:801) ~[?:?]
	at java.net.InetAddress.getAllByName0(InetAddress.java:1509) ~[?:?]
	at java.net.InetAddress.getAllByName(InetAddress.java:1367) ~[?:?]
	at java.net.InetAddress.getAllByName(InetAddress.java:1301) ~[?:?]
	at com.mysql.cj.protocol.StandardSocketFactory.connect(StandardSocketFactory.java:130) ~[mysql-connector-java-8.0.30.jar:8.0.30]
	at com.mysql.cj.protocol.a.NativeSocketConnection.connect(NativeSocketConnection.java:63) ~[mysql-connector-java-8.0.30.jar:8.0.30]
	at com.mysql.cj.NativeSession.connect(NativeSession.java:120) ~[mysql-connector-java-8.0.30.jar:8.0.30]
	at com.mysql.cj.jdbc.ConnectionImpl.connectOneTryOnly(ConnectionImpl.java:948) ~[mysql-connector-java-8.0.30.jar:8.0.30]
	at com.mysql.cj.jdbc.ConnectionImpl.createNewIO(ConnectionImpl.java:818) ~[mysql-connector-java-8.0.30.jar:8.0.30]
	... 11 more
2026-08-12 17:17:43 DEBUG BasicResourcePool:1935 - Checking for expired resources - Wed Aug 12 17:17:43 IST 2026 [com.mchange.v2.resourcepool.BasicResourcePool@208f1c20]
2026-08-12 17:17:43 DEBUG BasicResourcePool:1447 - BEGIN check for expired resources.  [com.mchange.v2.resourcepool.BasicResourcePool@208f1c20]
2026-08-12 17:17:43 DEBUG BasicResourcePool:1468 - FINISHED check for expired resources.  [com.mchange.v2.resourcepool.BasicResourcePool@208f1c20]
2026-08-12 17:17:43 DEBUG BasicResourcePool:1831 - An exception occurred while acquiring a poolable resource. Will retry.
com.mysql.cj.jdbc.exceptions.CommunicationsException: Communications link failure

The last packet sent successfully to the server was 0 milliseconds ago. The driver has not received any packets from the server.
	at com.mysql.cj.jdbc.exceptions.SQLError.createCommunicationsException(SQLError.java:174) ~[mysql-connector-java-8.0.30.jar:8.0.30]
	at com.mysql.cj.jdbc.exceptions.SQLExceptionsMapping.translateException(SQLExceptionsMapping.java:64) ~[mysql-connector-java-8.0.30.jar:8.0.30]
	at com.mysql.cj.jdbc.ConnectionImpl.createNewIO(ConnectionImpl.java:828) ~[mysql-connector-java-8.0.30.jar:8.0.30]
	at com.mysql.cj.jdbc.ConnectionImpl.<init>(ConnectionImpl.java:448) ~[mysql-connector-java-8.0.30.jar:8.0.30]
	at com.mysql.cj.jdbc.ConnectionImpl.getInstance(ConnectionImpl.java:241) ~[mysql-connector-java-8.0.30.jar:8.0.30]
	at com.mysql.cj.jdbc.NonRegisteringDriver.connect(NonRegisteringDriver.java:198) ~[mysql-connector-java-8.0.30.jar:8.0.30]
	at com.mchange.v2.c3p0.DriverManagerDataSource.getConnection(DriverManagerDataSource.java:134) ~[c3p0-0.9.1.2.jar:0.9.1.2]
	at com.mchange.v2.c3p0.WrapperConnectionPoolDataSource.getPooledConnection(WrapperConnectionPoolDataSource.java:182) ~[c3p0-0.9.1.2.jar:0.9.1.2]
	at com.mchange.v2.c3p0.WrapperConnectionPoolDataSource.getPooledConnection(WrapperConnectionPoolDataSource.java:171) ~[c3p0-0.9.1.2.jar:0.9.1.2]
	at com.mchange.v2.c3p0.impl.C3P0PooledConnectionPool$1PooledConnectionResourcePoolManager.acquireResource(C3P0PooledConnectionPool.java:137) ~[c3p0-0.9.1.2.jar:0.9.1.2]
	at com.mchange.v2.resourcepool.BasicResourcePool.doAcquire(BasicResourcePool.java:1014) ~[c3p0-0.9.1.2.jar:0.9.1.2]
	at com.mchange.v2.resourcepool.BasicResourcePool.access$800(BasicResourcePool.java:32) ~[c3p0-0.9.1.2.jar:0.9.1.2]
	at com.mchange.v2.resourcepool.BasicResourcePool$AcquireTask.run(BasicResourcePool.java:1810) [c3p0-0.9.1.2.jar:0.9.1.2]
	at com.mchange.v2.async.ThreadPoolAsynchronousRunner$PoolThread.run(ThreadPoolAsynchronousRunner.java:547) [c3p0-0.9.1.2.jar:0.9.1.2]
Caused by: com.mysql.cj.exceptions.CJCommunicationsException: Communications link failure

The last packet sent successfully to the server was 0 milliseconds ago. The driver has not received any packets from the server.
	at jdk.internal.reflect.GeneratedConstructorAccessor21.newInstance(Unknown Source) ~[?:?]
	at jdk.internal.reflect.DelegatingConstructorAccessorImpl.newInstance(DelegatingConstructorAccessorImpl.java:45) ~[?:?]
	at java.lang.reflect.Constructor.newInstanceWithCaller(Constructor.java:499) ~[?:?]
	at java.lang.reflect.Constructor.newInstance(Constructor.java:480) ~[?:?]
	at com.mysql.cj.exceptions.ExceptionFactory.createException(ExceptionFactory.java:61) ~[mysql-connector-java-8.0.30.jar:8.0.30]
	at com.mysql.cj.exceptions.ExceptionFactory.createException(ExceptionFactory.java:105) ~[mysql-connector-java-8.0.30.jar:8.0.30]
	at com.mysql.cj.exceptions.ExceptionFactory.createException(ExceptionFactory.java:151) ~[mysql-connector-java-8.0.30.jar:8.0.30]
	at com.mysql.cj.exceptions.ExceptionFactory.createCommunicationsException(ExceptionFactory.java:167) ~[mysql-connector-java-8.0.30.jar:8.0.30]
	at com.mysql.cj.protocol.a.NativeSocketConnection.connect(NativeSocketConnection.java:89) ~[mysql-connector-java-8.0.30.jar:8.0.30]
	at com.mysql.cj.NativeSession.connect(NativeSession.java:120) ~[mysql-connector-java-8.0.30.jar:8.0.30]
	at com.mysql.cj.jdbc.ConnectionImpl.connectOneTryOnly(ConnectionImpl.java:948) ~[mysql-connector-java-8.0.30.jar:8.0.30]
	at com.mysql.cj.jdbc.ConnectionImpl.createNewIO(ConnectionImpl.java:818) ~[mysql-connector-java-8.0.30.jar:8.0.30]
	... 11 more
Caused by: java.net.UnknownHostException: db
	at java.net.InetAddress$CachedAddresses.get(InetAddress.java:801) ~[?:?]
	at java.net.InetAddress.getAllByName0(InetAddress.java:1509) ~[?:?]
	at java.net.InetAddress.getAllByName(InetAddress.java:1367) ~[?:?]
	at java.net.InetAddress.getAllByName(InetAddress.java:1301) ~[?:?]
	at com.mysql.cj.protocol.StandardSocketFactory.connect(StandardSocketFactory.java:130) ~[mysql-connector-java-8.0.30.jar:8.0.30]
	at com.mysql.cj.protocol.a.NativeSocketConnection.connect(NativeSocketConnection.java:63) ~[mysql-connector-java-8.0.30.jar:8.0.30]
	at com.mysql.cj.NativeSession.connect(NativeSession.java:120) ~[mysql-connector-java-8.0.30.jar:8.0.30]
	at com.mysql.cj.jdbc.ConnectionImpl.connectOneTryOnly(ConnectionImpl.java:948) ~[mysql-connector-java-8.0.30.jar:8.0.30]
	at com.mysql.cj.jdbc.ConnectionImpl.createNewIO(ConnectionImpl.java:818) ~[mysql-connector-java-8.0.30.jar:8.0.30]
	... 11 more
2026-08-12 17:17:43 DEBUG BasicResourcePool:1831 - An exception occurred while acquiring a poolable resource. Will retry.
com.mysql.cj.jdbc.exceptions.CommunicationsException: Communications link failure

The last packet sent successfully to the server was 0 milliseconds ago. The driver has not received any packets from the server.
	at com.mysql.cj.jdbc.exceptions.SQLError.createCommunicationsException(SQLError.java:174) ~[mysql-connector-java-8.0.30.jar:8.0.30]
	at com.mysql.cj.jdbc.exceptions.SQLExceptionsMapping.translateException(SQLExceptionsMapping.java:64) ~[mysql-connector-java-8.0.30.jar:8.0.30]
	at com.mysql.cj.jdbc.ConnectionImpl.createNewIO(ConnectionImpl.java:828) ~[mysql-connector-java-8.0.30.jar:8.0.30]
	at com.mysql.cj.jdbc.ConnectionImpl.<init>(ConnectionImpl.java:448) ~[mysql-connector-java-8.0.30.jar:8.0.30]
	at com.mysql.cj.jdbc.ConnectionImpl.getInstance(ConnectionImpl.java:241) ~[mysql-connector-java-8.0.30.jar:8.0.30]
	at com.mysql.cj.jdbc.NonRegisteringDriver.connect(NonRegisteringDriver.java:198) ~[mysql-connector-java-8.0.30.jar:8.0.30]
	at com.mchange.v2.c3p0.DriverManagerDataSource.getConnection(DriverManagerDataSource.java:134) ~[c3p0-0.9.1.2.jar:0.9.1.2]
	at com.mchange.v2.c3p0.WrapperConnectionPoolDataSource.getPooledConnection(WrapperConnectionPoolDataSource.java:182) ~[c3p0-0.9.1.2.jar:0.9.1.2]
	at com.mchange.v2.c3p0.WrapperConnectionPoolDataSource.getPooledConnection(WrapperConnectionPoolDataSource.java:171) ~[c3p0-0.9.1.2.jar:0.9.1.2]
	at com.mchange.v2.c3p0.impl.C3P0PooledConnectionPool$1PooledConnectionResourcePoolManager.acquireResource(C3P0PooledConnectionPool.java:137) ~[c3p0-0.9.1.2.jar:0.9.1.2]
	at com.mchange.v2.resourcepool.BasicResourcePool.doAcquire(BasicResourcePool.java:1014) ~[c3p0-0.9.1.2.jar:0.9.1.2]
	at com.mchange.v2.resourcepool.BasicResourcePool.access$800(BasicResourcePool.java:32) ~[c3p0-0.9.1.2.jar:0.9.1.2]
	at com.mchange.v2.resourcepool.BasicResourcePool$AcquireTask.run(BasicResourcePool.java:1810) [c3p0-0.9.1.2.jar:0.9.1.2]
	at com.mchange.v2.async.ThreadPoolAsynchronousRunner$PoolThread.run(ThreadPoolAsynchronousRunner.java:547) [c3p0-0.9.1.2.jar:0.9.1.2]
Caused by: com.mysql.cj.exceptions.CJCommunicationsException: Communications link failure

The last packet sent successfully to the server was 0 milliseconds ago. The driver has not received any packets from the server.
	at jdk.internal.reflect.GeneratedConstructorAccessor21.newInstance(Unknown Source) ~[?:?]
	at jdk.internal.reflect.DelegatingConstructorAccessorImpl.newInstance(DelegatingConstructorAccessorImpl.java:45) ~[?:?]
	at java.lang.reflect.Constructor.newInstanceWithCaller(Constructor.java:499) ~[?:?]
	at java.lang.reflect.Constructor.newInstance(Constructor.java:480) ~[?:?]
	at com.mysql.cj.exceptions.ExceptionFactory.createException(ExceptionFactory.java:61) ~[mysql-connector-java-8.0.30.jar:8.0.30]
	at com.mysql.cj.exceptions.ExceptionFactory.createException(ExceptionFactory.java:105) ~[mysql-connector-java-8.0.30.jar:8.0.30]
	at com.mysql.cj.exceptions.ExceptionFactory.createException(ExceptionFactory.java:151) ~[mysql-connector-java-8.0.30.jar:8.0.30]
	at com.mysql.cj.exceptions.ExceptionFactory.createCommunicationsException(ExceptionFactory.java:167) ~[mysql-connector-java-8.0.30.jar:8.0.30]
	at com.mysql.cj.protocol.a.NativeSocketConnection.connect(NativeSocketConnection.java:89) ~[mysql-connector-java-8.0.30.jar:8.0.30]
	at com.mysql.cj.NativeSession.connect(NativeSession.java:120) ~[mysql-connector-java-8.0.30.jar:8.0.30]
	at com.mysql.cj.jdbc.ConnectionImpl.connectOneTryOnly(ConnectionImpl.java:948) ~[mysql-connector-java-8.0.30.jar:8.0.30]
	at com.mysql.cj.jdbc.ConnectionImpl.createNewIO(ConnectionImpl.java:818) ~[mysql-connector-java-8.0.30.jar:8.0.30]
	... 11 more
Caused by: java.net.UnknownHostException: db
	at java.net.InetAddress$CachedAddresses.get(InetAddress.java:801) ~[?:?]
	at java.net.InetAddress.getAllByName0(InetAddress.java:1509) ~[?:?]
	at java.net.InetAddress.getAllByName(InetAddress.java:1367) ~[?:?]
	at java.net.InetAddress.getAllByName(InetAddress.java:1301) ~[?:?]
	at com.mysql.cj.protocol.StandardSocketFactory.connect(StandardSocketFactory.java:130) ~[mysql-connector-java-8.0.30.jar:8.0.30]
	at com.mysql.cj.protocol.a.NativeSocketConnection.connect(NativeSocketConnection.java:63) ~[mysql-connector-java-8.0.30.jar:8.0.30]
	at com.mysql.cj.NativeSession.connect(NativeSession.java:120) ~[mysql-connector-java-8.0.30.jar:8.0.30]
	at com.mysql.cj.jdbc.ConnectionImpl.connectOneTryOnly(ConnectionImpl.java:948) ~[mysql-connector-java-8.0.30.jar:8.0.30]
	at com.mysql.cj.jdbc.ConnectionImpl.createNewIO(ConnectionImpl.java:818) ~[mysql-connector-java-8.0.30.jar:8.0.30]
	... 11 more
2026-08-12 17:17:44 DEBUG BasicResourcePool:1831 - An exception occurred while acquiring a poolable resource. Will retry.
com.mysql.cj.jdbc.exceptions.CommunicationsException: Communications link failure

The last packet sent successfully to the server was 0 milliseconds ago. The driver has not received any packets from the server.
	at com.mysql.cj.jdbc.exceptions.SQLError.createCommunicationsException(SQLError.java:174) ~[mysql-connector-java-8.0.30.jar:8.0.30]
	at com.mysql.cj.jdbc.exceptions.SQLExceptionsMapping.translateException(SQLExceptionsMapping.java:64) ~[mysql-connector-java-8.0.30.jar:8.0.30]
	at com.mysql.cj.jdbc.ConnectionImpl.createNewIO(ConnectionImpl.java:828) ~[mysql-connector-java-8.0.30.jar:8.0.30]
	at com.mysql.cj.jdbc.ConnectionImpl.<init>(ConnectionImpl.java:448) ~[mysql-connector-java-8.0.30.jar:8.0.30]
	at com.mysql.cj.jdbc.ConnectionImpl.getInstance(ConnectionImpl.java:241) ~[mysql-connector-java-8.0.30.jar:8.0.30]
	at com.mysql.cj.jdbc.NonRegisteringDriver.connect(NonRegisteringDriver.java:198) ~[mysql-connector-java-8.0.30.jar:8.0.30]
	at com.mchange.v2.c3p0.DriverManagerDataSource.getConnection(DriverManagerDataSource.java:134) ~[c3p0-0.9.1.2.jar:0.9.1.2]
	at com.mchange.v2.c3p0.WrapperConnectionPoolDataSource.getPooledConnection(WrapperConnectionPoolDataSource.java:182) ~[c3p0-0.9.1.2.jar:0.9.1.2]
	at com.mchange.v2.c3p0.WrapperConnectionPoolDataSource.getPooledConnection(WrapperConnectionPoolDataSource.java:171) ~[c3p0-0.9.1.2.jar:0.9.1.2]
	at com.mchange.v2.c3p0.impl.C3P0PooledConnectionPool$1PooledConnectionResourcePoolManager.acquireResource(C3P0PooledConnectionPool.java:137) ~[c3p0-0.9.1.2.jar:0.9.1.2]
	at com.mchange.v2.resourcepool.BasicResourcePool.doAcquire(BasicResourcePool.java:1014) ~[c3p0-0.9.1.2.jar:0.9.1.2]
	at com.mchange.v2.resourcepool.BasicResourcePool.access$800(BasicResourcePool.java:32) ~[c3p0-0.9.1.2.jar:0.9.1.2]
	at com.mchange.v2.resourcepool.BasicResourcePool$AcquireTask.run(BasicResourcePool.java:1810) [c3p0-0.9.1.2.jar:0.9.1.2]
	at com.mchange.v2.async.ThreadPoolAsynchronousRunner$PoolThread.run(ThreadPoolAsynchronousRunner.java:547) [c3p0-0.9.1.2.jar:0.9.1.2]
Caused by: com.mysql.cj.exceptions.CJCommunicationsException: Communications link failure

The last packet sent successfully to the server was 0 milliseconds ago. The driver has not received any packets from the server.
	at jdk.internal.reflect.GeneratedConstructorAccessor21.newInstance(Unknown Source) ~[?:?]
	at jdk.internal.reflect.DelegatingConstructorAccessorImpl.newInstance(DelegatingConstructorAccessorImpl.java:45) ~[?:?]
	at java.lang.reflect.Constructor.newInstanceWithCaller(Constructor.java:499) ~[?:?]
	at java.lang.reflect.Constructor.newInstance(Constructor.java:480) ~[?:?]
	at com.mysql.cj.exceptions.ExceptionFactory.createException(ExceptionFactory.java:61) ~[mysql-connector-java-8.0.30.jar:8.0.30]
	at com.mysql.cj.exceptions.ExceptionFactory.createException(ExceptionFactory.java:105) ~[mysql-connector-java-8.0.30.jar:8.0.30]
	at com.mysql.cj.exceptions.ExceptionFactory.createException(ExceptionFactory.java:151) ~[mysql-connector-java-8.0.30.jar:8.0.30]
	at com.mysql.cj.exceptions.ExceptionFactory.createCommunicationsException(ExceptionFactory.java:167) ~[mysql-connector-java-8.0.30.jar:8.0.30]
	at com.mysql.cj.protocol.a.NativeSocketConnection.connect(NativeSocketConnection.java:89) ~[mysql-connector-java-8.0.30.jar:8.0.30]
	at com.mysql.cj.NativeSession.connect(NativeSession.java:120) ~[mysql-connector-java-8.0.30.jar:8.0.30]
	at com.mysql.cj.jdbc.ConnectionImpl.connectOneTryOnly(ConnectionImpl.java:948) ~[mysql-connector-java-8.0.30.jar:8.0.30]
	at com.mysql.cj.jdbc.ConnectionImpl.createNewIO(ConnectionImpl.java:818) ~[mysql-connector-java-8.0.30.jar:8.0.30]
	... 11 more
Caused by: java.net.UnknownHostException: db
	at java.net.InetAddress$CachedAddresses.get(InetAddress.java:801) ~[?:?]
	at java.net.InetAddress.getAllByName0(InetAddress.java:1509) ~[?:?]
	at java.net.InetAddress.getAllByName(InetAddress.java:1367) ~[?:?]
	at java.net.InetAddress.getAllByName(InetAddress.java:1301) ~[?:?]
	at com.mysql.cj.protocol.StandardSocketFactory.connect(StandardSocketFactory.java:130) ~[mysql-connector-java-8.0.30.jar:8.0.30]
	at com.mysql.cj.protocol.a.NativeSocketConnection.connect(NativeSocketConnection.java:63) ~[mysql-connector-java-8.0.30.jar:8.0.30]
	at com.mysql.cj.NativeSession.connect(NativeSession.java:120) ~[mysql-connector-java-8.0.30.jar:8.0.30]
	at com.mysql.cj.jdbc.ConnectionImpl.connectOneTryOnly(ConnectionImpl.java:948) ~[mysql-connector-java-8.0.30.jar:8.0.30]
	at com.mysql.cj.jdbc.ConnectionImpl.createNewIO(ConnectionImpl.java:818) ~[mysql-connector-java-8.0.30.jar:8.0.30]
	... 11 more
2026-08-12 17:17:44 DEBUG BasicResourcePool:1831 - An exception occurred while acquiring a poolable resource. Will retry.
com.mysql.cj.jdbc.exceptions.CommunicationsException: Communications link failure

The last packet sent successfully to the server was 0 milliseconds ago. The driver has not received any packets from the server.
	at com.mysql.cj.jdbc.exceptions.SQLError.createCommunicationsException(SQLError.java:174) ~[mysql-connector-java-8.0.30.jar:8.0.30]
	at com.mysql.cj.jdbc.exceptions.SQLExceptionsMapping.translateException(SQLExceptionsMapping.java:64) ~[mysql-connector-java-8.0.30.jar:8.0.30]
	at com.mysql.cj.jdbc.ConnectionImpl.createNewIO(ConnectionImpl.java:828) ~[mysql-connector-java-8.0.30.jar:8.0.30]
	at com.mysql.cj.jdbc.ConnectionImpl.<init>(ConnectionImpl.java:448) ~[mysql-connector-java-8.0.30.jar:8.0.30]
	at com.mysql.cj.jdbc.ConnectionImpl.getInstance(ConnectionImpl.java:241) ~[mysql-connector-java-8.0.30.jar:8.0.30]
	at com.mysql.cj.jdbc.NonRegisteringDriver.connect(NonRegisteringDriver.java:198) ~[mysql-connector-java-8.0.30.jar:8.0.30]
	at com.mchange.v2.c3p0.DriverManagerDataSource.getConnection(DriverManagerDataSource.java:134) ~[c3p0-0.9.1.2.jar:0.9.1.2]
	at com.mchange.v2.c3p0.WrapperConnectionPoolDataSource.getPooledConnection(WrapperConnectionPoolDataSource.java:182) ~[c3p0-0.9.1.2.jar:0.9.1.2]
	at com.mchange.v2.c3p0.WrapperConnectionPoolDataSource.getPooledConnection(WrapperConnectionPoolDataSource.java:171) ~[c3p0-0.9.1.2.jar:0.9.1.2]
	at com.mchange.v2.c3p0.impl.C3P0PooledConnectionPool$1PooledConnectionResourcePoolManager.acquireResource(C3P0PooledConnectionPool.java:137) ~[c3p0-0.9.1.2.jar:0.9.1.2]
	at com.mchange.v2.resourcepool.BasicResourcePool.doAcquire(BasicResourcePool.java:1014) ~[c3p0-0.9.1.2.jar:0.9.1.2]
	at com.mchange.v2.resourcepool.BasicResourcePool.access$800(BasicResourcePool.java:32) ~[c3p0-0.9.1.2.jar:0.9.1.2]
	at com.mchange.v2.resourcepool.BasicResourcePool$AcquireTask.run(BasicResourcePool.java:1810) [c3p0-0.9.1.2.jar:0.9.1.2]
	at com.mchange.v2.async.ThreadPoolAsynchronousRunner$PoolThread.run(ThreadPoolAsynchronousRunner.java:547) [c3p0-0.9.1.2.jar:0.9.1.2]
Caused by: com.mysql.cj.exceptions.CJCommunicationsException: Communications link failure

The last packet sent successfully to the server was 0 milliseconds ago. The driver has not received any packets from the server.
	at jdk.internal.reflect.GeneratedConstructorAccessor21.newInstance(Unknown Source) ~[?:?]
	at jdk.internal.reflect.DelegatingConstructorAccessorImpl.newInstance(DelegatingConstructorAccessorImpl.java:45) ~[?:?]
	at java.lang.reflect.Constructor.newInstanceWithCaller(Constructor.java:499) ~[?:?]
	at java.lang.reflect.Constructor.newInstance(Constructor.java:480) ~[?:?]
	at com.mysql.cj.exceptions.ExceptionFactory.createException(ExceptionFactory.java:61) ~[mysql-connector-java-8.0.30.jar:8.0.30]
	at com.mysql.cj.exceptions.ExceptionFactory.createException(ExceptionFactory.java:105) ~[mysql-connector-java-8.0.30.jar:8.0.30]
	at com.mysql.cj.exceptions.ExceptionFactory.createException(ExceptionFactory.java:151) ~[mysql-connector-java-8.0.30.jar:8.0.30]
	at com.mysql.cj.exceptions.ExceptionFactory.createCommunicationsException(ExceptionFactory.java:167) ~[mysql-connector-java-8.0.30.jar:8.0.30]
	at com.mysql.cj.protocol.a.NativeSocketConnection.connect(NativeSocketConnection.java:89) ~[mysql-connector-java-8.0.30.jar:8.0.30]
	at com.mysql.cj.NativeSession.connect(NativeSession.java:120) ~[mysql-connector-java-8.0.30.jar:8.0.30]
	at com.mysql.cj.jdbc.ConnectionImpl.connectOneTryOnly(ConnectionImpl.java:948) ~[mysql-connector-java-8.0.30.jar:8.0.30]
	at com.mysql.cj.jdbc.ConnectionImpl.createNewIO(ConnectionImpl.java:818) ~[mysql-connector-java-8.0.30.jar:8.0.30]
	... 11 more
Caused by: java.net.UnknownHostException: db
	at java.net.InetAddress$CachedAddresses.get(InetAddress.java:801) ~[?:?]
	at java.net.InetAddress.getAllByName0(InetAddress.java:1509) ~[?:?]
	at java.net.InetAddress.getAllByName(InetAddress.java:1367) ~[?:?]
	at java.net.InetAddress.getAllByName(InetAddress.java:1301) ~[?:?]
	at com.mysql.cj.protocol.StandardSocketFactory.connect(StandardSocketFactory.java:130) ~[mysql-connector-java-8.0.30.jar:8.0.30]
	at com.mysql.cj.protocol.a.NativeSocketConnection.connect(NativeSocketConnection.java:63) ~[mysql-connector-java-8.0.30.jar:8.0.30]
	at com.mysql.cj.NativeSession.connect(NativeSession.java:120) ~[mysql-connector-java-8.0.30.jar:8.0.30]
	at com.mysql.cj.jdbc.ConnectionImpl.connectOneTryOnly(ConnectionImpl.java:948) ~[mysql-connector-java-8.0.30.jar:8.0.30]
	at com.mysql.cj.jdbc.ConnectionImpl.createNewIO(ConnectionImpl.java:818) ~[mysql-connector-java-8.0.30.jar:8.0.30]
	... 11 more
2026-08-12 17:17:45 DEBUG BasicResourcePool:1935 - Checking for expired resources - Wed Aug 12 17:17:45 IST 2026 [com.mchange.v2.resourcepool.BasicResourcePool@208f1c20]
2026-08-12 17:17:45 DEBUG BasicResourcePool:1447 - BEGIN check for expired resources.  [com.mchange.v2.resourcepool.BasicResourcePool@208f1c20]
2026-08-12 17:17:45 DEBUG BasicResourcePool:1468 - FINISHED check for expired resources.  [com.mchange.v2.resourcepool.BasicResourcePool@208f1c20]
2026-08-12 17:17:45 DEBUG BasicResourcePool:1831 - An exception occurred while acquiring a poolable resource. Will retry.
com.mysql.cj.jdbc.exceptions.CommunicationsException: Communications link failure

The last packet sent successfully to the server was 0 milliseconds ago. The driver has not received any packets from the server.
	at com.mysql.cj.jdbc.exceptions.SQLError.createCommunicationsException(SQLError.java:174) ~[mysql-connector-java-8.0.30.jar:8.0.30]
	at com.mysql.cj.jdbc.exceptions.SQLExceptionsMapping.translateException(SQLExceptionsMapping.java:64) ~[mysql-connector-java-8.0.30.jar:8.0.30]
	at com.mysql.cj.jdbc.ConnectionImpl.createNewIO(ConnectionImpl.java:828) ~[mysql-connector-java-8.0.30.jar:8.0.30]
	at com.mysql.cj.jdbc.ConnectionImpl.<init>(ConnectionImpl.java:448) ~[mysql-connector-java-8.0.30.jar:8.0.30]
	at com.mysql.cj.jdbc.ConnectionImpl.getInstance(ConnectionImpl.java:241) ~[mysql-connector-java-8.0.30.jar:8.0.30]
	at com.mysql.cj.jdbc.NonRegisteringDriver.connect(NonRegisteringDriver.java:198) ~[mysql-connector-java-8.0.30.jar:8.0.30]
	at com.mchange.v2.c3p0.DriverManagerDataSource.getConnection(DriverManagerDataSource.java:134) ~[c3p0-0.9.1.2.jar:0.9.1.2]
	at com.mchange.v2.c3p0.WrapperConnectionPoolDataSource.getPooledConnection(WrapperConnectionPoolDataSource.java:182) ~[c3p0-0.9.1.2.jar:0.9.1.2]
	at com.mchange.v2.c3p0.WrapperConnectionPoolDataSource.getPooledConnection(WrapperConnectionPoolDataSource.java:171) ~[c3p0-0.9.1.2.jar:0.9.1.2]
	at com.mchange.v2.c3p0.impl.C3P0PooledConnectionPool$1PooledConnectionResourcePoolManager.acquireResource(C3P0PooledConnectionPool.java:137) ~[c3p0-0.9.1.2.jar:0.9.1.2]
	at com.mchange.v2.resourcepool.BasicResourcePool.doAcquire(BasicResourcePool.java:1014) ~[c3p0-0.9.1.2.jar:0.9.1.2]
	at com.mchange.v2.resourcepool.BasicResourcePool.access$800(BasicResourcePool.java:32) ~[c3p0-0.9.1.2.jar:0.9.1.2]
	at com.mchange.v2.resourcepool.BasicResourcePool$AcquireTask.run(BasicResourcePool.java:1810) [c3p0-0.9.1.2.jar:0.9.1.2]
	at com.mchange.v2.async.ThreadPoolAsynchronousRunner$PoolThread.run(ThreadPoolAsynchronousRunner.java:547) [c3p0-0.9.1.2.jar:0.9.1.2]
Caused by: com.mysql.cj.exceptions.CJCommunicationsException: Communications link failure

The last packet sent successfully to the server was 0 milliseconds ago. The driver has not received any packets from the server.
	at jdk.internal.reflect.GeneratedConstructorAccessor21.newInstance(Unknown Source) ~[?:?]
	at jdk.internal.reflect.DelegatingConstructorAccessorImpl.newInstance(DelegatingConstructorAccessorImpl.java:45) ~[?:?]
	at java.lang.reflect.Constructor.newInstanceWithCaller(Constructor.java:499) ~[?:?]
	at java.lang.reflect.Constructor.newInstance(Constructor.java:480) ~[?:?]
	at com.mysql.cj.exceptions.ExceptionFactory.createException(ExceptionFactory.java:61) ~[mysql-connector-java-8.0.30.jar:8.0.30]
	at com.mysql.cj.exceptions.ExceptionFactory.createException(ExceptionFactory.java:105) ~[mysql-connector-java-8.0.30.jar:8.0.30]
	at com.mysql.cj.exceptions.ExceptionFactory.createException(ExceptionFactory.java:151) ~[mysql-connector-java-8.0.30.jar:8.0.30]
	at com.mysql.cj.exceptions.ExceptionFactory.createCommunicationsException(ExceptionFactory.java:167) ~[mysql-connector-java-8.0.30.jar:8.0.30]
	at com.mysql.cj.protocol.a.NativeSocketConnection.connect(NativeSocketConnection.java:89) ~[mysql-connector-java-8.0.30.jar:8.0.30]
	at com.mysql.cj.NativeSession.connect(NativeSession.java:120) ~[mysql-connector-java-8.0.30.jar:8.0.30]
	at com.mysql.cj.jdbc.ConnectionImpl.connectOneTryOnly(ConnectionImpl.java:948) ~[mysql-connector-java-8.0.30.jar:8.0.30]
	at com.mysql.cj.jdbc.ConnectionImpl.createNewIO(ConnectionImpl.java:818) ~[mysql-connector-java-8.0.30.jar:8.0.30]
	... 11 more
Caused by: java.net.UnknownHostException: db
	at java.net.InetAddress$CachedAddresses.get(InetAddress.java:801) ~[?:?]
	at java.net.InetAddress.getAllByName0(InetAddress.java:1509) ~[?:?]
	at java.net.InetAddress.getAllByName(InetAddress.java:1367) ~[?:?]
	at java.net.InetAddress.getAllByName(InetAddress.java:1301) ~[?:?]
	at com.mysql.cj.protocol.StandardSocketFactory.connect(StandardSocketFactory.java:130) ~[mysql-connector-java-8.0.30.jar:8.0.30]
	at com.mysql.cj.protocol.a.NativeSocketConnection.connect(NativeSocketConnection.java:63) ~[mysql-connector-java-8.0.30.jar:8.0.30]
	at com.mysql.cj.NativeSession.connect(NativeSession.java:120) ~[mysql-connector-java-8.0.30.jar:8.0.30]
	at com.mysql.cj.jdbc.ConnectionImpl.connectOneTryOnly(ConnectionImpl.java:948) ~[mysql-connector-java-8.0.30.jar:8.0.30]
	at com.mysql.cj.jdbc.ConnectionImpl.createNewIO(ConnectionImpl.java:818) ~[mysql-connector-java-8.0.30.jar:8.0.30]
	... 11 more
2026-08-12 17:17:45 DEBUG BasicResourcePool:1831 - An exception occurred while acquiring a poolable resource. Will retry.
com.mysql.cj.jdbc.exceptions.CommunicationsException: Communications link failure

The last packet sent successfully to the server was 0 milliseconds ago. The driver has not received any packets from the server.
	at com.mysql.cj.jdbc.exceptions.SQLError.createCommunicationsException(SQLError.java:174) ~[mysql-connector-java-8.0.30.jar:8.0.30]
	at com.mysql.cj.jdbc.exceptions.SQLExceptionsMapping.translateException(SQLExceptionsMapping.java:64) ~[mysql-connector-java-8.0.30.jar:8.0.30]
	at com.mysql.cj.jdbc.ConnectionImpl.createNewIO(ConnectionImpl.java:828) ~[mysql-connector-java-8.0.30.jar:8.0.30]
	at com.mysql.cj.jdbc.ConnectionImpl.<init>(ConnectionImpl.java:448) ~[mysql-connector-java-8.0.30.jar:8.0.30]
	at com.mysql.cj.jdbc.ConnectionImpl.getInstance(ConnectionImpl.java:241) ~[mysql-connector-java-8.0.30.jar:8.0.30]
	at com.mysql.cj.jdbc.NonRegisteringDriver.connect(NonRegisteringDriver.java:198) ~[mysql-connector-java-8.0.30.jar:8.0.30]
	at com.mchange.v2.c3p0.DriverManagerDataSource.getConnection(DriverManagerDataSource.java:134) ~[c3p0-0.9.1.2.jar:0.9.1.2]
	at com.mchange.v2.c3p0.WrapperConnectionPoolDataSource.getPooledConnection(WrapperConnectionPoolDataSource.java:182) ~[c3p0-0.9.1.2.jar:0.9.1.2]
	at com.mchange.v2.c3p0.WrapperConnectionPoolDataSource.getPooledConnection(WrapperConnectionPoolDataSource.java:171) ~[c3p0-0.9.1.2.jar:0.9.1.2]
	at com.mchange.v2.c3p0.impl.C3P0PooledConnectionPool$1PooledConnectionResourcePoolManager.acquireResource(C3P0PooledConnectionPool.java:137) ~[c3p0-0.9.1.2.jar:0.9.1.2]
	at com.mchange.v2.resourcepool.BasicResourcePool.doAcquire(BasicResourcePool.java:1014) ~[c3p0-0.9.1.2.jar:0.9.1.2]
	at com.mchange.v2.resourcepool.BasicResourcePool.access$800(BasicResourcePool.java:32) ~[c3p0-0.9.1.2.jar:0.9.1.2]
	at com.mchange.v2.resourcepool.BasicResourcePool$AcquireTask.run(BasicResourcePool.java:1810) [c3p0-0.9.1.2.jar:0.9.1.2]
	at com.mchange.v2.async.ThreadPoolAsynchronousRunner$PoolThread.run(ThreadPoolAsynchronousRunner.java:547) [c3p0-0.9.1.2.jar:0.9.1.2]
Caused by: com.mysql.cj.exceptions.CJCommunicationsException: Communications link failure

The last packet sent successfully to the server was 0 milliseconds ago. The driver has not received any packets from the server.
	at jdk.internal.reflect.GeneratedConstructorAccessor21.newInstance(Unknown Source) ~[?:?]
	at jdk.internal.reflect.DelegatingConstructorAccessorImpl.newInstance(DelegatingConstructorAccessorImpl.java:45) ~[?:?]
	at java.lang.reflect.Constructor.newInstanceWithCaller(Constructor.java:499) ~[?:?]
	at java.lang.reflect.Constructor.newInstance(Constructor.java:480) ~[?:?]
	at com.mysql.cj.exceptions.ExceptionFactory.createException(ExceptionFactory.java:61) ~[mysql-connector-java-8.0.30.jar:8.0.30]
	at com.mysql.cj.exceptions.ExceptionFactory.createException(ExceptionFactory.java:105) ~[mysql-connector-java-8.0.30.jar:8.0.30]
	at com.mysql.cj.exceptions.ExceptionFactory.createException(ExceptionFactory.java:151) ~[mysql-connector-java-8.0.30.jar:8.0.30]
	at com.mysql.cj.exceptions.ExceptionFactory.createCommunicationsException(ExceptionFactory.java:167) ~[mysql-connector-java-8.0.30.jar:8.0.30]
	at com.mysql.cj.protocol.a.NativeSocketConnection.connect(NativeSocketConnection.java:89) ~[mysql-connector-java-8.0.30.jar:8.0.30]
	at com.mysql.cj.NativeSession.connect(NativeSession.java:120) ~[mysql-connector-java-8.0.30.jar:8.0.30]
	at com.mysql.cj.jdbc.ConnectionImpl.connectOneTryOnly(ConnectionImpl.java:948) ~[mysql-connector-java-8.0.30.jar:8.0.30]
	at com.mysql.cj.jdbc.ConnectionImpl.createNewIO(ConnectionImpl.java:818) ~[mysql-connector-java-8.0.30.jar:8.0.30]
	... 11 more
Caused by: java.net.UnknownHostException: db
	at java.net.InetAddress$CachedAddresses.get(InetAddress.java:801) ~[?:?]
	at java.net.InetAddress.getAllByName0(InetAddress.java:1509) ~[?:?]
	at java.net.InetAddress.getAllByName(InetAddress.java:1367) ~[?:?]
	at java.net.InetAddress.getAllByName(InetAddress.java:1301) ~[?:?]
	at com.mysql.cj.protocol.StandardSocketFactory.connect(StandardSocketFactory.java:130) ~[mysql-connector-java-8.0.30.jar:8.0.30]
	at com.mysql.cj.protocol.a.NativeSocketConnection.connect(NativeSocketConnection.java:63) ~[mysql-connector-java-8.0.30.jar:8.0.30]
	at com.mysql.cj.NativeSession.connect(NativeSession.java:120) ~[mysql-connector-java-8.0.30.jar:8.0.30]
	at com.mysql.cj.jdbc.ConnectionImpl.connectOneTryOnly(ConnectionImpl.java:948) ~[mysql-connector-java-8.0.30.jar:8.0.30]
	at com.mysql.cj.jdbc.ConnectionImpl.createNewIO(ConnectionImpl.java:818) ~[mysql-connector-java-8.0.30.jar:8.0.30]
	... 11 more
2026-08-12 17:17:46 DEBUG BasicResourcePool:1831 - An exception occurred while acquiring a poolable resource. Will retry.
com.mysql.cj.jdbc.exceptions.CommunicationsException: Communications link failure

The last packet sent successfully to the server was 0 milliseconds ago. The driver has not received any packets from the server.
	at com.mysql.cj.jdbc.exceptions.SQLError.createCommunicationsException(SQLError.java:174) ~[mysql-connector-java-8.0.30.jar:8.0.30]
	at com.mysql.cj.jdbc.exceptions.SQLExceptionsMapping.translateException(SQLExceptionsMapping.java:64) ~[mysql-connector-java-8.0.30.jar:8.0.30]
	at com.mysql.cj.jdbc.ConnectionImpl.createNewIO(ConnectionImpl.java:828) ~[mysql-connector-java-8.0.30.jar:8.0.30]
	at com.mysql.cj.jdbc.ConnectionImpl.<init>(ConnectionImpl.java:448) ~[mysql-connector-java-8.0.30.jar:8.0.30]
	at com.mysql.cj.jdbc.ConnectionImpl.getInstance(ConnectionImpl.java:241) ~[mysql-connector-java-8.0.30.jar:8.0.30]
	at com.mysql.cj.jdbc.NonRegisteringDriver.connect(NonRegisteringDriver.java:198) ~[mysql-connector-java-8.0.30.jar:8.0.30]
	at com.mchange.v2.c3p0.DriverManagerDataSource.getConnection(DriverManagerDataSource.java:134) ~[c3p0-0.9.1.2.jar:0.9.1.2]
	at com.mchange.v2.c3p0.WrapperConnectionPoolDataSource.getPooledConnection(WrapperConnectionPoolDataSource.java:182) ~[c3p0-0.9.1.2.jar:0.9.1.2]
	at com.mchange.v2.c3p0.WrapperConnectionPoolDataSource.getPooledConnection(WrapperConnectionPoolDataSource.java:171) ~[c3p0-0.9.1.2.jar:0.9.1.2]
	at com.mchange.v2.c3p0.impl.C3P0PooledConnectionPool$1PooledConnectionResourcePoolManager.acquireResource(C3P0PooledConnectionPool.java:137) ~[c3p0-0.9.1.2.jar:0.9.1.2]
	at com.mchange.v2.resourcepool.BasicResourcePool.doAcquire(BasicResourcePool.java:1014) ~[c3p0-0.9.1.2.jar:0.9.1.2]
	at com.mchange.v2.resourcepool.BasicResourcePool.access$800(BasicResourcePool.java:32) ~[c3p0-0.9.1.2.jar:0.9.1.2]
	at com.mchange.v2.resourcepool.BasicResourcePool$AcquireTask.run(BasicResourcePool.java:1810) [c3p0-0.9.1.2.jar:0.9.1.2]
	at com.mchange.v2.async.ThreadPoolAsynchronousRunner$PoolThread.run(ThreadPoolAsynchronousRunner.java:547) [c3p0-0.9.1.2.jar:0.9.1.2]
Caused by: com.mysql.cj.exceptions.CJCommunicationsException: Communications link failure

The last packet sent successfully to the server was 0 milliseconds ago. The driver has not received any packets from the server.
	at jdk.internal.reflect.GeneratedConstructorAccessor21.newInstance(Unknown Source) ~[?:?]
	at jdk.internal.reflect.DelegatingConstructorAccessorImpl.newInstance(DelegatingConstructorAccessorImpl.java:45) ~[?:?]
	at java.lang.reflect.Constructor.newInstanceWithCaller(Constructor.java:499) ~[?:?]
	at java.lang.reflect.Constructor.newInstance(Constructor.java:480) ~[?:?]
	at com.mysql.cj.exceptions.ExceptionFactory.createException(ExceptionFactory.java:61) ~[mysql-connector-java-8.0.30.jar:8.0.30]
	at com.mysql.cj.exceptions.ExceptionFactory.createException(ExceptionFactory.java:105) ~[mysql-connector-java-8.0.30.jar:8.0.30]
	at com.mysql.cj.exceptions.ExceptionFactory.createException(ExceptionFactory.java:151) ~[mysql-connector-java-8.0.30.jar:8.0.30]
	at com.mysql.cj.exceptions.ExceptionFactory.createCommunicationsException(ExceptionFactory.java:167) ~[mysql-connector-java-8.0.30.jar:8.0.30]
	at com.mysql.cj.protocol.a.NativeSocketConnection.connect(NativeSocketConnection.java:89) ~[mysql-connector-java-8.0.30.jar:8.0.30]
	at com.mysql.cj.NativeSession.connect(NativeSession.java:120) ~[mysql-connector-java-8.0.30.jar:8.0.30]
	at com.mysql.cj.jdbc.ConnectionImpl.connectOneTryOnly(ConnectionImpl.java:948) ~[mysql-connector-java-8.0.30.jar:8.0.30]
	at com.mysql.cj.jdbc.ConnectionImpl.createNewIO(ConnectionImpl.java:818) ~[mysql-connector-java-8.0.30.jar:8.0.30]
	... 11 more
Caused by: java.net.UnknownHostException: db
	at java.net.InetAddress$CachedAddresses.get(InetAddress.java:801) ~[?:?]
	at java.net.InetAddress.getAllByName0(InetAddress.java:1509) ~[?:?]
	at java.net.InetAddress.getAllByName(InetAddress.java:1367) ~[?:?]
	at java.net.InetAddress.getAllByName(InetAddress.java:1301) ~[?:?]
	at com.mysql.cj.protocol.StandardSocketFactory.connect(StandardSocketFactory.java:130) ~[mysql-connector-java-8.0.30.jar:8.0.30]
	at com.mysql.cj.protocol.a.NativeSocketConnection.connect(NativeSocketConnection.java:63) ~[mysql-connector-java-8.0.30.jar:8.0.30]
	at com.mysql.cj.NativeSession.connect(NativeSession.java:120) ~[mysql-connector-java-8.0.30.jar:8.0.30]
	at com.mysql.cj.jdbc.ConnectionImpl.connectOneTryOnly(ConnectionImpl.java:948) ~[mysql-connector-java-8.0.30.jar:8.0.30]
	at com.mysql.cj.jdbc.ConnectionImpl.createNewIO(ConnectionImpl.java:818) ~[mysql-connector-java-8.0.30.jar:8.0.30]
	... 11 more
2026-08-12 17:17:46 DEBUG BasicResourcePool:1831 - An exception occurred while acquiring a poolable resource. Will retry.
com.mysql.cj.jdbc.exceptions.CommunicationsException: Communications link failure

The last packet sent successfully to the server was 0 milliseconds ago. The driver has not received any packets from the server.
	at com.mysql.cj.jdbc.exceptions.SQLError.createCommunicationsException(SQLError.java:174) ~[mysql-connector-java-8.0.30.jar:8.0.30]
	at com.mysql.cj.jdbc.exceptions.SQLExceptionsMapping.translateException(SQLExceptionsMapping.java:64) ~[mysql-connector-java-8.0.30.jar:8.0.30]
	at com.mysql.cj.jdbc.ConnectionImpl.createNewIO(ConnectionImpl.java:828) ~[mysql-connector-java-8.0.30.jar:8.0.30]
	at com.mysql.cj.jdbc.ConnectionImpl.<init>(ConnectionImpl.java:448) ~[mysql-connector-java-8.0.30.jar:8.0.30]
	at com.mysql.cj.jdbc.ConnectionImpl.getInstance(ConnectionImpl.java:241) ~[mysql-connector-java-8.0.30.jar:8.0.30]
	at com.mysql.cj.jdbc.NonRegisteringDriver.connect(NonRegisteringDriver.java:198) ~[mysql-connector-java-8.0.30.jar:8.0.30]
	at com.mchange.v2.c3p0.DriverManagerDataSource.getConnection(DriverManagerDataSource.java:134) ~[c3p0-0.9.1.2.jar:0.9.1.2]
	at com.mchange.v2.c3p0.WrapperConnectionPoolDataSource.getPooledConnection(WrapperConnectionPoolDataSource.java:182) ~[c3p0-0.9.1.2.jar:0.9.1.2]
	at com.mchange.v2.c3p0.WrapperConnectionPoolDataSource.getPooledConnection(WrapperConnectionPoolDataSource.java:171) ~[c3p0-0.9.1.2.jar:0.9.1.2]
	at com.mchange.v2.c3p0.impl.C3P0PooledConnectionPool$1PooledConnectionResourcePoolManager.acquireResource(C3P0PooledConnectionPool.java:137) ~[c3p0-0.9.1.2.jar:0.9.1.2]
	at com.mchange.v2.resourcepool.BasicResourcePool.doAcquire(BasicResourcePool.java:1014) ~[c3p0-0.9.1.2.jar:0.9.1.2]
	at com.mchange.v2.resourcepool.BasicResourcePool.access$800(BasicResourcePool.java:32) ~[c3p0-0.9.1.2.jar:0.9.1.2]
	at com.mchange.v2.resourcepool.BasicResourcePool$AcquireTask.run(BasicResourcePool.java:1810) [c3p0-0.9.1.2.jar:0.9.1.2]
	at com.mchange.v2.async.ThreadPoolAsynchronousRunner$PoolThread.run(ThreadPoolAsynchronousRunner.java:547) [c3p0-0.9.1.2.jar:0.9.1.2]
Caused by: com.mysql.cj.exceptions.CJCommunicationsException: Communications link failure

The last packet sent successfully to the server was 0 milliseconds ago. The driver has not received any packets from the server.
	at jdk.internal.reflect.GeneratedConstructorAccessor21.newInstance(Unknown Source) ~[?:?]
	at jdk.internal.reflect.DelegatingConstructorAccessorImpl.newInstance(DelegatingConstructorAccessorImpl.java:45) ~[?:?]
	at java.lang.reflect.Constructor.newInstanceWithCaller(Constructor.java:499) ~[?:?]
	at java.lang.reflect.Constructor.newInstance(Constructor.java:480) ~[?:?]
	at com.mysql.cj.exceptions.ExceptionFactory.createException(ExceptionFactory.java:61) ~[mysql-connector-java-8.0.30.jar:8.0.30]
	at com.mysql.cj.exceptions.ExceptionFactory.createException(ExceptionFactory.java:105) ~[mysql-connector-java-8.0.30.jar:8.0.30]
	at com.mysql.cj.exceptions.ExceptionFactory.createException(ExceptionFactory.java:151) ~[mysql-connector-java-8.0.30.jar:8.0.30]
	at com.mysql.cj.exceptions.ExceptionFactory.createCommunicationsException(ExceptionFactory.java:167) ~[mysql-connector-java-8.0.30.jar:8.0.30]
	at com.mysql.cj.protocol.a.NativeSocketConnection.connect(NativeSocketConnection.java:89) ~[mysql-connector-java-8.0.30.jar:8.0.30]
	at com.mysql.cj.NativeSession.connect(NativeSession.java:120) ~[mysql-connector-java-8.0.30.jar:8.0.30]
	at com.mysql.cj.jdbc.ConnectionImpl.connectOneTryOnly(ConnectionImpl.java:948) ~[mysql-connector-java-8.0.30.jar:8.0.30]
	at com.mysql.cj.jdbc.ConnectionImpl.createNewIO(ConnectionImpl.java:818) ~[mysql-connector-java-8.0.30.jar:8.0.30]
	... 11 more
Caused by: java.net.UnknownHostException: db
	at java.net.InetAddress$CachedAddresses.get(InetAddress.java:801) ~[?:?]
	at java.net.InetAddress.getAllByName0(InetAddress.java:1509) ~[?:?]
	at java.net.InetAddress.getAllByName(InetAddress.java:1367) ~[?:?]
	at java.net.InetAddress.getAllByName(InetAddress.java:1301) ~[?:?]
	at com.mysql.cj.protocol.StandardSocketFactory.connect(StandardSocketFactory.java:130) ~[mysql-connector-java-8.0.30.jar:8.0.30]
	at com.mysql.cj.protocol.a.NativeSocketConnection.connect(NativeSocketConnection.java:63) ~[mysql-connector-java-8.0.30.jar:8.0.30]
	at com.mysql.cj.NativeSession.connect(NativeSession.java:120) ~[mysql-connector-java-8.0.30.jar:8.0.30]
	at com.mysql.cj.jdbc.ConnectionImpl.connectOneTryOnly(ConnectionImpl.java:948) ~[mysql-connector-java-8.0.30.jar:8.0.30]
	at com.mysql.cj.jdbc.ConnectionImpl.createNewIO(ConnectionImpl.java:818) ~[mysql-connector-java-8.0.30.jar:8.0.30]
	... 11 more
2026-08-12 17:17:47 DEBUG BasicResourcePool:1831 - An exception occurred while acquiring a poolable resource. Will retry.
com.mysql.cj.jdbc.exceptions.CommunicationsException: Communications link failure

The last packet sent successfully to the server was 0 milliseconds ago. The driver has not received any packets from the server.
	at com.mysql.cj.jdbc.exceptions.SQLError.createCommunicationsException(SQLError.java:174) ~[mysql-connector-java-8.0.30.jar:8.0.30]
	at com.mysql.cj.jdbc.exceptions.SQLExceptionsMapping.translateException(SQLExceptionsMapping.java:64) ~[mysql-connector-java-8.0.30.jar:8.0.30]
	at com.mysql.cj.jdbc.ConnectionImpl.createNewIO(ConnectionImpl.java:828) ~[mysql-connector-java-8.0.30.jar:8.0.30]
	at com.mysql.cj.jdbc.ConnectionImpl.<init>(ConnectionImpl.java:448) ~[mysql-connector-java-8.0.30.jar:8.0.30]
	at com.mysql.cj.jdbc.ConnectionImpl.getInstance(ConnectionImpl.java:241) ~[mysql-connector-java-8.0.30.jar:8.0.30]
	at com.mysql.cj.jdbc.NonRegisteringDriver.connect(NonRegisteringDriver.java:198) ~[mysql-connector-java-8.0.30.jar:8.0.30]
	at com.mchange.v2.c3p0.DriverManagerDataSource.getConnection(DriverManagerDataSource.java:134) ~[c3p0-0.9.1.2.jar:0.9.1.2]
	at com.mchange.v2.c3p0.WrapperConnectionPoolDataSource.getPooledConnection(WrapperConnectionPoolDataSource.java:182) ~[c3p0-0.9.1.2.jar:0.9.1.2]
	at com.mchange.v2.c3p0.WrapperConnectionPoolDataSource.getPooledConnection(WrapperConnectionPoolDataSource.java:171) ~[c3p0-0.9.1.2.jar:0.9.1.2]
	at com.mchange.v2.c3p0.impl.C3P0PooledConnectionPool$1PooledConnectionResourcePoolManager.acquireResource(C3P0PooledConnectionPool.java:137) ~[c3p0-0.9.1.2.jar:0.9.1.2]
	at com.mchange.v2.resourcepool.BasicResourcePool.doAcquire(BasicResourcePool.java:1014) ~[c3p0-0.9.1.2.jar:0.9.1.2]
	at com.mchange.v2.resourcepool.BasicResourcePool.access$800(BasicResourcePool.java:32) ~[c3p0-0.9.1.2.jar:0.9.1.2]
	at com.mchange.v2.resourcepool.BasicResourcePool$AcquireTask.run(BasicResourcePool.java:1810) [c3p0-0.9.1.2.jar:0.9.1.2]
	at com.mchange.v2.async.ThreadPoolAsynchronousRunner$PoolThread.run(ThreadPoolAsynchronousRunner.java:547) [c3p0-0.9.1.2.jar:0.9.1.2]
Caused by: com.mysql.cj.exceptions.CJCommunicationsException: Communications link failure

The last packet sent successfully to the server was 0 milliseconds ago. The driver has not received any packets from the server.
	at jdk.internal.reflect.GeneratedConstructorAccessor21.newInstance(Unknown Source) ~[?:?]
	at jdk.internal.reflect.DelegatingConstructorAccessorImpl.newInstance(DelegatingConstructorAccessorImpl.java:45) ~[?:?]
	at java.lang.reflect.Constructor.newInstanceWithCaller(Constructor.java:499) ~[?:?]
	at java.lang.reflect.Constructor.newInstance(Constructor.java:480) ~[?:?]
	at com.mysql.cj.exceptions.ExceptionFactory.createException(ExceptionFactory.java:61) ~[mysql-connector-java-8.0.30.jar:8.0.30]
	at com.mysql.cj.exceptions.ExceptionFactory.createException(ExceptionFactory.java:105) ~[mysql-connector-java-8.0.30.jar:8.0.30]
	at com.mysql.cj.exceptions.ExceptionFactory.createException(ExceptionFactory.java:151) ~[mysql-connector-java-8.0.30.jar:8.0.30]
	at com.mysql.cj.exceptions.ExceptionFactory.createCommunicationsException(ExceptionFactory.java:167) ~[mysql-connector-java-8.0.30.jar:8.0.30]
	at com.mysql.cj.protocol.a.NativeSocketConnection.connect(NativeSocketConnection.java:89) ~[mysql-connector-java-8.0.30.jar:8.0.30]
	at com.mysql.cj.NativeSession.connect(NativeSession.java:120) ~[mysql-connector-java-8.0.30.jar:8.0.30]
	at com.mysql.cj.jdbc.ConnectionImpl.connectOneTryOnly(ConnectionImpl.java:948) ~[mysql-connector-java-8.0.30.jar:8.0.30]
	at com.mysql.cj.jdbc.ConnectionImpl.createNewIO(ConnectionImpl.java:818) ~[mysql-connector-java-8.0.30.jar:8.0.30]
	... 11 more
Caused by: java.net.UnknownHostException: db
	at java.net.InetAddress$CachedAddresses.get(InetAddress.java:801) ~[?:?]
	at java.net.InetAddress.getAllByName0(InetAddress.java:1509) ~[?:?]
	at java.net.InetAddress.getAllByName(InetAddress.java:1367) ~[?:?]
	at java.net.InetAddress.getAllByName(InetAddress.java:1301) ~[?:?]
	at com.mysql.cj.protocol.StandardSocketFactory.connect(StandardSocketFactory.java:130) ~[mysql-connector-java-8.0.30.jar:8.0.30]
	at com.mysql.cj.protocol.a.NativeSocketConnection.connect(NativeSocketConnection.java:63) ~[mysql-connector-java-8.0.30.jar:8.0.30]
	at com.mysql.cj.NativeSession.connect(NativeSession.java:120) ~[mysql-connector-java-8.0.30.jar:8.0.30]
	at com.mysql.cj.jdbc.ConnectionImpl.connectOneTryOnly(ConnectionImpl.java:948) ~[mysql-connector-java-8.0.30.jar:8.0.30]
	at com.mysql.cj.jdbc.ConnectionImpl.createNewIO(ConnectionImpl.java:818) ~[mysql-connector-java-8.0.30.jar:8.0.30]
	... 11 more
2026-08-12 17:17:48 DEBUG BasicResourcePool:1831 - An exception occurred while acquiring a poolable resource. Will retry.
com.mysql.cj.jdbc.exceptions.CommunicationsException: Communications link failure

The last packet sent successfully to the server was 0 milliseconds ago. The driver has not received any packets from the server.
	at com.mysql.cj.jdbc.exceptions.SQLError.createCommunicationsException(SQLError.java:174) ~[mysql-connector-java-8.0.30.jar:8.0.30]
	at com.mysql.cj.jdbc.exceptions.SQLExceptionsMapping.translateException(SQLExceptionsMapping.java:64) ~[mysql-connector-java-8.0.30.jar:8.0.30]
	at com.mysql.cj.jdbc.ConnectionImpl.createNewIO(ConnectionImpl.java:828) ~[mysql-connector-java-8.0.30.jar:8.0.30]
	at com.mysql.cj.jdbc.ConnectionImpl.<init>(ConnectionImpl.java:448) ~[mysql-connector-java-8.0.30.jar:8.0.30]
	at com.mysql.cj.jdbc.ConnectionImpl.getInstance(ConnectionImpl.java:241) ~[mysql-connector-java-8.0.30.jar:8.0.30]
	at com.mysql.cj.jdbc.NonRegisteringDriver.connect(NonRegisteringDriver.java:198) ~[mysql-connector-java-8.0.30.jar:8.0.30]
	at com.mchange.v2.c3p0.DriverManagerDataSource.getConnection(DriverManagerDataSource.java:134) ~[c3p0-0.9.1.2.jar:0.9.1.2]
	at com.mchange.v2.c3p0.WrapperConnectionPoolDataSource.getPooledConnection(WrapperConnectionPoolDataSource.java:182) ~[c3p0-0.9.1.2.jar:0.9.1.2]
	at com.mchange.v2.c3p0.WrapperConnectionPoolDataSource.getPooledConnection(WrapperConnectionPoolDataSource.java:171) ~[c3p0-0.9.1.2.jar:0.9.1.2]
	at com.mchange.v2.c3p0.impl.C3P0PooledConnectionPool$1PooledConnectionResourcePoolManager.acquireResource(C3P0PooledConnectionPool.java:137) ~[c3p0-0.9.1.2.jar:0.9.1.2]
	at com.mchange.v2.resourcepool.BasicResourcePool.doAcquire(BasicResourcePool.java:1014) ~[c3p0-0.9.1.2.jar:0.9.1.2]
	at com.mchange.v2.resourcepool.BasicResourcePool.access$800(BasicResourcePool.java:32) ~[c3p0-0.9.1.2.jar:0.9.1.2]
	at com.mchange.v2.resourcepool.BasicResourcePool$AcquireTask.run(BasicResourcePool.java:1810) [c3p0-0.9.1.2.jar:0.9.1.2]
	at com.mchange.v2.async.ThreadPoolAsynchronousRunner$PoolThread.run(ThreadPoolAsynchronousRunner.java:547) [c3p0-0.9.1.2.jar:0.9.1.2]
Caused by: com.mysql.cj.exceptions.CJCommunicationsException: Communications link failure

The last packet sent successfully to the server was 0 milliseconds ago. The driver has not received any packets from the server.
	at jdk.internal.reflect.GeneratedConstructorAccessor21.newInstance(Unknown Source) ~[?:?]
	at jdk.internal.reflect.DelegatingConstructorAccessorImpl.newInstance(DelegatingConstructorAccessorImpl.java:45) ~[?:?]
	at java.lang.reflect.Constructor.newInstanceWithCaller(Constructor.java:499) ~[?:?]
	at java.lang.reflect.Constructor.newInstance(Constructor.java:480) ~[?:?]
	at com.mysql.cj.exceptions.ExceptionFactory.createException(ExceptionFactory.java:61) ~[mysql-connector-java-8.0.30.jar:8.0.30]
	at com.mysql.cj.exceptions.ExceptionFactory.createException(ExceptionFactory.java:105) ~[mysql-connector-java-8.0.30.jar:8.0.30]
	at com.mysql.cj.exceptions.ExceptionFactory.createException(ExceptionFactory.java:151) ~[mysql-connector-java-8.0.30.jar:8.0.30]
	at com.mysql.cj.exceptions.ExceptionFactory.createCommunicationsException(ExceptionFactory.java:167) ~[mysql-connector-java-8.0.30.jar:8.0.30]
	at com.mysql.cj.protocol.a.NativeSocketConnection.connect(NativeSocketConnection.java:89) ~[mysql-connector-java-8.0.30.jar:8.0.30]
	at com.mysql.cj.NativeSession.connect(NativeSession.java:120) ~[mysql-connector-java-8.0.30.jar:8.0.30]
	at com.mysql.cj.jdbc.ConnectionImpl.connectOneTryOnly(ConnectionImpl.java:948) ~[mysql-connector-java-8.0.30.jar:8.0.30]
	at com.mysql.cj.jdbc.ConnectionImpl.createNewIO(ConnectionImpl.java:818) ~[mysql-connector-java-8.0.30.jar:8.0.30]
	... 11 more
Caused by: java.net.UnknownHostException: db
	at java.net.InetAddress$CachedAddresses.get(InetAddress.java:801) ~[?:?]
	at java.net.InetAddress.getAllByName0(InetAddress.java:1509) ~[?:?]
	at java.net.InetAddress.getAllByName(InetAddress.java:1367) ~[?:?]
	at java.net.InetAddress.getAllByName(InetAddress.java:1301) ~[?:?]
	at com.mysql.cj.protocol.StandardSocketFactory.connect(StandardSocketFactory.java:130) ~[mysql-connector-java-8.0.30.jar:8.0.30]
	at com.mysql.cj.protocol.a.NativeSocketConnection.connect(NativeSocketConnection.java:63) ~[mysql-connector-java-8.0.30.jar:8.0.30]
	at com.mysql.cj.NativeSession.connect(NativeSession.java:120) ~[mysql-connector-java-8.0.30.jar:8.0.30]
	at com.mysql.cj.jdbc.ConnectionImpl.connectOneTryOnly(ConnectionImpl.java:948) ~[mysql-connector-java-8.0.30.jar:8.0.30]
	at com.mysql.cj.jdbc.ConnectionImpl.createNewIO(ConnectionImpl.java:818) ~[mysql-connector-java-8.0.30.jar:8.0.30]
	... 11 more
2026-08-12 17:17:48 DEBUG BasicResourcePool:1935 - Checking for expired resources - Wed Aug 12 17:17:48 IST 2026 [com.mchange.v2.resourcepool.BasicResourcePool@208f1c20]
2026-08-12 17:17:48 DEBUG BasicResourcePool:1447 - BEGIN check for expired resources.  [com.mchange.v2.resourcepool.BasicResourcePool@208f1c20]
2026-08-12 17:17:48 DEBUG BasicResourcePool:1468 - FINISHED check for expired resources.  [com.mchange.v2.resourcepool.BasicResourcePool@208f1c20]
2026-08-12 17:17:48 DEBUG BasicResourcePool:1831 - An exception occurred while acquiring a poolable resource. Will retry.
com.mysql.cj.jdbc.exceptions.CommunicationsException: Communications link failure

The last packet sent successfully to the server was 0 milliseconds ago. The driver has not received any packets from the server.
	at com.mysql.cj.jdbc.exceptions.SQLError.createCommunicationsException(SQLError.java:174) ~[mysql-connector-java-8.0.30.jar:8.0.30]
	at com.mysql.cj.jdbc.exceptions.SQLExceptionsMapping.translateException(SQLExceptionsMapping.java:64) ~[mysql-connector-java-8.0.30.jar:8.0.30]
	at com.mysql.cj.jdbc.ConnectionImpl.createNewIO(ConnectionImpl.java:828) ~[mysql-connector-java-8.0.30.jar:8.0.30]
	at com.mysql.cj.jdbc.ConnectionImpl.<init>(ConnectionImpl.java:448) ~[mysql-connector-java-8.0.30.jar:8.0.30]
	at com.mysql.cj.jdbc.ConnectionImpl.getInstance(ConnectionImpl.java:241) ~[mysql-connector-java-8.0.30.jar:8.0.30]
	at com.mysql.cj.jdbc.NonRegisteringDriver.connect(NonRegisteringDriver.java:198) ~[mysql-connector-java-8.0.30.jar:8.0.30]
	at com.mchange.v2.c3p0.DriverManagerDataSource.getConnection(DriverManagerDataSource.java:134) ~[c3p0-0.9.1.2.jar:0.9.1.2]
	at com.mchange.v2.c3p0.WrapperConnectionPoolDataSource.getPooledConnection(WrapperConnectionPoolDataSource.java:182) ~[c3p0-0.9.1.2.jar:0.9.1.2]
	at com.mchange.v2.c3p0.WrapperConnectionPoolDataSource.getPooledConnection(WrapperConnectionPoolDataSource.java:171) ~[c3p0-0.9.1.2.jar:0.9.1.2]
	at com.mchange.v2.c3p0.impl.C3P0PooledConnectionPool$1PooledConnectionResourcePoolManager.acquireResource(C3P0PooledConnectionPool.java:137) ~[c3p0-0.9.1.2.jar:0.9.1.2]
	at com.mchange.v2.resourcepool.BasicResourcePool.doAcquire(BasicResourcePool.java:1014) ~[c3p0-0.9.1.2.jar:0.9.1.2]
	at com.mchange.v2.resourcepool.BasicResourcePool.access$800(BasicResourcePool.java:32) ~[c3p0-0.9.1.2.jar:0.9.1.2]
	at com.mchange.v2.resourcepool.BasicResourcePool$AcquireTask.run(BasicResourcePool.java:1810) [c3p0-0.9.1.2.jar:0.9.1.2]
	at com.mchange.v2.async.ThreadPoolAsynchronousRunner$PoolThread.run(ThreadPoolAsynchronousRunner.java:547) [c3p0-0.9.1.2.jar:0.9.1.2]
Caused by: com.mysql.cj.exceptions.CJCommunicationsException: Communications link failure

The last packet sent successfully to the server was 0 milliseconds ago. The driver has not received any packets from the server.
	at jdk.internal.reflect.GeneratedConstructorAccessor21.newInstance(Unknown Source) ~[?:?]
	at jdk.internal.reflect.DelegatingConstructorAccessorImpl.newInstance(DelegatingConstructorAccessorImpl.java:45) ~[?:?]
	at java.lang.reflect.Constructor.newInstanceWithCaller(Constructor.java:499) ~[?:?]
	at java.lang.reflect.Constructor.newInstance(Constructor.java:480) ~[?:?]
	at com.mysql.cj.exceptions.ExceptionFactory.createException(ExceptionFactory.java:61) ~[mysql-connector-java-8.0.30.jar:8.0.30]
	at com.mysql.cj.exceptions.ExceptionFactory.createException(ExceptionFactory.java:105) ~[mysql-connector-java-8.0.30.jar:8.0.30]
	at com.mysql.cj.exceptions.ExceptionFactory.createException(ExceptionFactory.java:151) ~[mysql-connector-java-8.0.30.jar:8.0.30]
	at com.mysql.cj.exceptions.ExceptionFactory.createCommunicationsException(ExceptionFactory.java:167) ~[mysql-connector-java-8.0.30.jar:8.0.30]
	at com.mysql.cj.protocol.a.NativeSocketConnection.connect(NativeSocketConnection.java:89) ~[mysql-connector-java-8.0.30.jar:8.0.30]
	at com.mysql.cj.NativeSession.connect(NativeSession.java:120) ~[mysql-connector-java-8.0.30.jar:8.0.30]
	at com.mysql.cj.jdbc.ConnectionImpl.connectOneTryOnly(ConnectionImpl.java:948) ~[mysql-connector-java-8.0.30.jar:8.0.30]
	at com.mysql.cj.jdbc.ConnectionImpl.createNewIO(ConnectionImpl.java:818) ~[mysql-connector-java-8.0.30.jar:8.0.30]
	... 11 more
Caused by: java.net.UnknownHostException: db
	at java.net.InetAddress$CachedAddresses.get(InetAddress.java:801) ~[?:?]
	at java.net.InetAddress.getAllByName0(InetAddress.java:1509) ~[?:?]
	at java.net.InetAddress.getAllByName(InetAddress.java:1367) ~[?:?]
	at java.net.InetAddress.getAllByName(InetAddress.java:1301) ~[?:?]
	at com.mysql.cj.protocol.StandardSocketFactory.connect(StandardSocketFactory.java:130) ~[mysql-connector-java-8.0.30.jar:8.0.30]
	at com.mysql.cj.protocol.a.NativeSocketConnection.connect(NativeSocketConnection.java:63) ~[mysql-connector-java-8.0.30.jar:8.0.30]
	at com.mysql.cj.NativeSession.connect(NativeSession.java:120) ~[mysql-connector-java-8.0.30.jar:8.0.30]
	at com.mysql.cj.jdbc.ConnectionImpl.connectOneTryOnly(ConnectionImpl.java:948) ~[mysql-connector-java-8.0.30.jar:8.0.30]
	at com.mysql.cj.jdbc.ConnectionImpl.createNewIO(ConnectionImpl.java:818) ~[mysql-connector-java-8.0.30.jar:8.0.30]
	... 11 more
2026-08-12 17:17:49 DEBUG BasicResourcePool:1831 - An exception occurred while acquiring a poolable resource. Will retry.
com.mysql.cj.jdbc.exceptions.CommunicationsException: Communications link failure

The last packet sent successfully to the server was 0 milliseconds ago. The driver has not received any packets from the server.
	at com.mysql.cj.jdbc.exceptions.SQLError.createCommunicationsException(SQLError.java:174) ~[mysql-connector-java-8.0.30.jar:8.0.30]
	at com.mysql.cj.jdbc.exceptions.SQLExceptionsMapping.translateException(SQLExceptionsMapping.java:64) ~[mysql-connector-java-8.0.30.jar:8.0.30]
	at com.mysql.cj.jdbc.ConnectionImpl.createNewIO(ConnectionImpl.java:828) ~[mysql-connector-java-8.0.30.jar:8.0.30]
	at com.mysql.cj.jdbc.ConnectionImpl.<init>(ConnectionImpl.java:448) ~[mysql-connector-java-8.0.30.jar:8.0.30]
	at com.mysql.cj.jdbc.ConnectionImpl.getInstance(ConnectionImpl.java:241) ~[mysql-connector-java-8.0.30.jar:8.0.30]
	at com.mysql.cj.jdbc.NonRegisteringDriver.connect(NonRegisteringDriver.java:198) ~[mysql-connector-java-8.0.30.jar:8.0.30]
	at com.mchange.v2.c3p0.DriverManagerDataSource.getConnection(DriverManagerDataSource.java:134) ~[c3p0-0.9.1.2.jar:0.9.1.2]
	at com.mchange.v2.c3p0.WrapperConnectionPoolDataSource.getPooledConnection(WrapperConnectionPoolDataSource.java:182) ~[c3p0-0.9.1.2.jar:0.9.1.2]
	at com.mchange.v2.c3p0.WrapperConnectionPoolDataSource.getPooledConnection(WrapperConnectionPoolDataSource.java:171) ~[c3p0-0.9.1.2.jar:0.9.1.2]
	at com.mchange.v2.c3p0.impl.C3P0PooledConnectionPool$1PooledConnectionResourcePoolManager.acquireResource(C3P0PooledConnectionPool.java:137) ~[c3p0-0.9.1.2.jar:0.9.1.2]
	at com.mchange.v2.resourcepool.BasicResourcePool.doAcquire(BasicResourcePool.java:1014) ~[c3p0-0.9.1.2.jar:0.9.1.2]
	at com.mchange.v2.resourcepool.BasicResourcePool.access$800(BasicResourcePool.java:32) ~[c3p0-0.9.1.2.jar:0.9.1.2]
	at com.mchange.v2.resourcepool.BasicResourcePool$AcquireTask.run(BasicResourcePool.java:1810) [c3p0-0.9.1.2.jar:0.9.1.2]
	at com.mchange.v2.async.ThreadPoolAsynchronousRunner$PoolThread.run(ThreadPoolAsynchronousRunner.java:547) [c3p0-0.9.1.2.jar:0.9.1.2]
Caused by: com.mysql.cj.exceptions.CJCommunicationsException: Communications link failure

The last packet sent successfully to the server was 0 milliseconds ago. The driver has not received any packets from the server.
	at jdk.internal.reflect.GeneratedConstructorAccessor21.newInstance(Unknown Source) ~[?:?]
	at jdk.internal.reflect.DelegatingConstructorAccessorImpl.newInstance(DelegatingConstructorAccessorImpl.java:45) ~[?:?]
	at java.lang.reflect.Constructor.newInstanceWithCaller(Constructor.java:499) ~[?:?]
	at java.lang.reflect.Constructor.newInstance(Constructor.java:480) ~[?:?]
	at com.mysql.cj.exceptions.ExceptionFactory.createException(ExceptionFactory.java:61) ~[mysql-connector-java-8.0.30.jar:8.0.30]
	at com.mysql.cj.exceptions.ExceptionFactory.createException(ExceptionFactory.java:105) ~[mysql-connector-java-8.0.30.jar:8.0.30]
	at com.mysql.cj.exceptions.ExceptionFactory.createException(ExceptionFactory.java:151) ~[mysql-connector-java-8.0.30.jar:8.0.30]
	at com.mysql.cj.exceptions.ExceptionFactory.createCommunicationsException(ExceptionFactory.java:167) ~[mysql-connector-java-8.0.30.jar:8.0.30]
	at com.mysql.cj.protocol.a.NativeSocketConnection.connect(NativeSocketConnection.java:89) ~[mysql-connector-java-8.0.30.jar:8.0.30]
	at com.mysql.cj.NativeSession.connect(NativeSession.java:120) ~[mysql-connector-java-8.0.30.jar:8.0.30]
	at com.mysql.cj.jdbc.ConnectionImpl.connectOneTryOnly(ConnectionImpl.java:948) ~[mysql-connector-java-8.0.30.jar:8.0.30]
	at com.mysql.cj.jdbc.ConnectionImpl.createNewIO(ConnectionImpl.java:818) ~[mysql-connector-java-8.0.30.jar:8.0.30]
	... 11 more
Caused by: java.net.UnknownHostException: db
	at java.net.InetAddress$CachedAddresses.get(InetAddress.java:801) ~[?:?]
	at java.net.InetAddress.getAllByName0(InetAddress.java:1509) ~[?:?]
	at java.net.InetAddress.getAllByName(InetAddress.java:1367) ~[?:?]
	at java.net.InetAddress.getAllByName(InetAddress.java:1301) ~[?:?]
	at com.mysql.cj.protocol.StandardSocketFactory.connect(StandardSocketFactory.java:130) ~[mysql-connector-java-8.0.30.jar:8.0.30]
	at com.mysql.cj.protocol.a.NativeSocketConnection.connect(NativeSocketConnection.java:63) ~[mysql-connector-java-8.0.30.jar:8.0.30]
	at com.mysql.cj.NativeSession.connect(NativeSession.java:120) ~[mysql-connector-java-8.0.30.jar:8.0.30]
	at com.mysql.cj.jdbc.ConnectionImpl.connectOneTryOnly(ConnectionImpl.java:948) ~[mysql-connector-java-8.0.30.jar:8.0.30]
	at com.mysql.cj.jdbc.ConnectionImpl.createNewIO(ConnectionImpl.java:818) ~[mysql-connector-java-8.0.30.jar:8.0.30]
	... 11 more
2026-08-12 17:17:50 DEBUG BasicResourcePool:1831 - An exception occurred while acquiring a poolable resource. Will retry.
com.mysql.cj.jdbc.exceptions.CommunicationsException: Communications link failure

The last packet sent successfully to the server was 0 milliseconds ago. The driver has not received any packets from the server.
	at com.mysql.cj.jdbc.exceptions.SQLError.createCommunicationsException(SQLError.java:174) ~[mysql-connector-java-8.0.30.jar:8.0.30]
	at com.mysql.cj.jdbc.exceptions.SQLExceptionsMapping.translateException(SQLExceptionsMapping.java:64) ~[mysql-connector-java-8.0.30.jar:8.0.30]
	at com.mysql.cj.jdbc.ConnectionImpl.createNewIO(ConnectionImpl.java:828) ~[mysql-connector-java-8.0.30.jar:8.0.30]
	at com.mysql.cj.jdbc.ConnectionImpl.<init>(ConnectionImpl.java:448) ~[mysql-connector-java-8.0.30.jar:8.0.30]
	at com.mysql.cj.jdbc.ConnectionImpl.getInstance(ConnectionImpl.java:241) ~[mysql-connector-java-8.0.30.jar:8.0.30]
	at com.mysql.cj.jdbc.NonRegisteringDriver.connect(NonRegisteringDriver.java:198) ~[mysql-connector-java-8.0.30.jar:8.0.30]
	at com.mchange.v2.c3p0.DriverManagerDataSource.getConnection(DriverManagerDataSource.java:134) ~[c3p0-0.9.1.2.jar:0.9.1.2]
	at com.mchange.v2.c3p0.WrapperConnectionPoolDataSource.getPooledConnection(WrapperConnectionPoolDataSource.java:182) ~[c3p0-0.9.1.2.jar:0.9.1.2]
	at com.mchange.v2.c3p0.WrapperConnectionPoolDataSource.getPooledConnection(WrapperConnectionPoolDataSource.java:171) ~[c3p0-0.9.1.2.jar:0.9.1.2]
	at com.mchange.v2.c3p0.impl.C3P0PooledConnectionPool$1PooledConnectionResourcePoolManager.acquireResource(C3P0PooledConnectionPool.java:137) ~[c3p0-0.9.1.2.jar:0.9.1.2]
	at com.mchange.v2.resourcepool.BasicResourcePool.doAcquire(BasicResourcePool.java:1014) ~[c3p0-0.9.1.2.jar:0.9.1.2]
	at com.mchange.v2.resourcepool.BasicResourcePool.access$800(BasicResourcePool.java:32) ~[c3p0-0.9.1.2.jar:0.9.1.2]
	at com.mchange.v2.resourcepool.BasicResourcePool$AcquireTask.run(BasicResourcePool.java:1810) [c3p0-0.9.1.2.jar:0.9.1.2]
	at com.mchange.v2.async.ThreadPoolAsynchronousRunner$PoolThread.run(ThreadPoolAsynchronousRunner.java:547) [c3p0-0.9.1.2.jar:0.9.1.2]
Caused by: com.mysql.cj.exceptions.CJCommunicationsException: Communications link failure

The last packet sent successfully to the server was 0 milliseconds ago. The driver has not received any packets from the server.
	at jdk.internal.reflect.GeneratedConstructorAccessor21.newInstance(Unknown Source) ~[?:?]
	at jdk.internal.reflect.DelegatingConstructorAccessorImpl.newInstance(DelegatingConstructorAccessorImpl.java:45) ~[?:?]
	at java.lang.reflect.Constructor.newInstanceWithCaller(Constructor.java:499) ~[?:?]
	at java.lang.reflect.Constructor.newInstance(Constructor.java:480) ~[?:?]
	at com.mysql.cj.exceptions.ExceptionFactory.createException(ExceptionFactory.java:61) ~[mysql-connector-java-8.0.30.jar:8.0.30]
	at com.mysql.cj.exceptions.ExceptionFactory.createException(ExceptionFactory.java:105) ~[mysql-connector-java-8.0.30.jar:8.0.30]
	at com.mysql.cj.exceptions.ExceptionFactory.createException(ExceptionFactory.java:151) ~[mysql-connector-java-8.0.30.jar:8.0.30]
	at com.mysql.cj.exceptions.ExceptionFactory.createCommunicationsException(ExceptionFactory.java:167) ~[mysql-connector-java-8.0.30.jar:8.0.30]
	at com.mysql.cj.protocol.a.NativeSocketConnection.connect(NativeSocketConnection.java:89) ~[mysql-connector-java-8.0.30.jar:8.0.30]
	at com.mysql.cj.NativeSession.connect(NativeSession.java:120) ~[mysql-connector-java-8.0.30.jar:8.0.30]
	at com.mysql.cj.jdbc.ConnectionImpl.connectOneTryOnly(ConnectionImpl.java:948) ~[mysql-connector-java-8.0.30.jar:8.0.30]
	at com.mysql.cj.jdbc.ConnectionImpl.createNewIO(ConnectionImpl.java:818) ~[mysql-connector-java-8.0.30.jar:8.0.30]
	... 11 more
Caused by: java.net.UnknownHostException: db
	at java.net.InetAddress$CachedAddresses.get(InetAddress.java:801) ~[?:?]
	at java.net.InetAddress.getAllByName0(InetAddress.java:1509) ~[?:?]
	at java.net.InetAddress.getAllByName(InetAddress.java:1367) ~[?:?]
	at java.net.InetAddress.getAllByName(InetAddress.java:1301) ~[?:?]
	at com.mysql.cj.protocol.StandardSocketFactory.connect(StandardSocketFactory.java:130) ~[mysql-connector-java-8.0.30.jar:8.0.30]
	at com.mysql.cj.protocol.a.NativeSocketConnection.connect(NativeSocketConnection.java:63) ~[mysql-connector-java-8.0.30.jar:8.0.30]
	at com.mysql.cj.NativeSession.connect(NativeSession.java:120) ~[mysql-connector-java-8.0.30.jar:8.0.30]
	at com.mysql.cj.jdbc.ConnectionImpl.connectOneTryOnly(ConnectionImpl.java:948) ~[mysql-connector-java-8.0.30.jar:8.0.30]
	at com.mysql.cj.jdbc.ConnectionImpl.createNewIO(ConnectionImpl.java:818) ~[mysql-connector-java-8.0.30.jar:8.0.30]
	... 11 more
2026-08-12 17:17:50 DEBUG BasicResourcePool:1831 - An exception occurred while acquiring a poolable resource. Will retry.
com.mysql.cj.jdbc.exceptions.CommunicationsException: Communications link failure

The last packet sent successfully to the server was 0 milliseconds ago. The driver has not received any packets from the server.
	at com.mysql.cj.jdbc.exceptions.SQLError.createCommunicationsException(SQLError.java:174) ~[mysql-connector-java-8.0.30.jar:8.0.30]
	at com.mysql.cj.jdbc.exceptions.SQLExceptionsMapping.translateException(SQLExceptionsMapping.java:64) ~[mysql-connector-java-8.0.30.jar:8.0.30]
	at com.mysql.cj.jdbc.ConnectionImpl.createNewIO(ConnectionImpl.java:828) ~[mysql-connector-java-8.0.30.jar:8.0.30]
	at com.mysql.cj.jdbc.ConnectionImpl.<init>(ConnectionImpl.java:448) ~[mysql-connector-java-8.0.30.jar:8.0.30]
	at com.mysql.cj.jdbc.ConnectionImpl.getInstance(ConnectionImpl.java:241) ~[mysql-connector-java-8.0.30.jar:8.0.30]
	at com.mysql.cj.jdbc.NonRegisteringDriver.connect(NonRegisteringDriver.java:198) ~[mysql-connector-java-8.0.30.jar:8.0.30]
	at com.mchange.v2.c3p0.DriverManagerDataSource.getConnection(DriverManagerDataSource.java:134) ~[c3p0-0.9.1.2.jar:0.9.1.2]
	at com.mchange.v2.c3p0.WrapperConnectionPoolDataSource.getPooledConnection(WrapperConnectionPoolDataSource.java:182) ~[c3p0-0.9.1.2.jar:0.9.1.2]
	at com.mchange.v2.c3p0.WrapperConnectionPoolDataSource.getPooledConnection(WrapperConnectionPoolDataSource.java:171) ~[c3p0-0.9.1.2.jar:0.9.1.2]
	at com.mchange.v2.c3p0.impl.C3P0PooledConnectionPool$1PooledConnectionResourcePoolManager.acquireResource(C3P0PooledConnectionPool.java:137) ~[c3p0-0.9.1.2.jar:0.9.1.2]
	at com.mchange.v2.resourcepool.BasicResourcePool.doAcquire(BasicResourcePool.java:1014) ~[c3p0-0.9.1.2.jar:0.9.1.2]
	at com.mchange.v2.resourcepool.BasicResourcePool.access$800(BasicResourcePool.java:32) ~[c3p0-0.9.1.2.jar:0.9.1.2]
	at com.mchange.v2.resourcepool.BasicResourcePool$AcquireTask.run(BasicResourcePool.java:1810) [c3p0-0.9.1.2.jar:0.9.1.2]
	at com.mchange.v2.async.ThreadPoolAsynchronousRunner$PoolThread.run(ThreadPoolAsynchronousRunner.java:547) [c3p0-0.9.1.2.jar:0.9.1.2]
Caused by: com.mysql.cj.exceptions.CJCommunicationsException: Communications link failure

The last packet sent successfully to the server was 0 milliseconds ago. The driver has not received any packets from the server.
	at jdk.internal.reflect.GeneratedConstructorAccessor21.newInstance(Unknown Source) ~[?:?]
	at jdk.internal.reflect.DelegatingConstructorAccessorImpl.newInstance(DelegatingConstructorAccessorImpl.java:45) ~[?:?]
	at java.lang.reflect.Constructor.newInstanceWithCaller(Constructor.java:499) ~[?:?]
	at java.lang.reflect.Constructor.newInstance(Constructor.java:480) ~[?:?]
	at com.mysql.cj.exceptions.ExceptionFactory.createException(ExceptionFactory.java:61) ~[mysql-connector-java-8.0.30.jar:8.0.30]
	at com.mysql.cj.exceptions.ExceptionFactory.createException(ExceptionFactory.java:105) ~[mysql-connector-java-8.0.30.jar:8.0.30]
	at com.mysql.cj.exceptions.ExceptionFactory.createException(ExceptionFactory.java:151) ~[mysql-connector-java-8.0.30.jar:8.0.30]
	at com.mysql.cj.exceptions.ExceptionFactory.createCommunicationsException(ExceptionFactory.java:167) ~[mysql-connector-java-8.0.30.jar:8.0.30]
	at com.mysql.cj.protocol.a.NativeSocketConnection.connect(NativeSocketConnection.java:89) ~[mysql-connector-java-8.0.30.jar:8.0.30]
	at com.mysql.cj.NativeSession.connect(NativeSession.java:120) ~[mysql-connector-java-8.0.30.jar:8.0.30]
	at com.mysql.cj.jdbc.ConnectionImpl.connectOneTryOnly(ConnectionImpl.java:948) ~[mysql-connector-java-8.0.30.jar:8.0.30]
	at com.mysql.cj.jdbc.ConnectionImpl.createNewIO(ConnectionImpl.java:818) ~[mysql-connector-java-8.0.30.jar:8.0.30]
	... 11 more
Caused by: java.net.UnknownHostException: db
	at java.net.InetAddress$CachedAddresses.get(InetAddress.java:801) ~[?:?]
	at java.net.InetAddress.getAllByName0(InetAddress.java:1509) ~[?:?]
	at java.net.InetAddress.getAllByName(InetAddress.java:1367) ~[?:?]
	at java.net.InetAddress.getAllByName(InetAddress.java:1301) ~[?:?]
	at com.mysql.cj.protocol.StandardSocketFactory.connect(StandardSocketFactory.java:130) ~[mysql-connector-java-8.0.30.jar:8.0.30]
	at com.mysql.cj.protocol.a.NativeSocketConnection.connect(NativeSocketConnection.java:63) ~[mysql-connector-java-8.0.30.jar:8.0.30]
	at com.mysql.cj.NativeSession.connect(NativeSession.java:120) ~[mysql-connector-java-8.0.30.jar:8.0.30]
	at com.mysql.cj.jdbc.ConnectionImpl.connectOneTryOnly(ConnectionImpl.java:948) ~[mysql-connector-java-8.0.30.jar:8.0.30]
	at com.mysql.cj.jdbc.ConnectionImpl.createNewIO(ConnectionImpl.java:818) ~[mysql-connector-java-8.0.30.jar:8.0.30]
	... 11 more
2026-08-12 17:17:50 DEBUG BasicResourcePool:1935 - Checking for expired resources - Wed Aug 12 17:17:50 IST 2026 [com.mchange.v2.resourcepool.BasicResourcePool@208f1c20]
2026-08-12 17:17:50 DEBUG BasicResourcePool:1447 - BEGIN check for expired resources.  [com.mchange.v2.resourcepool.BasicResourcePool@208f1c20]
2026-08-12 17:17:50 DEBUG BasicResourcePool:1468 - FINISHED check for expired resources.  [com.mchange.v2.resourcepool.BasicResourcePool@208f1c20]
2026-08-12 17:17:51 DEBUG BasicResourcePool:1831 - An exception occurred while acquiring a poolable resource. Will retry.
com.mysql.cj.jdbc.exceptions.CommunicationsException: Communications link failure

The last packet sent successfully to the server was 0 milliseconds ago. The driver has not received any packets from the server.
	at com.mysql.cj.jdbc.exceptions.SQLError.createCommunicationsException(SQLError.java:174) ~[mysql-connector-java-8.0.30.jar:8.0.30]
	at com.mysql.cj.jdbc.exceptions.SQLExceptionsMapping.translateException(SQLExceptionsMapping.java:64) ~[mysql-connector-java-8.0.30.jar:8.0.30]
	at com.mysql.cj.jdbc.ConnectionImpl.createNewIO(ConnectionImpl.java:828) ~[mysql-connector-java-8.0.30.jar:8.0.30]
	at com.mysql.cj.jdbc.ConnectionImpl.<init>(ConnectionImpl.java:448) ~[mysql-connector-java-8.0.30.jar:8.0.30]
	at com.mysql.cj.jdbc.ConnectionImpl.getInstance(ConnectionImpl.java:241) ~[mysql-connector-java-8.0.30.jar:8.0.30]
	at com.mysql.cj.jdbc.NonRegisteringDriver.connect(NonRegisteringDriver.java:198) ~[mysql-connector-java-8.0.30.jar:8.0.30]
	at com.mchange.v2.c3p0.DriverManagerDataSource.getConnection(DriverManagerDataSource.java:134) ~[c3p0-0.9.1.2.jar:0.9.1.2]
	at com.mchange.v2.c3p0.WrapperConnectionPoolDataSource.getPooledConnection(WrapperConnectionPoolDataSource.java:182) ~[c3p0-0.9.1.2.jar:0.9.1.2]
	at com.mchange.v2.c3p0.WrapperConnectionPoolDataSource.getPooledConnection(WrapperConnectionPoolDataSource.java:171) ~[c3p0-0.9.1.2.jar:0.9.1.2]
	at com.mchange.v2.c3p0.impl.C3P0PooledConnectionPool$1PooledConnectionResourcePoolManager.acquireResource(C3P0PooledConnectionPool.java:137) ~[c3p0-0.9.1.2.jar:0.9.1.2]
	at com.mchange.v2.resourcepool.BasicResourcePool.doAcquire(BasicResourcePool.java:1014) ~[c3p0-0.9.1.2.jar:0.9.1.2]
	at com.mchange.v2.resourcepool.BasicResourcePool.access$800(BasicResourcePool.java:32) ~[c3p0-0.9.1.2.jar:0.9.1.2]
	at com.mchange.v2.resourcepool.BasicResourcePool$AcquireTask.run(BasicResourcePool.java:1810) [c3p0-0.9.1.2.jar:0.9.1.2]
	at com.mchange.v2.async.ThreadPoolAsynchronousRunner$PoolThread.run(ThreadPoolAsynchronousRunner.java:547) [c3p0-0.9.1.2.jar:0.9.1.2]
Caused by: com.mysql.cj.exceptions.CJCommunicationsException: Communications link failure

The last packet sent successfully to the server was 0 milliseconds ago. The driver has not received any packets from the server.
	at jdk.internal.reflect.GeneratedConstructorAccessor21.newInstance(Unknown Source) ~[?:?]
	at jdk.internal.reflect.DelegatingConstructorAccessorImpl.newInstance(DelegatingConstructorAccessorImpl.java:45) ~[?:?]
	at java.lang.reflect.Constructor.newInstanceWithCaller(Constructor.java:499) ~[?:?]
	at java.lang.reflect.Constructor.newInstance(Constructor.java:480) ~[?:?]
	at com.mysql.cj.exceptions.ExceptionFactory.createException(ExceptionFactory.java:61) ~[mysql-connector-java-8.0.30.jar:8.0.30]
	at com.mysql.cj.exceptions.ExceptionFactory.createException(ExceptionFactory.java:105) ~[mysql-connector-java-8.0.30.jar:8.0.30]
	at com.mysql.cj.exceptions.ExceptionFactory.createException(ExceptionFactory.java:151) ~[mysql-connector-java-8.0.30.jar:8.0.30]
	at com.mysql.cj.exceptions.ExceptionFactory.createCommunicationsException(ExceptionFactory.java:167) ~[mysql-connector-java-8.0.30.jar:8.0.30]
	at com.mysql.cj.protocol.a.NativeSocketConnection.connect(NativeSocketConnection.java:89) ~[mysql-connector-java-8.0.30.jar:8.0.30]
	at com.mysql.cj.NativeSession.connect(NativeSession.java:120) ~[mysql-connector-java-8.0.30.jar:8.0.30]
	at com.mysql.cj.jdbc.ConnectionImpl.connectOneTryOnly(ConnectionImpl.java:948) ~[mysql-connector-java-8.0.30.jar:8.0.30]
	at com.mysql.cj.jdbc.ConnectionImpl.createNewIO(ConnectionImpl.java:818) ~[mysql-connector-java-8.0.30.jar:8.0.30]
	... 11 more
Caused by: java.net.UnknownHostException: db
	at java.net.InetAddress$CachedAddresses.get(InetAddress.java:801) ~[?:?]
	at java.net.InetAddress.getAllByName0(InetAddress.java:1509) ~[?:?]
	at java.net.InetAddress.getAllByName(InetAddress.java:1367) ~[?:?]
	at java.net.InetAddress.getAllByName(InetAddress.java:1301) ~[?:?]
	at com.mysql.cj.protocol.StandardSocketFactory.connect(StandardSocketFactory.java:130) ~[mysql-connector-java-8.0.30.jar:8.0.30]
	at com.mysql.cj.protocol.a.NativeSocketConnection.connect(NativeSocketConnection.java:63) ~[mysql-connector-java-8.0.30.jar:8.0.30]
	at com.mysql.cj.NativeSession.connect(NativeSession.java:120) ~[mysql-connector-java-8.0.30.jar:8.0.30]
	at com.mysql.cj.jdbc.ConnectionImpl.connectOneTryOnly(ConnectionImpl.java:948) ~[mysql-connector-java-8.0.30.jar:8.0.30]
	at com.mysql.cj.jdbc.ConnectionImpl.createNewIO(ConnectionImpl.java:818) ~[mysql-connector-java-8.0.30.jar:8.0.30]
	... 11 more
2026-08-12 17:17:51 DEBUG BasicResourcePool:1831 - An exception occurred while acquiring a poolable resource. Will retry.
com.mysql.cj.jdbc.exceptions.CommunicationsException: Communications link failure

The last packet sent successfully to the server was 0 milliseconds ago. The driver has not received any packets from the server.
	at com.mysql.cj.jdbc.exceptions.SQLError.createCommunicationsException(SQLError.java:174) ~[mysql-connector-java-8.0.30.jar:8.0.30]
	at com.mysql.cj.jdbc.exceptions.SQLExceptionsMapping.translateException(SQLExceptionsMapping.java:64) ~[mysql-connector-java-8.0.30.jar:8.0.30]
	at com.mysql.cj.jdbc.ConnectionImpl.createNewIO(ConnectionImpl.java:828) ~[mysql-connector-java-8.0.30.jar:8.0.30]
	at com.mysql.cj.jdbc.ConnectionImpl.<init>(ConnectionImpl.java:448) ~[mysql-connector-java-8.0.30.jar:8.0.30]
	at com.mysql.cj.jdbc.ConnectionImpl.getInstance(ConnectionImpl.java:241) ~[mysql-connector-java-8.0.30.jar:8.0.30]
	at com.mysql.cj.jdbc.NonRegisteringDriver.connect(NonRegisteringDriver.java:198) ~[mysql-connector-java-8.0.30.jar:8.0.30]
	at com.mchange.v2.c3p0.DriverManagerDataSource.getConnection(DriverManagerDataSource.java:134) ~[c3p0-0.9.1.2.jar:0.9.1.2]
	at com.mchange.v2.c3p0.WrapperConnectionPoolDataSource.getPooledConnection(WrapperConnectionPoolDataSource.java:182) ~[c3p0-0.9.1.2.jar:0.9.1.2]
	at com.mchange.v2.c3p0.WrapperConnectionPoolDataSource.getPooledConnection(WrapperConnectionPoolDataSource.java:171) ~[c3p0-0.9.1.2.jar:0.9.1.2]
	at com.mchange.v2.c3p0.impl.C3P0PooledConnectionPool$1PooledConnectionResourcePoolManager.acquireResource(C3P0PooledConnectionPool.java:137) ~[c3p0-0.9.1.2.jar:0.9.1.2]
	at com.mchange.v2.resourcepool.BasicResourcePool.doAcquire(BasicResourcePool.java:1014) ~[c3p0-0.9.1.2.jar:0.9.1.2]
	at com.mchange.v2.resourcepool.BasicResourcePool.access$800(BasicResourcePool.java:32) ~[c3p0-0.9.1.2.jar:0.9.1.2]
	at com.mchange.v2.resourcepool.BasicResourcePool$AcquireTask.run(BasicResourcePool.java:1810) [c3p0-0.9.1.2.jar:0.9.1.2]
	at com.mchange.v2.async.ThreadPoolAsynchronousRunner$PoolThread.run(ThreadPoolAsynchronousRunner.java:547) [c3p0-0.9.1.2.jar:0.9.1.2]
Caused by: com.mysql.cj.exceptions.CJCommunicationsException: Communications link failure

The last packet sent successfully to the server was 0 milliseconds ago. The driver has not received any packets from the server.
	at jdk.internal.reflect.GeneratedConstructorAccessor21.newInstance(Unknown Source) ~[?:?]
	at jdk.internal.reflect.DelegatingConstructorAccessorImpl.newInstance(DelegatingConstructorAccessorImpl.java:45) ~[?:?]
	at java.lang.reflect.Constructor.newInstanceWithCaller(Constructor.java:499) ~[?:?]
	at java.lang.reflect.Constructor.newInstance(Constructor.java:480) ~[?:?]
	at com.mysql.cj.exceptions.ExceptionFactory.createException(ExceptionFactory.java:61) ~[mysql-connector-java-8.0.30.jar:8.0.30]
	at com.mysql.cj.exceptions.ExceptionFactory.createException(ExceptionFactory.java:105) ~[mysql-connector-java-8.0.30.jar:8.0.30]
	at com.mysql.cj.exceptions.ExceptionFactory.createException(ExceptionFactory.java:151) ~[mysql-connector-java-8.0.30.jar:8.0.30]
	at com.mysql.cj.exceptions.ExceptionFactory.createCommunicationsException(ExceptionFactory.java:167) ~[mysql-connector-java-8.0.30.jar:8.0.30]
	at com.mysql.cj.protocol.a.NativeSocketConnection.connect(NativeSocketConnection.java:89) ~[mysql-connector-java-8.0.30.jar:8.0.30]
	at com.mysql.cj.NativeSession.connect(NativeSession.java:120) ~[mysql-connector-java-8.0.30.jar:8.0.30]
	at com.mysql.cj.jdbc.ConnectionImpl.connectOneTryOnly(ConnectionImpl.java:948) ~[mysql-connector-java-8.0.30.jar:8.0.30]
	at com.mysql.cj.jdbc.ConnectionImpl.createNewIO(ConnectionImpl.java:818) ~[mysql-connector-java-8.0.30.jar:8.0.30]
	... 11 more
Caused by: java.net.UnknownHostException: db
	at java.net.InetAddress$CachedAddresses.get(InetAddress.java:801) ~[?:?]
	at java.net.InetAddress.getAllByName0(InetAddress.java:1509) ~[?:?]
	at java.net.InetAddress.getAllByName(InetAddress.java:1367) ~[?:?]
	at java.net.InetAddress.getAllByName(InetAddress.java:1301) ~[?:?]
	at com.mysql.cj.protocol.StandardSocketFactory.connect(StandardSocketFactory.java:130) ~[mysql-connector-java-8.0.30.jar:8.0.30]
	at com.mysql.cj.protocol.a.NativeSocketConnection.connect(NativeSocketConnection.java:63) ~[mysql-connector-java-8.0.30.jar:8.0.30]
	at com.mysql.cj.NativeSession.connect(NativeSession.java:120) ~[mysql-connector-java-8.0.30.jar:8.0.30]
	at com.mysql.cj.jdbc.ConnectionImpl.connectOneTryOnly(ConnectionImpl.java:948) ~[mysql-connector-java-8.0.30.jar:8.0.30]
	at com.mysql.cj.jdbc.ConnectionImpl.createNewIO(ConnectionImpl.java:818) ~[mysql-connector-java-8.0.30.jar:8.0.30]
	... 11 more
2026-08-12 17:17:53 DEBUG BasicResourcePool:1935 - Checking for expired resources - Wed Aug 12 17:17:53 IST 2026 [com.mchange.v2.resourcepool.BasicResourcePool@208f1c20]
2026-08-12 17:17:53 DEBUG BasicResourcePool:1447 - BEGIN check for expired resources.  [com.mchange.v2.resourcepool.BasicResourcePool@208f1c20]
2026-08-12 17:17:53 DEBUG BasicResourcePool:1468 - FINISHED check for expired resources.  [com.mchange.v2.resourcepool.BasicResourcePool@208f1c20]
2026-08-12 17:17:54 DEBUG BasicResourcePool:1831 - An exception occurred while acquiring a poolable resource. Will retry.
com.mysql.cj.jdbc.exceptions.CommunicationsException: Communications link failure

The last packet sent successfully to the server was 0 milliseconds ago. The driver has not received any packets from the server.
	at com.mysql.cj.jdbc.exceptions.SQLError.createCommunicationsException(SQLError.java:174) ~[mysql-connector-java-8.0.30.jar:8.0.30]
	at com.mysql.cj.jdbc.exceptions.SQLExceptionsMapping.translateException(SQLExceptionsMapping.java:64) ~[mysql-connector-java-8.0.30.jar:8.0.30]
	at com.mysql.cj.jdbc.ConnectionImpl.createNewIO(ConnectionImpl.java:828) ~[mysql-connector-java-8.0.30.jar:8.0.30]
	at com.mysql.cj.jdbc.ConnectionImpl.<init>(ConnectionImpl.java:448) ~[mysql-connector-java-8.0.30.jar:8.0.30]
	at com.mysql.cj.jdbc.ConnectionImpl.getInstance(ConnectionImpl.java:241) ~[mysql-connector-java-8.0.30.jar:8.0.30]
	at com.mysql.cj.jdbc.NonRegisteringDriver.connect(NonRegisteringDriver.java:198) ~[mysql-connector-java-8.0.30.jar:8.0.30]
	at com.mchange.v2.c3p0.DriverManagerDataSource.getConnection(DriverManagerDataSource.java:134) ~[c3p0-0.9.1.2.jar:0.9.1.2]
	at com.mchange.v2.c3p0.WrapperConnectionPoolDataSource.getPooledConnection(WrapperConnectionPoolDataSource.java:182) ~[c3p0-0.9.1.2.jar:0.9.1.2]
	at com.mchange.v2.c3p0.WrapperConnectionPoolDataSource.getPooledConnection(WrapperConnectionPoolDataSource.java:171) ~[c3p0-0.9.1.2.jar:0.9.1.2]
	at com.mchange.v2.c3p0.impl.C3P0PooledConnectionPool$1PooledConnectionResourcePoolManager.acquireResource(C3P0PooledConnectionPool.java:137) ~[c3p0-0.9.1.2.jar:0.9.1.2]
	at com.mchange.v2.resourcepool.BasicResourcePool.doAcquire(BasicResourcePool.java:1014) ~[c3p0-0.9.1.2.jar:0.9.1.2]
	at com.mchange.v2.resourcepool.BasicResourcePool.access$800(BasicResourcePool.java:32) ~[c3p0-0.9.1.2.jar:0.9.1.2]
	at com.mchange.v2.resourcepool.BasicResourcePool$AcquireTask.run(BasicResourcePool.java:1810) [c3p0-0.9.1.2.jar:0.9.1.2]
	at com.mchange.v2.async.ThreadPoolAsynchronousRunner$PoolThread.run(ThreadPoolAsynchronousRunner.java:547) [c3p0-0.9.1.2.jar:0.9.1.2]
Caused by: com.mysql.cj.exceptions.CJCommunicationsException: Communications link failure

The last packet sent successfully to the server was 0 milliseconds ago. The driver has not received any packets from the server.
	at jdk.internal.reflect.GeneratedConstructorAccessor21.newInstance(Unknown Source) ~[?:?]
	at jdk.internal.reflect.DelegatingConstructorAccessorImpl.newInstance(DelegatingConstructorAccessorImpl.java:45) ~[?:?]
	at java.lang.reflect.Constructor.newInstanceWithCaller(Constructor.java:499) ~[?:?]
	at java.lang.reflect.Constructor.newInstance(Constructor.java:480) ~[?:?]
	at com.mysql.cj.exceptions.ExceptionFactory.createException(ExceptionFactory.java:61) ~[mysql-connector-java-8.0.30.jar:8.0.30]
	at com.mysql.cj.exceptions.ExceptionFactory.createException(ExceptionFactory.java:105) ~[mysql-connector-java-8.0.30.jar:8.0.30]
	at com.mysql.cj.exceptions.ExceptionFactory.createException(ExceptionFactory.java:151) ~[mysql-connector-java-8.0.30.jar:8.0.30]
	at com.mysql.cj.exceptions.ExceptionFactory.createCommunicationsException(ExceptionFactory.java:167) ~[mysql-connector-java-8.0.30.jar:8.0.30]
	at com.mysql.cj.protocol.a.NativeSocketConnection.connect(NativeSocketConnection.java:89) ~[mysql-connector-java-8.0.30.jar:8.0.30]
	at com.mysql.cj.NativeSession.connect(NativeSession.java:120) ~[mysql-connector-java-8.0.30.jar:8.0.30]
	at com.mysql.cj.jdbc.ConnectionImpl.connectOneTryOnly(ConnectionImpl.java:948) ~[mysql-connector-java-8.0.30.jar:8.0.30]
	at com.mysql.cj.jdbc.ConnectionImpl.createNewIO(ConnectionImpl.java:818) ~[mysql-connector-java-8.0.30.jar:8.0.30]
	... 11 more
Caused by: java.net.UnknownHostException: db
	at java.net.InetAddress$CachedAddresses.get(InetAddress.java:801) ~[?:?]
	at java.net.InetAddress$NameServiceAddresses.get(InetAddress.java:887) ~[?:?]
	at java.net.InetAddress.getAllByName0(InetAddress.java:1509) ~[?:?]
	at java.net.InetAddress.getAllByName(InetAddress.java:1367) ~[?:?]
	at java.net.InetAddress.getAllByName(InetAddress.java:1301) ~[?:?]
	at com.mysql.cj.protocol.StandardSocketFactory.connect(StandardSocketFactory.java:130) ~[mysql-connector-java-8.0.30.jar:8.0.30]
	at com.mysql.cj.protocol.a.NativeSocketConnection.connect(NativeSocketConnection.java:63) ~[mysql-connector-java-8.0.30.jar:8.0.30]
	at com.mysql.cj.NativeSession.connect(NativeSession.java:120) ~[mysql-connector-java-8.0.30.jar:8.0.30]
	at com.mysql.cj.jdbc.ConnectionImpl.connectOneTryOnly(ConnectionImpl.java:948) ~[mysql-connector-java-8.0.30.jar:8.0.30]
	at com.mysql.cj.jdbc.ConnectionImpl.createNewIO(ConnectionImpl.java:818) ~[mysql-connector-java-8.0.30.jar:8.0.30]
	... 11 more
2026-08-12 17:17:54 DEBUG BasicResourcePool:1831 - An exception occurred while acquiring a poolable resource. Will retry.
com.mysql.cj.jdbc.exceptions.CommunicationsException: Communications link failure

The last packet sent successfully to the server was 0 milliseconds ago. The driver has not received any packets from the server.
	at com.mysql.cj.jdbc.exceptions.SQLError.createCommunicationsException(SQLError.java:174) ~[mysql-connector-java-8.0.30.jar:8.0.30]
	at com.mysql.cj.jdbc.exceptions.SQLExceptionsMapping.translateException(SQLExceptionsMapping.java:64) ~[mysql-connector-java-8.0.30.jar:8.0.30]
	at com.mysql.cj.jdbc.ConnectionImpl.createNewIO(ConnectionImpl.java:828) ~[mysql-connector-java-8.0.30.jar:8.0.30]
	at com.mysql.cj.jdbc.ConnectionImpl.<init>(ConnectionImpl.java:448) ~[mysql-connector-java-8.0.30.jar:8.0.30]
	at com.mysql.cj.jdbc.ConnectionImpl.getInstance(ConnectionImpl.java:241) ~[mysql-connector-java-8.0.30.jar:8.0.30]
	at com.mysql.cj.jdbc.NonRegisteringDriver.connect(NonRegisteringDriver.java:198) ~[mysql-connector-java-8.0.30.jar:8.0.30]
	at com.mchange.v2.c3p0.DriverManagerDataSource.getConnection(DriverManagerDataSource.java:134) ~[c3p0-0.9.1.2.jar:0.9.1.2]
	at com.mchange.v2.c3p0.WrapperConnectionPoolDataSource.getPooledConnection(WrapperConnectionPoolDataSource.java:182) ~[c3p0-0.9.1.2.jar:0.9.1.2]
	at com.mchange.v2.c3p0.WrapperConnectionPoolDataSource.getPooledConnection(WrapperConnectionPoolDataSource.java:171) ~[c3p0-0.9.1.2.jar:0.9.1.2]
	at com.mchange.v2.c3p0.impl.C3P0PooledConnectionPool$1PooledConnectionResourcePoolManager.acquireResource(C3P0PooledConnectionPool.java:137) ~[c3p0-0.9.1.2.jar:0.9.1.2]
	at com.mchange.v2.resourcepool.BasicResourcePool.doAcquire(BasicResourcePool.java:1014) ~[c3p0-0.9.1.2.jar:0.9.1.2]
	at com.mchange.v2.resourcepool.BasicResourcePool.access$800(BasicResourcePool.java:32) ~[c3p0-0.9.1.2.jar:0.9.1.2]
	at com.mchange.v2.resourcepool.BasicResourcePool$AcquireTask.run(BasicResourcePool.java:1810) [c3p0-0.9.1.2.jar:0.9.1.2]
	at com.mchange.v2.async.ThreadPoolAsynchronousRunner$PoolThread.run(ThreadPoolAsynchronousRunner.java:547) [c3p0-0.9.1.2.jar:0.9.1.2]
Caused by: com.mysql.cj.exceptions.CJCommunicationsException: Communications link failure

The last packet sent successfully to the server was 0 milliseconds ago. The driver has not received any packets from the server.
	at jdk.internal.reflect.GeneratedConstructorAccessor21.newInstance(Unknown Source) ~[?:?]
	at jdk.internal.reflect.DelegatingConstructorAccessorImpl.newInstance(DelegatingConstructorAccessorImpl.java:45) ~[?:?]
	at java.lang.reflect.Constructor.newInstanceWithCaller(Constructor.java:499) ~[?:?]
	at java.lang.reflect.Constructor.newInstance(Constructor.java:480) ~[?:?]
	at com.mysql.cj.exceptions.ExceptionFactory.createException(ExceptionFactory.java:61) ~[mysql-connector-java-8.0.30.jar:8.0.30]
	at com.mysql.cj.exceptions.ExceptionFactory.createException(ExceptionFactory.java:105) ~[mysql-connector-java-8.0.30.jar:8.0.30]
	at com.mysql.cj.exceptions.ExceptionFactory.createException(ExceptionFactory.java:151) ~[mysql-connector-java-8.0.30.jar:8.0.30]
	at com.mysql.cj.exceptions.ExceptionFactory.createCommunicationsException(ExceptionFactory.java:167) ~[mysql-connector-java-8.0.30.jar:8.0.30]
	at com.mysql.cj.protocol.a.NativeSocketConnection.connect(NativeSocketConnection.java:89) ~[mysql-connector-java-8.0.30.jar:8.0.30]
	at com.mysql.cj.NativeSession.connect(NativeSession.java:120) ~[mysql-connector-java-8.0.30.jar:8.0.30]
	at com.mysql.cj.jdbc.ConnectionImpl.connectOneTryOnly(ConnectionImpl.java:948) ~[mysql-connector-java-8.0.30.jar:8.0.30]
	at com.mysql.cj.jdbc.ConnectionImpl.createNewIO(ConnectionImpl.java:818) ~[mysql-connector-java-8.0.30.jar:8.0.30]
	... 11 more
Caused by: java.net.UnknownHostException: No such host is known (db)
	at java.net.Inet6AddressImpl.lookupAllHostAddr(Native Method) ~[?:?]
	at java.net.InetAddress$PlatformNameService.lookupAllHostAddr(InetAddress.java:933) ~[?:?]
	at java.net.InetAddress.getAddressesFromNameService(InetAddress.java:1519) ~[?:?]
	at java.net.InetAddress$NameServiceAddresses.get(InetAddress.java:852) ~[?:?]
	at java.net.InetAddress.getAllByName0(InetAddress.java:1509) ~[?:?]
	at java.net.InetAddress.getAllByName(InetAddress.java:1367) ~[?:?]
	at java.net.InetAddress.getAllByName(InetAddress.java:1301) ~[?:?]
	at com.mysql.cj.protocol.StandardSocketFactory.connect(StandardSocketFactory.java:130) ~[mysql-connector-java-8.0.30.jar:8.0.30]
	at com.mysql.cj.protocol.a.NativeSocketConnection.connect(NativeSocketConnection.java:63) ~[mysql-connector-java-8.0.30.jar:8.0.30]
	at com.mysql.cj.NativeSession.connect(NativeSession.java:120) ~[mysql-connector-java-8.0.30.jar:8.0.30]
	at com.mysql.cj.jdbc.ConnectionImpl.connectOneTryOnly(ConnectionImpl.java:948) ~[mysql-connector-java-8.0.30.jar:8.0.30]
	at com.mysql.cj.jdbc.ConnectionImpl.createNewIO(ConnectionImpl.java:818) ~[mysql-connector-java-8.0.30.jar:8.0.30]
	... 11 more
2026-08-12 17:17:55 DEBUG BasicResourcePool:1935 - Checking for expired resources - Wed Aug 12 17:17:55 IST 2026 [com.mchange.v2.resourcepool.BasicResourcePool@208f1c20]
2026-08-12 17:17:55 DEBUG BasicResourcePool:1447 - BEGIN check for expired resources.  [com.mchange.v2.resourcepool.BasicResourcePool@208f1c20]
2026-08-12 17:17:55 DEBUG BasicResourcePool:1468 - FINISHED check for expired resources.  [com.mchange.v2.resourcepool.BasicResourcePool@208f1c20]
2026-08-12 17:17:55 DEBUG BasicResourcePool:1831 - An exception occurred while acquiring a poolable resource. Will retry.
com.mysql.cj.jdbc.exceptions.CommunicationsException: Communications link failure

The last packet sent successfully to the server was 0 milliseconds ago. The driver has not received any packets from the server.
	at com.mysql.cj.jdbc.exceptions.SQLError.createCommunicationsException(SQLError.java:174) ~[mysql-connector-java-8.0.30.jar:8.0.30]
	at com.mysql.cj.jdbc.exceptions.SQLExceptionsMapping.translateException(SQLExceptionsMapping.java:64) ~[mysql-connector-java-8.0.30.jar:8.0.30]
	at com.mysql.cj.jdbc.ConnectionImpl.createNewIO(ConnectionImpl.java:828) ~[mysql-connector-java-8.0.30.jar:8.0.30]
	at com.mysql.cj.jdbc.ConnectionImpl.<init>(ConnectionImpl.java:448) ~[mysql-connector-java-8.0.30.jar:8.0.30]
	at com.mysql.cj.jdbc.ConnectionImpl.getInstance(ConnectionImpl.java:241) ~[mysql-connector-java-8.0.30.jar:8.0.30]
	at com.mysql.cj.jdbc.NonRegisteringDriver.connect(NonRegisteringDriver.java:198) ~[mysql-connector-java-8.0.30.jar:8.0.30]
	at com.mchange.v2.c3p0.DriverManagerDataSource.getConnection(DriverManagerDataSource.java:134) ~[c3p0-0.9.1.2.jar:0.9.1.2]
	at com.mchange.v2.c3p0.WrapperConnectionPoolDataSource.getPooledConnection(WrapperConnectionPoolDataSource.java:182) ~[c3p0-0.9.1.2.jar:0.9.1.2]
	at com.mchange.v2.c3p0.WrapperConnectionPoolDataSource.getPooledConnection(WrapperConnectionPoolDataSource.java:171) ~[c3p0-0.9.1.2.jar:0.9.1.2]
	at com.mchange.v2.c3p0.impl.C3P0PooledConnectionPool$1PooledConnectionResourcePoolManager.acquireResource(C3P0PooledConnectionPool.java:137) ~[c3p0-0.9.1.2.jar:0.9.1.2]
	at com.mchange.v2.resourcepool.BasicResourcePool.doAcquire(BasicResourcePool.java:1014) ~[c3p0-0.9.1.2.jar:0.9.1.2]
	at com.mchange.v2.resourcepool.BasicResourcePool.access$800(BasicResourcePool.java:32) ~[c3p0-0.9.1.2.jar:0.9.1.2]
	at com.mchange.v2.resourcepool.BasicResourcePool$AcquireTask.run(BasicResourcePool.java:1810) [c3p0-0.9.1.2.jar:0.9.1.2]
	at com.mchange.v2.async.ThreadPoolAsynchronousRunner$PoolThread.run(ThreadPoolAsynchronousRunner.java:547) [c3p0-0.9.1.2.jar:0.9.1.2]
Caused by: com.mysql.cj.exceptions.CJCommunicationsException: Communications link failure

The last packet sent successfully to the server was 0 milliseconds ago. The driver has not received any packets from the server.
	at jdk.internal.reflect.GeneratedConstructorAccessor21.newInstance(Unknown Source) ~[?:?]
	at jdk.internal.reflect.DelegatingConstructorAccessorImpl.newInstance(DelegatingConstructorAccessorImpl.java:45) ~[?:?]
	at java.lang.reflect.Constructor.newInstanceWithCaller(Constructor.java:499) ~[?:?]
	at java.lang.reflect.Constructor.newInstance(Constructor.java:480) ~[?:?]
	at com.mysql.cj.exceptions.ExceptionFactory.createException(ExceptionFactory.java:61) ~[mysql-connector-java-8.0.30.jar:8.0.30]
	at com.mysql.cj.exceptions.ExceptionFactory.createException(ExceptionFactory.java:105) ~[mysql-connector-java-8.0.30.jar:8.0.30]
	at com.mysql.cj.exceptions.ExceptionFactory.createException(ExceptionFactory.java:151) ~[mysql-connector-java-8.0.30.jar:8.0.30]
	at com.mysql.cj.exceptions.ExceptionFactory.createCommunicationsException(ExceptionFactory.java:167) ~[mysql-connector-java-8.0.30.jar:8.0.30]
	at com.mysql.cj.protocol.a.NativeSocketConnection.connect(NativeSocketConnection.java:89) ~[mysql-connector-java-8.0.30.jar:8.0.30]
	at com.mysql.cj.NativeSession.connect(NativeSession.java:120) ~[mysql-connector-java-8.0.30.jar:8.0.30]
	at com.mysql.cj.jdbc.ConnectionImpl.connectOneTryOnly(ConnectionImpl.java:948) ~[mysql-connector-java-8.0.30.jar:8.0.30]
	at com.mysql.cj.jdbc.ConnectionImpl.createNewIO(ConnectionImpl.java:818) ~[mysql-connector-java-8.0.30.jar:8.0.30]
	... 11 more
Caused by: java.net.UnknownHostException: db
	at java.net.InetAddress$CachedAddresses.get(InetAddress.java:801) ~[?:?]
	at java.net.InetAddress.getAllByName0(InetAddress.java:1509) ~[?:?]
	at java.net.InetAddress.getAllByName(InetAddress.java:1367) ~[?:?]
	at java.net.InetAddress.getAllByName(InetAddress.java:1301) ~[?:?]
	at com.mysql.cj.protocol.StandardSocketFactory.connect(StandardSocketFactory.java:130) ~[mysql-connector-java-8.0.30.jar:8.0.30]
	at com.mysql.cj.protocol.a.NativeSocketConnection.connect(NativeSocketConnection.java:63) ~[mysql-connector-java-8.0.30.jar:8.0.30]
	at com.mysql.cj.NativeSession.connect(NativeSession.java:120) ~[mysql-connector-java-8.0.30.jar:8.0.30]
	at com.mysql.cj.jdbc.ConnectionImpl.connectOneTryOnly(ConnectionImpl.java:948) ~[mysql-connector-java-8.0.30.jar:8.0.30]
	at com.mysql.cj.jdbc.ConnectionImpl.createNewIO(ConnectionImpl.java:818) ~[mysql-connector-java-8.0.30.jar:8.0.30]
	... 11 more
2026-08-12 17:17:55 DEBUG BasicResourcePool:1831 - An exception occurred while acquiring a poolable resource. Will retry.
com.mysql.cj.jdbc.exceptions.CommunicationsException: Communications link failure

The last packet sent successfully to the server was 0 milliseconds ago. The driver has not received any packets from the server.
	at com.mysql.cj.jdbc.exceptions.SQLError.createCommunicationsException(SQLError.java:174) ~[mysql-connector-java-8.0.30.jar:8.0.30]
	at com.mysql.cj.jdbc.exceptions.SQLExceptionsMapping.translateException(SQLExceptionsMapping.java:64) ~[mysql-connector-java-8.0.30.jar:8.0.30]
	at com.mysql.cj.jdbc.ConnectionImpl.createNewIO(ConnectionImpl.java:828) ~[mysql-connector-java-8.0.30.jar:8.0.30]
	at com.mysql.cj.jdbc.ConnectionImpl.<init>(ConnectionImpl.java:448) ~[mysql-connector-java-8.0.30.jar:8.0.30]
	at com.mysql.cj.jdbc.ConnectionImpl.getInstance(ConnectionImpl.java:241) ~[mysql-connector-java-8.0.30.jar:8.0.30]
	at com.mysql.cj.jdbc.NonRegisteringDriver.connect(NonRegisteringDriver.java:198) ~[mysql-connector-java-8.0.30.jar:8.0.30]
	at com.mchange.v2.c3p0.DriverManagerDataSource.getConnection(DriverManagerDataSource.java:134) ~[c3p0-0.9.1.2.jar:0.9.1.2]
	at com.mchange.v2.c3p0.WrapperConnectionPoolDataSource.getPooledConnection(WrapperConnectionPoolDataSource.java:182) ~[c3p0-0.9.1.2.jar:0.9.1.2]
	at com.mchange.v2.c3p0.WrapperConnectionPoolDataSource.getPooledConnection(WrapperConnectionPoolDataSource.java:171) ~[c3p0-0.9.1.2.jar:0.9.1.2]
	at com.mchange.v2.c3p0.impl.C3P0PooledConnectionPool$1PooledConnectionResourcePoolManager.acquireResource(C3P0PooledConnectionPool.java:137) ~[c3p0-0.9.1.2.jar:0.9.1.2]
	at com.mchange.v2.resourcepool.BasicResourcePool.doAcquire(BasicResourcePool.java:1014) ~[c3p0-0.9.1.2.jar:0.9.1.2]
	at com.mchange.v2.resourcepool.BasicResourcePool.access$800(BasicResourcePool.java:32) ~[c3p0-0.9.1.2.jar:0.9.1.2]
	at com.mchange.v2.resourcepool.BasicResourcePool$AcquireTask.run(BasicResourcePool.java:1810) [c3p0-0.9.1.2.jar:0.9.1.2]
	at com.mchange.v2.async.ThreadPoolAsynchronousRunner$PoolThread.run(ThreadPoolAsynchronousRunner.java:547) [c3p0-0.9.1.2.jar:0.9.1.2]
Caused by: com.mysql.cj.exceptions.CJCommunicationsException: Communications link failure

The last packet sent successfully to the server was 0 milliseconds ago. The driver has not received any packets from the server.
	at jdk.internal.reflect.GeneratedConstructorAccessor21.newInstance(Unknown Source) ~[?:?]
	at jdk.internal.reflect.DelegatingConstructorAccessorImpl.newInstance(DelegatingConstructorAccessorImpl.java:45) ~[?:?]
	at java.lang.reflect.Constructor.newInstanceWithCaller(Constructor.java:499) ~[?:?]
	at java.lang.reflect.Constructor.newInstance(Constructor.java:480) ~[?:?]
	at com.mysql.cj.exceptions.ExceptionFactory.createException(ExceptionFactory.java:61) ~[mysql-connector-java-8.0.30.jar:8.0.30]
	at com.mysql.cj.exceptions.ExceptionFactory.createException(ExceptionFactory.java:105) ~[mysql-connector-java-8.0.30.jar:8.0.30]
	at com.mysql.cj.exceptions.ExceptionFactory.createException(ExceptionFactory.java:151) ~[mysql-connector-java-8.0.30.jar:8.0.30]
	at com.mysql.cj.exceptions.ExceptionFactory.createCommunicationsException(ExceptionFactory.java:167) ~[mysql-connector-java-8.0.30.jar:8.0.30]
	at com.mysql.cj.protocol.a.NativeSocketConnection.connect(NativeSocketConnection.java:89) ~[mysql-connector-java-8.0.30.jar:8.0.30]
	at com.mysql.cj.NativeSession.connect(NativeSession.java:120) ~[mysql-connector-java-8.0.30.jar:8.0.30]
	at com.mysql.cj.jdbc.ConnectionImpl.connectOneTryOnly(ConnectionImpl.java:948) ~[mysql-connector-java-8.0.30.jar:8.0.30]
	at com.mysql.cj.jdbc.ConnectionImpl.createNewIO(ConnectionImpl.java:818) ~[mysql-connector-java-8.0.30.jar:8.0.30]
	... 11 more
Caused by: java.net.UnknownHostException: db
	at java.net.InetAddress$CachedAddresses.get(InetAddress.java:801) ~[?:?]
	at java.net.InetAddress.getAllByName0(InetAddress.java:1509) ~[?:?]
	at java.net.InetAddress.getAllByName(InetAddress.java:1367) ~[?:?]
	at java.net.InetAddress.getAllByName(InetAddress.java:1301) ~[?:?]
	at com.mysql.cj.protocol.StandardSocketFactory.connect(StandardSocketFactory.java:130) ~[mysql-connector-java-8.0.30.jar:8.0.30]
	at com.mysql.cj.protocol.a.NativeSocketConnection.connect(NativeSocketConnection.java:63) ~[mysql-connector-java-8.0.30.jar:8.0.30]
	at com.mysql.cj.NativeSession.connect(NativeSession.java:120) ~[mysql-connector-java-8.0.30.jar:8.0.30]
	at com.mysql.cj.jdbc.ConnectionImpl.connectOneTryOnly(ConnectionImpl.java:948) ~[mysql-connector-java-8.0.30.jar:8.0.30]
	at com.mysql.cj.jdbc.ConnectionImpl.createNewIO(ConnectionImpl.java:818) ~[mysql-connector-java-8.0.30.jar:8.0.30]
	... 11 more
2026-08-12 17:17:56 DEBUG BasicResourcePool:1831 - An exception occurred while acquiring a poolable resource. Will retry.
com.mysql.cj.jdbc.exceptions.CommunicationsException: Communications link failure

The last packet sent successfully to the server was 0 milliseconds ago. The driver has not received any packets from the server.
	at com.mysql.cj.jdbc.exceptions.SQLError.createCommunicationsException(SQLError.java:174) ~[mysql-connector-java-8.0.30.jar:8.0.30]
	at com.mysql.cj.jdbc.exceptions.SQLExceptionsMapping.translateException(SQLExceptionsMapping.java:64) ~[mysql-connector-java-8.0.30.jar:8.0.30]
	at com.mysql.cj.jdbc.ConnectionImpl.createNewIO(ConnectionImpl.java:828) ~[mysql-connector-java-8.0.30.jar:8.0.30]
	at com.mysql.cj.jdbc.ConnectionImpl.<init>(ConnectionImpl.java:448) ~[mysql-connector-java-8.0.30.jar:8.0.30]
	at com.mysql.cj.jdbc.ConnectionImpl.getInstance(ConnectionImpl.java:241) ~[mysql-connector-java-8.0.30.jar:8.0.30]
	at com.mysql.cj.jdbc.NonRegisteringDriver.connect(NonRegisteringDriver.java:198) ~[mysql-connector-java-8.0.30.jar:8.0.30]
	at com.mchange.v2.c3p0.DriverManagerDataSource.getConnection(DriverManagerDataSource.java:134) ~[c3p0-0.9.1.2.jar:0.9.1.2]
	at com.mchange.v2.c3p0.WrapperConnectionPoolDataSource.getPooledConnection(WrapperConnectionPoolDataSource.java:182) ~[c3p0-0.9.1.2.jar:0.9.1.2]
	at com.mchange.v2.c3p0.WrapperConnectionPoolDataSource.getPooledConnection(WrapperConnectionPoolDataSource.java:171) ~[c3p0-0.9.1.2.jar:0.9.1.2]
	at com.mchange.v2.c3p0.impl.C3P0PooledConnectionPool$1PooledConnectionResourcePoolManager.acquireResource(C3P0PooledConnectionPool.java:137) ~[c3p0-0.9.1.2.jar:0.9.1.2]
	at com.mchange.v2.resourcepool.BasicResourcePool.doAcquire(BasicResourcePool.java:1014) ~[c3p0-0.9.1.2.jar:0.9.1.2]
	at com.mchange.v2.resourcepool.BasicResourcePool.access$800(BasicResourcePool.java:32) ~[c3p0-0.9.1.2.jar:0.9.1.2]
	at com.mchange.v2.resourcepool.BasicResourcePool$AcquireTask.run(BasicResourcePool.java:1810) [c3p0-0.9.1.2.jar:0.9.1.2]
	at com.mchange.v2.async.ThreadPoolAsynchronousRunner$PoolThread.run(ThreadPoolAsynchronousRunner.java:547) [c3p0-0.9.1.2.jar:0.9.1.2]
Caused by: com.mysql.cj.exceptions.CJCommunicationsException: Communications link failure

The last packet sent successfully to the server was 0 milliseconds ago. The driver has not received any packets from the server.
	at jdk.internal.reflect.GeneratedConstructorAccessor21.newInstance(Unknown Source) ~[?:?]
	at jdk.internal.reflect.DelegatingConstructorAccessorImpl.newInstance(DelegatingConstructorAccessorImpl.java:45) ~[?:?]
	at java.lang.reflect.Constructor.newInstanceWithCaller(Constructor.java:499) ~[?:?]
	at java.lang.reflect.Constructor.newInstance(Constructor.java:480) ~[?:?]
	at com.mysql.cj.exceptions.ExceptionFactory.createException(ExceptionFactory.java:61) ~[mysql-connector-java-8.0.30.jar:8.0.30]
	at com.mysql.cj.exceptions.ExceptionFactory.createException(ExceptionFactory.java:105) ~[mysql-connector-java-8.0.30.jar:8.0.30]
	at com.mysql.cj.exceptions.ExceptionFactory.createException(ExceptionFactory.java:151) ~[mysql-connector-java-8.0.30.jar:8.0.30]
	at com.mysql.cj.exceptions.ExceptionFactory.createCommunicationsException(ExceptionFactory.java:167) ~[mysql-connector-java-8.0.30.jar:8.0.30]
	at com.mysql.cj.protocol.a.NativeSocketConnection.connect(NativeSocketConnection.java:89) ~[mysql-connector-java-8.0.30.jar:8.0.30]
	at com.mysql.cj.NativeSession.connect(NativeSession.java:120) ~[mysql-connector-java-8.0.30.jar:8.0.30]
	at com.mysql.cj.jdbc.ConnectionImpl.connectOneTryOnly(ConnectionImpl.java:948) ~[mysql-connector-java-8.0.30.jar:8.0.30]
	at com.mysql.cj.jdbc.ConnectionImpl.createNewIO(ConnectionImpl.java:818) ~[mysql-connector-java-8.0.30.jar:8.0.30]
	... 11 more
Caused by: java.net.UnknownHostException: db
	at java.net.InetAddress$CachedAddresses.get(InetAddress.java:801) ~[?:?]
	at java.net.InetAddress.getAllByName0(InetAddress.java:1509) ~[?:?]
	at java.net.InetAddress.getAllByName(InetAddress.java:1367) ~[?:?]
	at java.net.InetAddress.getAllByName(InetAddress.java:1301) ~[?:?]
	at com.mysql.cj.protocol.StandardSocketFactory.connect(StandardSocketFactory.java:130) ~[mysql-connector-java-8.0.30.jar:8.0.30]
	at com.mysql.cj.protocol.a.NativeSocketConnection.connect(NativeSocketConnection.java:63) ~[mysql-connector-java-8.0.30.jar:8.0.30]
	at com.mysql.cj.NativeSession.connect(NativeSession.java:120) ~[mysql-connector-java-8.0.30.jar:8.0.30]
	at com.mysql.cj.jdbc.ConnectionImpl.connectOneTryOnly(ConnectionImpl.java:948) ~[mysql-connector-java-8.0.30.jar:8.0.30]
	at com.mysql.cj.jdbc.ConnectionImpl.createNewIO(ConnectionImpl.java:818) ~[mysql-connector-java-8.0.30.jar:8.0.30]
	... 11 more
2026-08-12 17:17:56 DEBUG BasicResourcePool:1831 - An exception occurred while acquiring a poolable resource. Will retry.
com.mysql.cj.jdbc.exceptions.CommunicationsException: Communications link failure

The last packet sent successfully to the server was 0 milliseconds ago. The driver has not received any packets from the server.
	at com.mysql.cj.jdbc.exceptions.SQLError.createCommunicationsException(SQLError.java:174) ~[mysql-connector-java-8.0.30.jar:8.0.30]
	at com.mysql.cj.jdbc.exceptions.SQLExceptionsMapping.translateException(SQLExceptionsMapping.java:64) ~[mysql-connector-java-8.0.30.jar:8.0.30]
	at com.mysql.cj.jdbc.ConnectionImpl.createNewIO(ConnectionImpl.java:828) ~[mysql-connector-java-8.0.30.jar:8.0.30]
	at com.mysql.cj.jdbc.ConnectionImpl.<init>(ConnectionImpl.java:448) ~[mysql-connector-java-8.0.30.jar:8.0.30]
	at com.mysql.cj.jdbc.ConnectionImpl.getInstance(ConnectionImpl.java:241) ~[mysql-connector-java-8.0.30.jar:8.0.30]
	at com.mysql.cj.jdbc.NonRegisteringDriver.connect(NonRegisteringDriver.java:198) ~[mysql-connector-java-8.0.30.jar:8.0.30]
	at com.mchange.v2.c3p0.DriverManagerDataSource.getConnection(DriverManagerDataSource.java:134) ~[c3p0-0.9.1.2.jar:0.9.1.2]
	at com.mchange.v2.c3p0.WrapperConnectionPoolDataSource.getPooledConnection(WrapperConnectionPoolDataSource.java:182) ~[c3p0-0.9.1.2.jar:0.9.1.2]
	at com.mchange.v2.c3p0.WrapperConnectionPoolDataSource.getPooledConnection(WrapperConnectionPoolDataSource.java:171) ~[c3p0-0.9.1.2.jar:0.9.1.2]
	at com.mchange.v2.c3p0.impl.C3P0PooledConnectionPool$1PooledConnectionResourcePoolManager.acquireResource(C3P0PooledConnectionPool.java:137) ~[c3p0-0.9.1.2.jar:0.9.1.2]
	at com.mchange.v2.resourcepool.BasicResourcePool.doAcquire(BasicResourcePool.java:1014) ~[c3p0-0.9.1.2.jar:0.9.1.2]
	at com.mchange.v2.resourcepool.BasicResourcePool.access$800(BasicResourcePool.java:32) ~[c3p0-0.9.1.2.jar:0.9.1.2]
	at com.mchange.v2.resourcepool.BasicResourcePool$AcquireTask.run(BasicResourcePool.java:1810) [c3p0-0.9.1.2.jar:0.9.1.2]
	at com.mchange.v2.async.ThreadPoolAsynchronousRunner$PoolThread.run(ThreadPoolAsynchronousRunner.java:547) [c3p0-0.9.1.2.jar:0.9.1.2]
Caused by: com.mysql.cj.exceptions.CJCommunicationsException: Communications link failure

The last packet sent successfully to the server was 0 milliseconds ago. The driver has not received any packets from the server.
	at jdk.internal.reflect.GeneratedConstructorAccessor21.newInstance(Unknown Source) ~[?:?]
	at jdk.internal.reflect.DelegatingConstructorAccessorImpl.newInstance(DelegatingConstructorAccessorImpl.java:45) ~[?:?]
	at java.lang.reflect.Constructor.newInstanceWithCaller(Constructor.java:499) ~[?:?]
	at java.lang.reflect.Constructor.newInstance(Constructor.java:480) ~[?:?]
	at com.mysql.cj.exceptions.ExceptionFactory.createException(ExceptionFactory.java:61) ~[mysql-connector-java-8.0.30.jar:8.0.30]
	at com.mysql.cj.exceptions.ExceptionFactory.createException(ExceptionFactory.java:105) ~[mysql-connector-java-8.0.30.jar:8.0.30]
	at com.mysql.cj.exceptions.ExceptionFactory.createException(ExceptionFactory.java:151) ~[mysql-connector-java-8.0.30.jar:8.0.30]
	at com.mysql.cj.exceptions.ExceptionFactory.createCommunicationsException(ExceptionFactory.java:167) ~[mysql-connector-java-8.0.30.jar:8.0.30]
	at com.mysql.cj.protocol.a.NativeSocketConnection.connect(NativeSocketConnection.java:89) ~[mysql-connector-java-8.0.30.jar:8.0.30]
	at com.mysql.cj.NativeSession.connect(NativeSession.java:120) ~[mysql-connector-java-8.0.30.jar:8.0.30]
	at com.mysql.cj.jdbc.ConnectionImpl.connectOneTryOnly(ConnectionImpl.java:948) ~[mysql-connector-java-8.0.30.jar:8.0.30]
	at com.mysql.cj.jdbc.ConnectionImpl.createNewIO(ConnectionImpl.java:818) ~[mysql-connector-java-8.0.30.jar:8.0.30]
	... 11 more
Caused by: java.net.UnknownHostException: db
	at java.net.InetAddress$CachedAddresses.get(InetAddress.java:801) ~[?:?]
	at java.net.InetAddress.getAllByName0(InetAddress.java:1509) ~[?:?]
	at java.net.InetAddress.getAllByName(InetAddress.java:1367) ~[?:?]
	at java.net.InetAddress.getAllByName(InetAddress.java:1301) ~[?:?]
	at com.mysql.cj.protocol.StandardSocketFactory.connect(StandardSocketFactory.java:130) ~[mysql-connector-java-8.0.30.jar:8.0.30]
	at com.mysql.cj.protocol.a.NativeSocketConnection.connect(NativeSocketConnection.java:63) ~[mysql-connector-java-8.0.30.jar:8.0.30]
	at com.mysql.cj.NativeSession.connect(NativeSession.java:120) ~[mysql-connector-java-8.0.30.jar:8.0.30]
	at com.mysql.cj.jdbc.ConnectionImpl.connectOneTryOnly(ConnectionImpl.java:948) ~[mysql-connector-java-8.0.30.jar:8.0.30]
	at com.mysql.cj.jdbc.ConnectionImpl.createNewIO(ConnectionImpl.java:818) ~[mysql-connector-java-8.0.30.jar:8.0.30]
	... 11 more
2026-08-12 17:17:57 DEBUG BasicResourcePool:1831 - An exception occurred while acquiring a poolable resource. Will retry.
com.mysql.cj.jdbc.exceptions.CommunicationsException: Communications link failure

The last packet sent successfully to the server was 0 milliseconds ago. The driver has not received any packets from the server.
	at com.mysql.cj.jdbc.exceptions.SQLError.createCommunicationsException(SQLError.java:174) ~[mysql-connector-java-8.0.30.jar:8.0.30]
	at com.mysql.cj.jdbc.exceptions.SQLExceptionsMapping.translateException(SQLExceptionsMapping.java:64) ~[mysql-connector-java-8.0.30.jar:8.0.30]
	at com.mysql.cj.jdbc.ConnectionImpl.createNewIO(ConnectionImpl.java:828) ~[mysql-connector-java-8.0.30.jar:8.0.30]
	at com.mysql.cj.jdbc.ConnectionImpl.<init>(ConnectionImpl.java:448) ~[mysql-connector-java-8.0.30.jar:8.0.30]
	at com.mysql.cj.jdbc.ConnectionImpl.getInstance(ConnectionImpl.java:241) ~[mysql-connector-java-8.0.30.jar:8.0.30]
	at com.mysql.cj.jdbc.NonRegisteringDriver.connect(NonRegisteringDriver.java:198) ~[mysql-connector-java-8.0.30.jar:8.0.30]
	at com.mchange.v2.c3p0.DriverManagerDataSource.getConnection(DriverManagerDataSource.java:134) ~[c3p0-0.9.1.2.jar:0.9.1.2]
	at com.mchange.v2.c3p0.WrapperConnectionPoolDataSource.getPooledConnection(WrapperConnectionPoolDataSource.java:182) ~[c3p0-0.9.1.2.jar:0.9.1.2]
	at com.mchange.v2.c3p0.WrapperConnectionPoolDataSource.getPooledConnection(WrapperConnectionPoolDataSource.java:171) ~[c3p0-0.9.1.2.jar:0.9.1.2]
	at com.mchange.v2.c3p0.impl.C3P0PooledConnectionPool$1PooledConnectionResourcePoolManager.acquireResource(C3P0PooledConnectionPool.java:137) ~[c3p0-0.9.1.2.jar:0.9.1.2]
	at com.mchange.v2.resourcepool.BasicResourcePool.doAcquire(BasicResourcePool.java:1014) ~[c3p0-0.9.1.2.jar:0.9.1.2]
	at com.mchange.v2.resourcepool.BasicResourcePool.access$800(BasicResourcePool.java:32) ~[c3p0-0.9.1.2.jar:0.9.1.2]
	at com.mchange.v2.resourcepool.BasicResourcePool$AcquireTask.run(BasicResourcePool.java:1810) [c3p0-0.9.1.2.jar:0.9.1.2]
	at com.mchange.v2.async.ThreadPoolAsynchronousRunner$PoolThread.run(ThreadPoolAsynchronousRunner.java:547) [c3p0-0.9.1.2.jar:0.9.1.2]
Caused by: com.mysql.cj.exceptions.CJCommunicationsException: Communications link failure

The last packet sent successfully to the server was 0 milliseconds ago. The driver has not received any packets from the server.
	at jdk.internal.reflect.GeneratedConstructorAccessor21.newInstance(Unknown Source) ~[?:?]
	at jdk.internal.reflect.DelegatingConstructorAccessorImpl.newInstance(DelegatingConstructorAccessorImpl.java:45) ~[?:?]
	at java.lang.reflect.Constructor.newInstanceWithCaller(Constructor.java:499) ~[?:?]
	at java.lang.reflect.Constructor.newInstance(Constructor.java:480) ~[?:?]
	at com.mysql.cj.exceptions.ExceptionFactory.createException(ExceptionFactory.java:61) ~[mysql-connector-java-8.0.30.jar:8.0.30]
	at com.mysql.cj.exceptions.ExceptionFactory.createException(ExceptionFactory.java:105) ~[mysql-connector-java-8.0.30.jar:8.0.30]
	at com.mysql.cj.exceptions.ExceptionFactory.createException(ExceptionFactory.java:151) ~[mysql-connector-java-8.0.30.jar:8.0.30]
	at com.mysql.cj.exceptions.ExceptionFactory.createCommunicationsException(ExceptionFactory.java:167) ~[mysql-connector-java-8.0.30.jar:8.0.30]
	at com.mysql.cj.protocol.a.NativeSocketConnection.connect(NativeSocketConnection.java:89) ~[mysql-connector-java-8.0.30.jar:8.0.30]
	at com.mysql.cj.NativeSession.connect(NativeSession.java:120) ~[mysql-connector-java-8.0.30.jar:8.0.30]
	at com.mysql.cj.jdbc.ConnectionImpl.connectOneTryOnly(ConnectionImpl.java:948) ~[mysql-connector-java-8.0.30.jar:8.0.30]
	at com.mysql.cj.jdbc.ConnectionImpl.createNewIO(ConnectionImpl.java:818) ~[mysql-connector-java-8.0.30.jar:8.0.30]
	... 11 more
Caused by: java.net.UnknownHostException: db
	at java.net.InetAddress$CachedAddresses.get(InetAddress.java:801) ~[?:?]
	at java.net.InetAddress.getAllByName0(InetAddress.java:1509) ~[?:?]
	at java.net.InetAddress.getAllByName(InetAddress.java:1367) ~[?:?]
	at java.net.InetAddress.getAllByName(InetAddress.java:1301) ~[?:?]
	at com.mysql.cj.protocol.StandardSocketFactory.connect(StandardSocketFactory.java:130) ~[mysql-connector-java-8.0.30.jar:8.0.30]
	at com.mysql.cj.protocol.a.NativeSocketConnection.connect(NativeSocketConnection.java:63) ~[mysql-connector-java-8.0.30.jar:8.0.30]
	at com.mysql.cj.NativeSession.connect(NativeSession.java:120) ~[mysql-connector-java-8.0.30.jar:8.0.30]
	at com.mysql.cj.jdbc.ConnectionImpl.connectOneTryOnly(ConnectionImpl.java:948) ~[mysql-connector-java-8.0.30.jar:8.0.30]
	at com.mysql.cj.jdbc.ConnectionImpl.createNewIO(ConnectionImpl.java:818) ~[mysql-connector-java-8.0.30.jar:8.0.30]
	... 11 more
2026-08-12 17:17:57 DEBUG BasicResourcePool:1831 - An exception occurred while acquiring a poolable resource. Will retry.
com.mysql.cj.jdbc.exceptions.CommunicationsException: Communications link failure

The last packet sent successfully to the server was 0 milliseconds ago. The driver has not received any packets from the server.
	at com.mysql.cj.jdbc.exceptions.SQLError.createCommunicationsException(SQLError.java:174) ~[mysql-connector-java-8.0.30.jar:8.0.30]
	at com.mysql.cj.jdbc.exceptions.SQLExceptionsMapping.translateException(SQLExceptionsMapping.java:64) ~[mysql-connector-java-8.0.30.jar:8.0.30]
	at com.mysql.cj.jdbc.ConnectionImpl.createNewIO(ConnectionImpl.java:828) ~[mysql-connector-java-8.0.30.jar:8.0.30]
	at com.mysql.cj.jdbc.ConnectionImpl.<init>(ConnectionImpl.java:448) ~[mysql-connector-java-8.0.30.jar:8.0.30]
	at com.mysql.cj.jdbc.ConnectionImpl.getInstance(ConnectionImpl.java:241) ~[mysql-connector-java-8.0.30.jar:8.0.30]
	at com.mysql.cj.jdbc.NonRegisteringDriver.connect(NonRegisteringDriver.java:198) ~[mysql-connector-java-8.0.30.jar:8.0.30]
	at com.mchange.v2.c3p0.DriverManagerDataSource.getConnection(DriverManagerDataSource.java:134) ~[c3p0-0.9.1.2.jar:0.9.1.2]
	at com.mchange.v2.c3p0.WrapperConnectionPoolDataSource.getPooledConnection(WrapperConnectionPoolDataSource.java:182) ~[c3p0-0.9.1.2.jar:0.9.1.2]
	at com.mchange.v2.c3p0.WrapperConnectionPoolDataSource.getPooledConnection(WrapperConnectionPoolDataSource.java:171) ~[c3p0-0.9.1.2.jar:0.9.1.2]
	at com.mchange.v2.c3p0.impl.C3P0PooledConnectionPool$1PooledConnectionResourcePoolManager.acquireResource(C3P0PooledConnectionPool.java:137) ~[c3p0-0.9.1.2.jar:0.9.1.2]
	at com.mchange.v2.resourcepool.BasicResourcePool.doAcquire(BasicResourcePool.java:1014) ~[c3p0-0.9.1.2.jar:0.9.1.2]
	at com.mchange.v2.resourcepool.BasicResourcePool.access$800(BasicResourcePool.java:32) ~[c3p0-0.9.1.2.jar:0.9.1.2]
	at com.mchange.v2.resourcepool.BasicResourcePool$AcquireTask.run(BasicResourcePool.java:1810) [c3p0-0.9.1.2.jar:0.9.1.2]
	at com.mchange.v2.async.ThreadPoolAsynchronousRunner$PoolThread.run(ThreadPoolAsynchronousRunner.java:547) [c3p0-0.9.1.2.jar:0.9.1.2]
Caused by: com.mysql.cj.exceptions.CJCommunicationsException: Communications link failure

The last packet sent successfully to the server was 0 milliseconds ago. The driver has not received any packets from the server.
	at jdk.internal.reflect.GeneratedConstructorAccessor21.newInstance(Unknown Source) ~[?:?]
	at jdk.internal.reflect.DelegatingConstructorAccessorImpl.newInstance(DelegatingConstructorAccessorImpl.java:45) ~[?:?]
	at java.lang.reflect.Constructor.newInstanceWithCaller(Constructor.java:499) ~[?:?]
	at java.lang.reflect.Constructor.newInstance(Constructor.java:480) ~[?:?]
	at com.mysql.cj.exceptions.ExceptionFactory.createException(ExceptionFactory.java:61) ~[mysql-connector-java-8.0.30.jar:8.0.30]
	at com.mysql.cj.exceptions.ExceptionFactory.createException(ExceptionFactory.java:105) ~[mysql-connector-java-8.0.30.jar:8.0.30]
	at com.mysql.cj.exceptions.ExceptionFactory.createException(ExceptionFactory.java:151) ~[mysql-connector-java-8.0.30.jar:8.0.30]
	at com.mysql.cj.exceptions.ExceptionFactory.createCommunicationsException(ExceptionFactory.java:167) ~[mysql-connector-java-8.0.30.jar:8.0.30]
	at com.mysql.cj.protocol.a.NativeSocketConnection.connect(NativeSocketConnection.java:89) ~[mysql-connector-java-8.0.30.jar:8.0.30]
	at com.mysql.cj.NativeSession.connect(NativeSession.java:120) ~[mysql-connector-java-8.0.30.jar:8.0.30]
	at com.mysql.cj.jdbc.ConnectionImpl.connectOneTryOnly(ConnectionImpl.java:948) ~[mysql-connector-java-8.0.30.jar:8.0.30]
	at com.mysql.cj.jdbc.ConnectionImpl.createNewIO(ConnectionImpl.java:818) ~[mysql-connector-java-8.0.30.jar:8.0.30]
	... 11 more
Caused by: java.net.UnknownHostException: db
	at java.net.InetAddress$CachedAddresses.get(InetAddress.java:801) ~[?:?]
	at java.net.InetAddress.getAllByName0(InetAddress.java:1509) ~[?:?]
	at java.net.InetAddress.getAllByName(InetAddress.java:1367) ~[?:?]
	at java.net.InetAddress.getAllByName(InetAddress.java:1301) ~[?:?]
	at com.mysql.cj.protocol.StandardSocketFactory.connect(StandardSocketFactory.java:130) ~[mysql-connector-java-8.0.30.jar:8.0.30]
	at com.mysql.cj.protocol.a.NativeSocketConnection.connect(NativeSocketConnection.java:63) ~[mysql-connector-java-8.0.30.jar:8.0.30]
	at com.mysql.cj.NativeSession.connect(NativeSession.java:120) ~[mysql-connector-java-8.0.30.jar:8.0.30]
	at com.mysql.cj.jdbc.ConnectionImpl.connectOneTryOnly(ConnectionImpl.java:948) ~[mysql-connector-java-8.0.30.jar:8.0.30]
	at com.mysql.cj.jdbc.ConnectionImpl.createNewIO(ConnectionImpl.java:818) ~[mysql-connector-java-8.0.30.jar:8.0.30]
	... 11 more
2026-08-12 17:17:58 DEBUG BasicResourcePool:1935 - Checking for expired resources - Wed Aug 12 17:17:58 IST 2026 [com.mchange.v2.resourcepool.BasicResourcePool@208f1c20]
2026-08-12 17:17:58 DEBUG BasicResourcePool:1447 - BEGIN check for expired resources.  [com.mchange.v2.resourcepool.BasicResourcePool@208f1c20]
2026-08-12 17:17:58 DEBUG BasicResourcePool:1468 - FINISHED check for expired resources.  [com.mchange.v2.resourcepool.BasicResourcePool@208f1c20]
2026-08-12 17:17:58 DEBUG BasicResourcePool:1831 - An exception occurred while acquiring a poolable resource. Will retry.
com.mysql.cj.jdbc.exceptions.CommunicationsException: Communications link failure

The last packet sent successfully to the server was 0 milliseconds ago. The driver has not received any packets from the server.
	at com.mysql.cj.jdbc.exceptions.SQLError.createCommunicationsException(SQLError.java:174) ~[mysql-connector-java-8.0.30.jar:8.0.30]
	at com.mysql.cj.jdbc.exceptions.SQLExceptionsMapping.translateException(SQLExceptionsMapping.java:64) ~[mysql-connector-java-8.0.30.jar:8.0.30]
	at com.mysql.cj.jdbc.ConnectionImpl.createNewIO(ConnectionImpl.java:828) ~[mysql-connector-java-8.0.30.jar:8.0.30]
	at com.mysql.cj.jdbc.ConnectionImpl.<init>(ConnectionImpl.java:448) ~[mysql-connector-java-8.0.30.jar:8.0.30]
	at com.mysql.cj.jdbc.ConnectionImpl.getInstance(ConnectionImpl.java:241) ~[mysql-connector-java-8.0.30.jar:8.0.30]
	at com.mysql.cj.jdbc.NonRegisteringDriver.connect(NonRegisteringDriver.java:198) ~[mysql-connector-java-8.0.30.jar:8.0.30]
	at com.mchange.v2.c3p0.DriverManagerDataSource.getConnection(DriverManagerDataSource.java:134) ~[c3p0-0.9.1.2.jar:0.9.1.2]
	at com.mchange.v2.c3p0.WrapperConnectionPoolDataSource.getPooledConnection(WrapperConnectionPoolDataSource.java:182) ~[c3p0-0.9.1.2.jar:0.9.1.2]
	at com.mchange.v2.c3p0.WrapperConnectionPoolDataSource.getPooledConnection(WrapperConnectionPoolDataSource.java:171) ~[c3p0-0.9.1.2.jar:0.9.1.2]
	at com.mchange.v2.c3p0.impl.C3P0PooledConnectionPool$1PooledConnectionResourcePoolManager.acquireResource(C3P0PooledConnectionPool.java:137) ~[c3p0-0.9.1.2.jar:0.9.1.2]
	at com.mchange.v2.resourcepool.BasicResourcePool.doAcquire(BasicResourcePool.java:1014) ~[c3p0-0.9.1.2.jar:0.9.1.2]
	at com.mchange.v2.resourcepool.BasicResourcePool.access$800(BasicResourcePool.java:32) ~[c3p0-0.9.1.2.jar:0.9.1.2]
	at com.mchange.v2.resourcepool.BasicResourcePool$AcquireTask.run(BasicResourcePool.java:1810) [c3p0-0.9.1.2.jar:0.9.1.2]
	at com.mchange.v2.async.ThreadPoolAsynchronousRunner$PoolThread.run(ThreadPoolAsynchronousRunner.java:547) [c3p0-0.9.1.2.jar:0.9.1.2]
Caused by: com.mysql.cj.exceptions.CJCommunicationsException: Communications link failure

The last packet sent successfully to the server was 0 milliseconds ago. The driver has not received any packets from the server.
	at jdk.internal.reflect.GeneratedConstructorAccessor21.newInstance(Unknown Source) ~[?:?]
	at jdk.internal.reflect.DelegatingConstructorAccessorImpl.newInstance(DelegatingConstructorAccessorImpl.java:45) ~[?:?]
	at java.lang.reflect.Constructor.newInstanceWithCaller(Constructor.java:499) ~[?:?]
	at java.lang.reflect.Constructor.newInstance(Constructor.java:480) ~[?:?]
	at com.mysql.cj.exceptions.ExceptionFactory.createException(ExceptionFactory.java:61) ~[mysql-connector-java-8.0.30.jar:8.0.30]
	at com.mysql.cj.exceptions.ExceptionFactory.createException(ExceptionFactory.java:105) ~[mysql-connector-java-8.0.30.jar:8.0.30]
	at com.mysql.cj.exceptions.ExceptionFactory.createException(ExceptionFactory.java:151) ~[mysql-connector-java-8.0.30.jar:8.0.30]
	at com.mysql.cj.exceptions.ExceptionFactory.createCommunicationsException(ExceptionFactory.java:167) ~[mysql-connector-java-8.0.30.jar:8.0.30]
	at com.mysql.cj.protocol.a.NativeSocketConnection.connect(NativeSocketConnection.java:89) ~[mysql-connector-java-8.0.30.jar:8.0.30]
	at com.mysql.cj.NativeSession.connect(NativeSession.java:120) ~[mysql-connector-java-8.0.30.jar:8.0.30]
	at com.mysql.cj.jdbc.ConnectionImpl.connectOneTryOnly(ConnectionImpl.java:948) ~[mysql-connector-java-8.0.30.jar:8.0.30]
	at com.mysql.cj.jdbc.ConnectionImpl.createNewIO(ConnectionImpl.java:818) ~[mysql-connector-java-8.0.30.jar:8.0.30]
	... 11 more
Caused by: java.net.UnknownHostException: db
	at java.net.InetAddress$CachedAddresses.get(InetAddress.java:801) ~[?:?]
	at java.net.InetAddress.getAllByName0(InetAddress.java:1509) ~[?:?]
	at java.net.InetAddress.getAllByName(InetAddress.java:1367) ~[?:?]
	at java.net.InetAddress.getAllByName(InetAddress.java:1301) ~[?:?]
	at com.mysql.cj.protocol.StandardSocketFactory.connect(StandardSocketFactory.java:130) ~[mysql-connector-java-8.0.30.jar:8.0.30]
	at com.mysql.cj.protocol.a.NativeSocketConnection.connect(NativeSocketConnection.java:63) ~[mysql-connector-java-8.0.30.jar:8.0.30]
	at com.mysql.cj.NativeSession.connect(NativeSession.java:120) ~[mysql-connector-java-8.0.30.jar:8.0.30]
	at com.mysql.cj.jdbc.ConnectionImpl.connectOneTryOnly(ConnectionImpl.java:948) ~[mysql-connector-java-8.0.30.jar:8.0.30]
	at com.mysql.cj.jdbc.ConnectionImpl.createNewIO(ConnectionImpl.java:818) ~[mysql-connector-java-8.0.30.jar:8.0.30]
	... 11 more
2026-08-12 17:17:58 DEBUG BasicResourcePool:1831 - An exception occurred while acquiring a poolable resource. Will retry.
com.mysql.cj.jdbc.exceptions.CommunicationsException: Communications link failure

The last packet sent successfully to the server was 0 milliseconds ago. The driver has not received any packets from the server.
	at com.mysql.cj.jdbc.exceptions.SQLError.createCommunicationsException(SQLError.java:174) ~[mysql-connector-java-8.0.30.jar:8.0.30]
	at com.mysql.cj.jdbc.exceptions.SQLExceptionsMapping.translateException(SQLExceptionsMapping.java:64) ~[mysql-connector-java-8.0.30.jar:8.0.30]
	at com.mysql.cj.jdbc.ConnectionImpl.createNewIO(ConnectionImpl.java:828) ~[mysql-connector-java-8.0.30.jar:8.0.30]
	at com.mysql.cj.jdbc.ConnectionImpl.<init>(ConnectionImpl.java:448) ~[mysql-connector-java-8.0.30.jar:8.0.30]
	at com.mysql.cj.jdbc.ConnectionImpl.getInstance(ConnectionImpl.java:241) ~[mysql-connector-java-8.0.30.jar:8.0.30]
	at com.mysql.cj.jdbc.NonRegisteringDriver.connect(NonRegisteringDriver.java:198) ~[mysql-connector-java-8.0.30.jar:8.0.30]
	at com.mchange.v2.c3p0.DriverManagerDataSource.getConnection(DriverManagerDataSource.java:134) ~[c3p0-0.9.1.2.jar:0.9.1.2]
	at com.mchange.v2.c3p0.WrapperConnectionPoolDataSource.getPooledConnection(WrapperConnectionPoolDataSource.java:182) ~[c3p0-0.9.1.2.jar:0.9.1.2]
	at com.mchange.v2.c3p0.WrapperConnectionPoolDataSource.getPooledConnection(WrapperConnectionPoolDataSource.java:171) ~[c3p0-0.9.1.2.jar:0.9.1.2]
	at com.mchange.v2.c3p0.impl.C3P0PooledConnectionPool$1PooledConnectionResourcePoolManager.acquireResource(C3P0PooledConnectionPool.java:137) ~[c3p0-0.9.1.2.jar:0.9.1.2]
	at com.mchange.v2.resourcepool.BasicResourcePool.doAcquire(BasicResourcePool.java:1014) ~[c3p0-0.9.1.2.jar:0.9.1.2]
	at com.mchange.v2.resourcepool.BasicResourcePool.access$800(BasicResourcePool.java:32) ~[c3p0-0.9.1.2.jar:0.9.1.2]
	at com.mchange.v2.resourcepool.BasicResourcePool$AcquireTask.run(BasicResourcePool.java:1810) [c3p0-0.9.1.2.jar:0.9.1.2]
	at com.mchange.v2.async.ThreadPoolAsynchronousRunner$PoolThread.run(ThreadPoolAsynchronousRunner.java:547) [c3p0-0.9.1.2.jar:0.9.1.2]
Caused by: com.mysql.cj.exceptions.CJCommunicationsException: Communications link failure

The last packet sent successfully to the server was 0 milliseconds ago. The driver has not received any packets from the server.
	at jdk.internal.reflect.GeneratedConstructorAccessor21.newInstance(Unknown Source) ~[?:?]
	at jdk.internal.reflect.DelegatingConstructorAccessorImpl.newInstance(DelegatingConstructorAccessorImpl.java:45) ~[?:?]
	at java.lang.reflect.Constructor.newInstanceWithCaller(Constructor.java:499) ~[?:?]
	at java.lang.reflect.Constructor.newInstance(Constructor.java:480) ~[?:?]
	at com.mysql.cj.exceptions.ExceptionFactory.createException(ExceptionFactory.java:61) ~[mysql-connector-java-8.0.30.jar:8.0.30]
	at com.mysql.cj.exceptions.ExceptionFactory.createException(ExceptionFactory.java:105) ~[mysql-connector-java-8.0.30.jar:8.0.30]
	at com.mysql.cj.exceptions.ExceptionFactory.createException(ExceptionFactory.java:151) ~[mysql-connector-java-8.0.30.jar:8.0.30]
	at com.mysql.cj.exceptions.ExceptionFactory.createCommunicationsException(ExceptionFactory.java:167) ~[mysql-connector-java-8.0.30.jar:8.0.30]
	at com.mysql.cj.protocol.a.NativeSocketConnection.connect(NativeSocketConnection.java:89) ~[mysql-connector-java-8.0.30.jar:8.0.30]
	at com.mysql.cj.NativeSession.connect(NativeSession.java:120) ~[mysql-connector-java-8.0.30.jar:8.0.30]
	at com.mysql.cj.jdbc.ConnectionImpl.connectOneTryOnly(ConnectionImpl.java:948) ~[mysql-connector-java-8.0.30.jar:8.0.30]
	at com.mysql.cj.jdbc.ConnectionImpl.createNewIO(ConnectionImpl.java:818) ~[mysql-connector-java-8.0.30.jar:8.0.30]
	... 11 more
Caused by: java.net.UnknownHostException: db
	at java.net.InetAddress$CachedAddresses.get(InetAddress.java:801) ~[?:?]
	at java.net.InetAddress.getAllByName0(InetAddress.java:1509) ~[?:?]
	at java.net.InetAddress.getAllByName(InetAddress.java:1367) ~[?:?]
	at java.net.InetAddress.getAllByName(InetAddress.java:1301) ~[?:?]
	at com.mysql.cj.protocol.StandardSocketFactory.connect(StandardSocketFactory.java:130) ~[mysql-connector-java-8.0.30.jar:8.0.30]
	at com.mysql.cj.protocol.a.NativeSocketConnection.connect(NativeSocketConnection.java:63) ~[mysql-connector-java-8.0.30.jar:8.0.30]
	at com.mysql.cj.NativeSession.connect(NativeSession.java:120) ~[mysql-connector-java-8.0.30.jar:8.0.30]
	at com.mysql.cj.jdbc.ConnectionImpl.connectOneTryOnly(ConnectionImpl.java:948) ~[mysql-connector-java-8.0.30.jar:8.0.30]
	at com.mysql.cj.jdbc.ConnectionImpl.createNewIO(ConnectionImpl.java:818) ~[mysql-connector-java-8.0.30.jar:8.0.30]
	... 11 more
2026-08-12 17:17:59 DEBUG BasicResourcePool:1831 - An exception occurred while acquiring a poolable resource. Will retry.
com.mysql.cj.jdbc.exceptions.CommunicationsException: Communications link failure

The last packet sent successfully to the server was 0 milliseconds ago. The driver has not received any packets from the server.
	at com.mysql.cj.jdbc.exceptions.SQLError.createCommunicationsException(SQLError.java:174) ~[mysql-connector-java-8.0.30.jar:8.0.30]
	at com.mysql.cj.jdbc.exceptions.SQLExceptionsMapping.translateException(SQLExceptionsMapping.java:64) ~[mysql-connector-java-8.0.30.jar:8.0.30]
	at com.mysql.cj.jdbc.ConnectionImpl.createNewIO(ConnectionImpl.java:828) ~[mysql-connector-java-8.0.30.jar:8.0.30]
	at com.mysql.cj.jdbc.ConnectionImpl.<init>(ConnectionImpl.java:448) ~[mysql-connector-java-8.0.30.jar:8.0.30]
	at com.mysql.cj.jdbc.ConnectionImpl.getInstance(ConnectionImpl.java:241) ~[mysql-connector-java-8.0.30.jar:8.0.30]
	at com.mysql.cj.jdbc.NonRegisteringDriver.connect(NonRegisteringDriver.java:198) ~[mysql-connector-java-8.0.30.jar:8.0.30]
	at com.mchange.v2.c3p0.DriverManagerDataSource.getConnection(DriverManagerDataSource.java:134) ~[c3p0-0.9.1.2.jar:0.9.1.2]
	at com.mchange.v2.c3p0.WrapperConnectionPoolDataSource.getPooledConnection(WrapperConnectionPoolDataSource.java:182) ~[c3p0-0.9.1.2.jar:0.9.1.2]
	at com.mchange.v2.c3p0.WrapperConnectionPoolDataSource.getPooledConnection(WrapperConnectionPoolDataSource.java:171) ~[c3p0-0.9.1.2.jar:0.9.1.2]
	at com.mchange.v2.c3p0.impl.C3P0PooledConnectionPool$1PooledConnectionResourcePoolManager.acquireResource(C3P0PooledConnectionPool.java:137) ~[c3p0-0.9.1.2.jar:0.9.1.2]
	at com.mchange.v2.resourcepool.BasicResourcePool.doAcquire(BasicResourcePool.java:1014) ~[c3p0-0.9.1.2.jar:0.9.1.2]
	at com.mchange.v2.resourcepool.BasicResourcePool.access$800(BasicResourcePool.java:32) ~[c3p0-0.9.1.2.jar:0.9.1.2]
	at com.mchange.v2.resourcepool.BasicResourcePool$AcquireTask.run(BasicResourcePool.java:1810) [c3p0-0.9.1.2.jar:0.9.1.2]
	at com.mchange.v2.async.ThreadPoolAsynchronousRunner$PoolThread.run(ThreadPoolAsynchronousRunner.java:547) [c3p0-0.9.1.2.jar:0.9.1.2]
Caused by: com.mysql.cj.exceptions.CJCommunicationsException: Communications link failure

The last packet sent successfully to the server was 0 milliseconds ago. The driver has not received any packets from the server.
	at jdk.internal.reflect.GeneratedConstructorAccessor21.newInstance(Unknown Source) ~[?:?]
	at jdk.internal.reflect.DelegatingConstructorAccessorImpl.newInstance(DelegatingConstructorAccessorImpl.java:45) ~[?:?]
	at java.lang.reflect.Constructor.newInstanceWithCaller(Constructor.java:499) ~[?:?]
	at java.lang.reflect.Constructor.newInstance(Constructor.java:480) ~[?:?]
	at com.mysql.cj.exceptions.ExceptionFactory.createException(ExceptionFactory.java:61) ~[mysql-connector-java-8.0.30.jar:8.0.30]
	at com.mysql.cj.exceptions.ExceptionFactory.createException(ExceptionFactory.java:105) ~[mysql-connector-java-8.0.30.jar:8.0.30]
	at com.mysql.cj.exceptions.ExceptionFactory.createException(ExceptionFactory.java:151) ~[mysql-connector-java-8.0.30.jar:8.0.30]
	at com.mysql.cj.exceptions.ExceptionFactory.createCommunicationsException(ExceptionFactory.java:167) ~[mysql-connector-java-8.0.30.jar:8.0.30]
	at com.mysql.cj.protocol.a.NativeSocketConnection.connect(NativeSocketConnection.java:89) ~[mysql-connector-java-8.0.30.jar:8.0.30]
	at com.mysql.cj.NativeSession.connect(NativeSession.java:120) ~[mysql-connector-java-8.0.30.jar:8.0.30]
	at com.mysql.cj.jdbc.ConnectionImpl.connectOneTryOnly(ConnectionImpl.java:948) ~[mysql-connector-java-8.0.30.jar:8.0.30]
	at com.mysql.cj.jdbc.ConnectionImpl.createNewIO(ConnectionImpl.java:818) ~[mysql-connector-java-8.0.30.jar:8.0.30]
	... 11 more
Caused by: java.net.UnknownHostException: db
	at java.net.InetAddress$CachedAddresses.get(InetAddress.java:801) ~[?:?]
	at java.net.InetAddress.getAllByName0(InetAddress.java:1509) ~[?:?]
	at java.net.InetAddress.getAllByName(InetAddress.java:1367) ~[?:?]
	at java.net.InetAddress.getAllByName(InetAddress.java:1301) ~[?:?]
	at com.mysql.cj.protocol.StandardSocketFactory.connect(StandardSocketFactory.java:130) ~[mysql-connector-java-8.0.30.jar:8.0.30]
	at com.mysql.cj.protocol.a.NativeSocketConnection.connect(NativeSocketConnection.java:63) ~[mysql-connector-java-8.0.30.jar:8.0.30]
	at com.mysql.cj.NativeSession.connect(NativeSession.java:120) ~[mysql-connector-java-8.0.30.jar:8.0.30]
	at com.mysql.cj.jdbc.ConnectionImpl.connectOneTryOnly(ConnectionImpl.java:948) ~[mysql-connector-java-8.0.30.jar:8.0.30]
	at com.mysql.cj.jdbc.ConnectionImpl.createNewIO(ConnectionImpl.java:818) ~[mysql-connector-java-8.0.30.jar:8.0.30]
	... 11 more
2026-08-12 17:17:59 DEBUG BasicResourcePool:1831 - An exception occurred while acquiring a poolable resource. Will retry.
com.mysql.cj.jdbc.exceptions.CommunicationsException: Communications link failure

The last packet sent successfully to the server was 0 milliseconds ago. The driver has not received any packets from the server.
	at com.mysql.cj.jdbc.exceptions.SQLError.createCommunicationsException(SQLError.java:174) ~[mysql-connector-java-8.0.30.jar:8.0.30]
	at com.mysql.cj.jdbc.exceptions.SQLExceptionsMapping.translateException(SQLExceptionsMapping.java:64) ~[mysql-connector-java-8.0.30.jar:8.0.30]
	at com.mysql.cj.jdbc.ConnectionImpl.createNewIO(ConnectionImpl.java:828) ~[mysql-connector-java-8.0.30.jar:8.0.30]
	at com.mysql.cj.jdbc.ConnectionImpl.<init>(ConnectionImpl.java:448) ~[mysql-connector-java-8.0.30.jar:8.0.30]
	at com.mysql.cj.jdbc.ConnectionImpl.getInstance(ConnectionImpl.java:241) ~[mysql-connector-java-8.0.30.jar:8.0.30]
	at com.mysql.cj.jdbc.NonRegisteringDriver.connect(NonRegisteringDriver.java:198) ~[mysql-connector-java-8.0.30.jar:8.0.30]
	at com.mchange.v2.c3p0.DriverManagerDataSource.getConnection(DriverManagerDataSource.java:134) ~[c3p0-0.9.1.2.jar:0.9.1.2]
	at com.mchange.v2.c3p0.WrapperConnectionPoolDataSource.getPooledConnection(WrapperConnectionPoolDataSource.java:182) ~[c3p0-0.9.1.2.jar:0.9.1.2]
	at com.mchange.v2.c3p0.WrapperConnectionPoolDataSource.getPooledConnection(WrapperConnectionPoolDataSource.java:171) ~[c3p0-0.9.1.2.jar:0.9.1.2]
	at com.mchange.v2.c3p0.impl.C3P0PooledConnectionPool$1PooledConnectionResourcePoolManager.acquireResource(C3P0PooledConnectionPool.java:137) ~[c3p0-0.9.1.2.jar:0.9.1.2]
	at com.mchange.v2.resourcepool.BasicResourcePool.doAcquire(BasicResourcePool.java:1014) ~[c3p0-0.9.1.2.jar:0.9.1.2]
	at com.mchange.v2.resourcepool.BasicResourcePool.access$800(BasicResourcePool.java:32) ~[c3p0-0.9.1.2.jar:0.9.1.2]
	at com.mchange.v2.resourcepool.BasicResourcePool$AcquireTask.run(BasicResourcePool.java:1810) [c3p0-0.9.1.2.jar:0.9.1.2]
	at com.mchange.v2.async.ThreadPoolAsynchronousRunner$PoolThread.run(ThreadPoolAsynchronousRunner.java:547) [c3p0-0.9.1.2.jar:0.9.1.2]
Caused by: com.mysql.cj.exceptions.CJCommunicationsException: Communications link failure

The last packet sent successfully to the server was 0 milliseconds ago. The driver has not received any packets from the server.
	at jdk.internal.reflect.GeneratedConstructorAccessor21.newInstance(Unknown Source) ~[?:?]
	at jdk.internal.reflect.DelegatingConstructorAccessorImpl.newInstance(DelegatingConstructorAccessorImpl.java:45) ~[?:?]
	at java.lang.reflect.Constructor.newInstanceWithCaller(Constructor.java:499) ~[?:?]
	at java.lang.reflect.Constructor.newInstance(Constructor.java:480) ~[?:?]
	at com.mysql.cj.exceptions.ExceptionFactory.createException(ExceptionFactory.java:61) ~[mysql-connector-java-8.0.30.jar:8.0.30]
	at com.mysql.cj.exceptions.ExceptionFactory.createException(ExceptionFactory.java:105) ~[mysql-connector-java-8.0.30.jar:8.0.30]
	at com.mysql.cj.exceptions.ExceptionFactory.createException(ExceptionFactory.java:151) ~[mysql-connector-java-8.0.30.jar:8.0.30]
	at com.mysql.cj.exceptions.ExceptionFactory.createCommunicationsException(ExceptionFactory.java:167) ~[mysql-connector-java-8.0.30.jar:8.0.30]
	at com.mysql.cj.protocol.a.NativeSocketConnection.connect(NativeSocketConnection.java:89) ~[mysql-connector-java-8.0.30.jar:8.0.30]
	at com.mysql.cj.NativeSession.connect(NativeSession.java:120) ~[mysql-connector-java-8.0.30.jar:8.0.30]
	at com.mysql.cj.jdbc.ConnectionImpl.connectOneTryOnly(ConnectionImpl.java:948) ~[mysql-connector-java-8.0.30.jar:8.0.30]
	at com.mysql.cj.jdbc.ConnectionImpl.createNewIO(ConnectionImpl.java:818) ~[mysql-connector-java-8.0.30.jar:8.0.30]
	... 11 more
Caused by: java.net.UnknownHostException: db
	at java.net.InetAddress$CachedAddresses.get(InetAddress.java:801) ~[?:?]
	at java.net.InetAddress.getAllByName0(InetAddress.java:1509) ~[?:?]
	at java.net.InetAddress.getAllByName(InetAddress.java:1367) ~[?:?]
	at java.net.InetAddress.getAllByName(InetAddress.java:1301) ~[?:?]
	at com.mysql.cj.protocol.StandardSocketFactory.connect(StandardSocketFactory.java:130) ~[mysql-connector-java-8.0.30.jar:8.0.30]
	at com.mysql.cj.protocol.a.NativeSocketConnection.connect(NativeSocketConnection.java:63) ~[mysql-connector-java-8.0.30.jar:8.0.30]
	at com.mysql.cj.NativeSession.connect(NativeSession.java:120) ~[mysql-connector-java-8.0.30.jar:8.0.30]
	at com.mysql.cj.jdbc.ConnectionImpl.connectOneTryOnly(ConnectionImpl.java:948) ~[mysql-connector-java-8.0.30.jar:8.0.30]
	at com.mysql.cj.jdbc.ConnectionImpl.createNewIO(ConnectionImpl.java:818) ~[mysql-connector-java-8.0.30.jar:8.0.30]
	... 11 more
2026-08-12 17:18:00 DEBUG BasicResourcePool:1935 - Checking for expired resources - Wed Aug 12 17:18:00 IST 2026 [com.mchange.v2.resourcepool.BasicResourcePool@208f1c20]
2026-08-12 17:18:00 DEBUG BasicResourcePool:1447 - BEGIN check for expired resources.  [com.mchange.v2.resourcepool.BasicResourcePool@208f1c20]
2026-08-12 17:18:00 DEBUG BasicResourcePool:1468 - FINISHED check for expired resources.  [com.mchange.v2.resourcepool.BasicResourcePool@208f1c20]
2026-08-12 17:18:00 DEBUG BasicResourcePool:1831 - An exception occurred while acquiring a poolable resource. Will retry.
com.mysql.cj.jdbc.exceptions.CommunicationsException: Communications link failure

The last packet sent successfully to the server was 0 milliseconds ago. The driver has not received any packets from the server.
	at com.mysql.cj.jdbc.exceptions.SQLError.createCommunicationsException(SQLError.java:174) ~[mysql-connector-java-8.0.30.jar:8.0.30]
	at com.mysql.cj.jdbc.exceptions.SQLExceptionsMapping.translateException(SQLExceptionsMapping.java:64) ~[mysql-connector-java-8.0.30.jar:8.0.30]
	at com.mysql.cj.jdbc.ConnectionImpl.createNewIO(ConnectionImpl.java:828) ~[mysql-connector-java-8.0.30.jar:8.0.30]
	at com.mysql.cj.jdbc.ConnectionImpl.<init>(ConnectionImpl.java:448) ~[mysql-connector-java-8.0.30.jar:8.0.30]
	at com.mysql.cj.jdbc.ConnectionImpl.getInstance(ConnectionImpl.java:241) ~[mysql-connector-java-8.0.30.jar:8.0.30]
	at com.mysql.cj.jdbc.NonRegisteringDriver.connect(NonRegisteringDriver.java:198) ~[mysql-connector-java-8.0.30.jar:8.0.30]
	at com.mchange.v2.c3p0.DriverManagerDataSource.getConnection(DriverManagerDataSource.java:134) ~[c3p0-0.9.1.2.jar:0.9.1.2]
	at com.mchange.v2.c3p0.WrapperConnectionPoolDataSource.getPooledConnection(WrapperConnectionPoolDataSource.java:182) ~[c3p0-0.9.1.2.jar:0.9.1.2]
	at com.mchange.v2.c3p0.WrapperConnectionPoolDataSource.getPooledConnection(WrapperConnectionPoolDataSource.java:171) ~[c3p0-0.9.1.2.jar:0.9.1.2]
	at com.mchange.v2.c3p0.impl.C3P0PooledConnectionPool$1PooledConnectionResourcePoolManager.acquireResource(C3P0PooledConnectionPool.java:137) ~[c3p0-0.9.1.2.jar:0.9.1.2]
	at com.mchange.v2.resourcepool.BasicResourcePool.doAcquire(BasicResourcePool.java:1014) ~[c3p0-0.9.1.2.jar:0.9.1.2]
	at com.mchange.v2.resourcepool.BasicResourcePool.access$800(BasicResourcePool.java:32) ~[c3p0-0.9.1.2.jar:0.9.1.2]
	at com.mchange.v2.resourcepool.BasicResourcePool$AcquireTask.run(BasicResourcePool.java:1810) [c3p0-0.9.1.2.jar:0.9.1.2]
	at com.mchange.v2.async.ThreadPoolAsynchronousRunner$PoolThread.run(ThreadPoolAsynchronousRunner.java:547) [c3p0-0.9.1.2.jar:0.9.1.2]
Caused by: com.mysql.cj.exceptions.CJCommunicationsException: Communications link failure

The last packet sent successfully to the server was 0 milliseconds ago. The driver has not received any packets from the server.
	at jdk.internal.reflect.GeneratedConstructorAccessor21.newInstance(Unknown Source) ~[?:?]
	at jdk.internal.reflect.DelegatingConstructorAccessorImpl.newInstance(DelegatingConstructorAccessorImpl.java:45) ~[?:?]
	at java.lang.reflect.Constructor.newInstanceWithCaller(Constructor.java:499) ~[?:?]
	at java.lang.reflect.Constructor.newInstance(Constructor.java:480) ~[?:?]
	at com.mysql.cj.exceptions.ExceptionFactory.createException(ExceptionFactory.java:61) ~[mysql-connector-java-8.0.30.jar:8.0.30]
	at com.mysql.cj.exceptions.ExceptionFactory.createException(ExceptionFactory.java:105) ~[mysql-connector-java-8.0.30.jar:8.0.30]
	at com.mysql.cj.exceptions.ExceptionFactory.createException(ExceptionFactory.java:151) ~[mysql-connector-java-8.0.30.jar:8.0.30]
	at com.mysql.cj.exceptions.ExceptionFactory.createCommunicationsException(ExceptionFactory.java:167) ~[mysql-connector-java-8.0.30.jar:8.0.30]
	at com.mysql.cj.protocol.a.NativeSocketConnection.connect(NativeSocketConnection.java:89) ~[mysql-connector-java-8.0.30.jar:8.0.30]
	at com.mysql.cj.NativeSession.connect(NativeSession.java:120) ~[mysql-connector-java-8.0.30.jar:8.0.30]
	at com.mysql.cj.jdbc.ConnectionImpl.connectOneTryOnly(ConnectionImpl.java:948) ~[mysql-connector-java-8.0.30.jar:8.0.30]
	at com.mysql.cj.jdbc.ConnectionImpl.createNewIO(ConnectionImpl.java:818) ~[mysql-connector-java-8.0.30.jar:8.0.30]
	... 11 more
Caused by: java.net.UnknownHostException: db
	at java.net.InetAddress$CachedAddresses.get(InetAddress.java:801) ~[?:?]
	at java.net.InetAddress.getAllByName0(InetAddress.java:1509) ~[?:?]
	at java.net.InetAddress.getAllByName(InetAddress.java:1367) ~[?:?]
	at java.net.InetAddress.getAllByName(InetAddress.java:1301) ~[?:?]
	at com.mysql.cj.protocol.StandardSocketFactory.connect(StandardSocketFactory.java:130) ~[mysql-connector-java-8.0.30.jar:8.0.30]
	at com.mysql.cj.protocol.a.NativeSocketConnection.connect(NativeSocketConnection.java:63) ~[mysql-connector-java-8.0.30.jar:8.0.30]
	at com.mysql.cj.NativeSession.connect(NativeSession.java:120) ~[mysql-connector-java-8.0.30.jar:8.0.30]
	at com.mysql.cj.jdbc.ConnectionImpl.connectOneTryOnly(ConnectionImpl.java:948) ~[mysql-connector-java-8.0.30.jar:8.0.30]
	at com.mysql.cj.jdbc.ConnectionImpl.createNewIO(ConnectionImpl.java:818) ~[mysql-connector-java-8.0.30.jar:8.0.30]
	... 11 more
2026-08-12 17:18:00 DEBUG BasicResourcePool:1831 - An exception occurred while acquiring a poolable resource. Will retry.
com.mysql.cj.jdbc.exceptions.CommunicationsException: Communications link failure

The last packet sent successfully to the server was 0 milliseconds ago. The driver has not received any packets from the server.
	at com.mysql.cj.jdbc.exceptions.SQLError.createCommunicationsException(SQLError.java:174) ~[mysql-connector-java-8.0.30.jar:8.0.30]
	at com.mysql.cj.jdbc.exceptions.SQLExceptionsMapping.translateException(SQLExceptionsMapping.java:64) ~[mysql-connector-java-8.0.30.jar:8.0.30]
	at com.mysql.cj.jdbc.ConnectionImpl.createNewIO(ConnectionImpl.java:828) ~[mysql-connector-java-8.0.30.jar:8.0.30]
	at com.mysql.cj.jdbc.ConnectionImpl.<init>(ConnectionImpl.java:448) ~[mysql-connector-java-8.0.30.jar:8.0.30]
	at com.mysql.cj.jdbc.ConnectionImpl.getInstance(ConnectionImpl.java:241) ~[mysql-connector-java-8.0.30.jar:8.0.30]
	at com.mysql.cj.jdbc.NonRegisteringDriver.connect(NonRegisteringDriver.java:198) ~[mysql-connector-java-8.0.30.jar:8.0.30]
	at com.mchange.v2.c3p0.DriverManagerDataSource.getConnection(DriverManagerDataSource.java:134) ~[c3p0-0.9.1.2.jar:0.9.1.2]
	at com.mchange.v2.c3p0.WrapperConnectionPoolDataSource.getPooledConnection(WrapperConnectionPoolDataSource.java:182) ~[c3p0-0.9.1.2.jar:0.9.1.2]
	at com.mchange.v2.c3p0.WrapperConnectionPoolDataSource.getPooledConnection(WrapperConnectionPoolDataSource.java:171) ~[c3p0-0.9.1.2.jar:0.9.1.2]
	at com.mchange.v2.c3p0.impl.C3P0PooledConnectionPool$1PooledConnectionResourcePoolManager.acquireResource(C3P0PooledConnectionPool.java:137) ~[c3p0-0.9.1.2.jar:0.9.1.2]
	at com.mchange.v2.resourcepool.BasicResourcePool.doAcquire(BasicResourcePool.java:1014) ~[c3p0-0.9.1.2.jar:0.9.1.2]
	at com.mchange.v2.resourcepool.BasicResourcePool.access$800(BasicResourcePool.java:32) ~[c3p0-0.9.1.2.jar:0.9.1.2]
	at com.mchange.v2.resourcepool.BasicResourcePool$AcquireTask.run(BasicResourcePool.java:1810) [c3p0-0.9.1.2.jar:0.9.1.2]
	at com.mchange.v2.async.ThreadPoolAsynchronousRunner$PoolThread.run(ThreadPoolAsynchronousRunner.java:547) [c3p0-0.9.1.2.jar:0.9.1.2]
Caused by: com.mysql.cj.exceptions.CJCommunicationsException: Communications link failure

The last packet sent successfully to the server was 0 milliseconds ago. The driver has not received any packets from the server.
	at jdk.internal.reflect.GeneratedConstructorAccessor21.newInstance(Unknown Source) ~[?:?]
	at jdk.internal.reflect.DelegatingConstructorAccessorImpl.newInstance(DelegatingConstructorAccessorImpl.java:45) ~[?:?]
	at java.lang.reflect.Constructor.newInstanceWithCaller(Constructor.java:499) ~[?:?]
	at java.lang.reflect.Constructor.newInstance(Constructor.java:480) ~[?:?]
	at com.mysql.cj.exceptions.ExceptionFactory.createException(ExceptionFactory.java:61) ~[mysql-connector-java-8.0.30.jar:8.0.30]
	at com.mysql.cj.exceptions.ExceptionFactory.createException(ExceptionFactory.java:105) ~[mysql-connector-java-8.0.30.jar:8.0.30]
	at com.mysql.cj.exceptions.ExceptionFactory.createException(ExceptionFactory.java:151) ~[mysql-connector-java-8.0.30.jar:8.0.30]
	at com.mysql.cj.exceptions.ExceptionFactory.createCommunicationsException(ExceptionFactory.java:167) ~[mysql-connector-java-8.0.30.jar:8.0.30]
	at com.mysql.cj.protocol.a.NativeSocketConnection.connect(NativeSocketConnection.java:89) ~[mysql-connector-java-8.0.30.jar:8.0.30]
	at com.mysql.cj.NativeSession.connect(NativeSession.java:120) ~[mysql-connector-java-8.0.30.jar:8.0.30]
	at com.mysql.cj.jdbc.ConnectionImpl.connectOneTryOnly(ConnectionImpl.java:948) ~[mysql-connector-java-8.0.30.jar:8.0.30]
	at com.mysql.cj.jdbc.ConnectionImpl.createNewIO(ConnectionImpl.java:818) ~[mysql-connector-java-8.0.30.jar:8.0.30]
	... 11 more
Caused by: java.net.UnknownHostException: db
	at java.net.InetAddress$CachedAddresses.get(InetAddress.java:801) ~[?:?]
	at java.net.InetAddress.getAllByName0(InetAddress.java:1509) ~[?:?]
	at java.net.InetAddress.getAllByName(InetAddress.java:1367) ~[?:?]
	at java.net.InetAddress.getAllByName(InetAddress.java:1301) ~[?:?]
	at com.mysql.cj.protocol.StandardSocketFactory.connect(StandardSocketFactory.java:130) ~[mysql-connector-java-8.0.30.jar:8.0.30]
	at com.mysql.cj.protocol.a.NativeSocketConnection.connect(NativeSocketConnection.java:63) ~[mysql-connector-java-8.0.30.jar:8.0.30]
	at com.mysql.cj.NativeSession.connect(NativeSession.java:120) ~[mysql-connector-java-8.0.30.jar:8.0.30]
	at com.mysql.cj.jdbc.ConnectionImpl.connectOneTryOnly(ConnectionImpl.java:948) ~[mysql-connector-java-8.0.30.jar:8.0.30]
	at com.mysql.cj.jdbc.ConnectionImpl.createNewIO(ConnectionImpl.java:818) ~[mysql-connector-java-8.0.30.jar:8.0.30]
	... 11 more
2026-08-12 17:18:01 DEBUG BasicResourcePool:1831 - An exception occurred while acquiring a poolable resource. Will retry.
com.mysql.cj.jdbc.exceptions.CommunicationsException: Communications link failure

The last packet sent successfully to the server was 0 milliseconds ago. The driver has not received any packets from the server.
	at com.mysql.cj.jdbc.exceptions.SQLError.createCommunicationsException(SQLError.java:174) ~[mysql-connector-java-8.0.30.jar:8.0.30]
	at com.mysql.cj.jdbc.exceptions.SQLExceptionsMapping.translateException(SQLExceptionsMapping.java:64) ~[mysql-connector-java-8.0.30.jar:8.0.30]
	at com.mysql.cj.jdbc.ConnectionImpl.createNewIO(ConnectionImpl.java:828) ~[mysql-connector-java-8.0.30.jar:8.0.30]
	at com.mysql.cj.jdbc.ConnectionImpl.<init>(ConnectionImpl.java:448) ~[mysql-connector-java-8.0.30.jar:8.0.30]
	at com.mysql.cj.jdbc.ConnectionImpl.getInstance(ConnectionImpl.java:241) ~[mysql-connector-java-8.0.30.jar:8.0.30]
	at com.mysql.cj.jdbc.NonRegisteringDriver.connect(NonRegisteringDriver.java:198) ~[mysql-connector-java-8.0.30.jar:8.0.30]
	at com.mchange.v2.c3p0.DriverManagerDataSource.getConnection(DriverManagerDataSource.java:134) ~[c3p0-0.9.1.2.jar:0.9.1.2]
	at com.mchange.v2.c3p0.WrapperConnectionPoolDataSource.getPooledConnection(WrapperConnectionPoolDataSource.java:182) ~[c3p0-0.9.1.2.jar:0.9.1.2]
	at com.mchange.v2.c3p0.WrapperConnectionPoolDataSource.getPooledConnection(WrapperConnectionPoolDataSource.java:171) ~[c3p0-0.9.1.2.jar:0.9.1.2]
	at com.mchange.v2.c3p0.impl.C3P0PooledConnectionPool$1PooledConnectionResourcePoolManager.acquireResource(C3P0PooledConnectionPool.java:137) ~[c3p0-0.9.1.2.jar:0.9.1.2]
	at com.mchange.v2.resourcepool.BasicResourcePool.doAcquire(BasicResourcePool.java:1014) ~[c3p0-0.9.1.2.jar:0.9.1.2]
	at com.mchange.v2.resourcepool.BasicResourcePool.access$800(BasicResourcePool.java:32) ~[c3p0-0.9.1.2.jar:0.9.1.2]
	at com.mchange.v2.resourcepool.BasicResourcePool$AcquireTask.run(BasicResourcePool.java:1810) [c3p0-0.9.1.2.jar:0.9.1.2]
	at com.mchange.v2.async.ThreadPoolAsynchronousRunner$PoolThread.run(ThreadPoolAsynchronousRunner.java:547) [c3p0-0.9.1.2.jar:0.9.1.2]
Caused by: com.mysql.cj.exceptions.CJCommunicationsException: Communications link failure

The last packet sent successfully to the server was 0 milliseconds ago. The driver has not received any packets from the server.
	at jdk.internal.reflect.GeneratedConstructorAccessor21.newInstance(Unknown Source) ~[?:?]
	at jdk.internal.reflect.DelegatingConstructorAccessorImpl.newInstance(DelegatingConstructorAccessorImpl.java:45) ~[?:?]
	at java.lang.reflect.Constructor.newInstanceWithCaller(Constructor.java:499) ~[?:?]
	at java.lang.reflect.Constructor.newInstance(Constructor.java:480) ~[?:?]
	at com.mysql.cj.exceptions.ExceptionFactory.createException(ExceptionFactory.java:61) ~[mysql-connector-java-8.0.30.jar:8.0.30]
	at com.mysql.cj.exceptions.ExceptionFactory.createException(ExceptionFactory.java:105) ~[mysql-connector-java-8.0.30.jar:8.0.30]
	at com.mysql.cj.exceptions.ExceptionFactory.createException(ExceptionFactory.java:151) ~[mysql-connector-java-8.0.30.jar:8.0.30]
	at com.mysql.cj.exceptions.ExceptionFactory.createCommunicationsException(ExceptionFactory.java:167) ~[mysql-connector-java-8.0.30.jar:8.0.30]
	at com.mysql.cj.protocol.a.NativeSocketConnection.connect(NativeSocketConnection.java:89) ~[mysql-connector-java-8.0.30.jar:8.0.30]
	at com.mysql.cj.NativeSession.connect(NativeSession.java:120) ~[mysql-connector-java-8.0.30.jar:8.0.30]
	at com.mysql.cj.jdbc.ConnectionImpl.connectOneTryOnly(ConnectionImpl.java:948) ~[mysql-connector-java-8.0.30.jar:8.0.30]
	at com.mysql.cj.jdbc.ConnectionImpl.createNewIO(ConnectionImpl.java:818) ~[mysql-connector-java-8.0.30.jar:8.0.30]
	... 11 more
Caused by: java.net.UnknownHostException: db
	at java.net.InetAddress$CachedAddresses.get(InetAddress.java:801) ~[?:?]
	at java.net.InetAddress.getAllByName0(InetAddress.java:1509) ~[?:?]
	at java.net.InetAddress.getAllByName(InetAddress.java:1367) ~[?:?]
	at java.net.InetAddress.getAllByName(InetAddress.java:1301) ~[?:?]
	at com.mysql.cj.protocol.StandardSocketFactory.connect(StandardSocketFactory.java:130) ~[mysql-connector-java-8.0.30.jar:8.0.30]
	at com.mysql.cj.protocol.a.NativeSocketConnection.connect(NativeSocketConnection.java:63) ~[mysql-connector-java-8.0.30.jar:8.0.30]
	at com.mysql.cj.NativeSession.connect(NativeSession.java:120) ~[mysql-connector-java-8.0.30.jar:8.0.30]
	at com.mysql.cj.jdbc.ConnectionImpl.connectOneTryOnly(ConnectionImpl.java:948) ~[mysql-connector-java-8.0.30.jar:8.0.30]
	at com.mysql.cj.jdbc.ConnectionImpl.createNewIO(ConnectionImpl.java:818) ~[mysql-connector-java-8.0.30.jar:8.0.30]
	... 11 more
2026-08-12 17:18:01 DEBUG BasicResourcePool:1831 - An exception occurred while acquiring a poolable resource. Will retry.
com.mysql.cj.jdbc.exceptions.CommunicationsException: Communications link failure

The last packet sent successfully to the server was 0 milliseconds ago. The driver has not received any packets from the server.
	at com.mysql.cj.jdbc.exceptions.SQLError.createCommunicationsException(SQLError.java:174) ~[mysql-connector-java-8.0.30.jar:8.0.30]
	at com.mysql.cj.jdbc.exceptions.SQLExceptionsMapping.translateException(SQLExceptionsMapping.java:64) ~[mysql-connector-java-8.0.30.jar:8.0.30]
	at com.mysql.cj.jdbc.ConnectionImpl.createNewIO(ConnectionImpl.java:828) ~[mysql-connector-java-8.0.30.jar:8.0.30]
	at com.mysql.cj.jdbc.ConnectionImpl.<init>(ConnectionImpl.java:448) ~[mysql-connector-java-8.0.30.jar:8.0.30]
	at com.mysql.cj.jdbc.ConnectionImpl.getInstance(ConnectionImpl.java:241) ~[mysql-connector-java-8.0.30.jar:8.0.30]
	at com.mysql.cj.jdbc.NonRegisteringDriver.connect(NonRegisteringDriver.java:198) ~[mysql-connector-java-8.0.30.jar:8.0.30]
	at com.mchange.v2.c3p0.DriverManagerDataSource.getConnection(DriverManagerDataSource.java:134) ~[c3p0-0.9.1.2.jar:0.9.1.2]
	at com.mchange.v2.c3p0.WrapperConnectionPoolDataSource.getPooledConnection(WrapperConnectionPoolDataSource.java:182) ~[c3p0-0.9.1.2.jar:0.9.1.2]
	at com.mchange.v2.c3p0.WrapperConnectionPoolDataSource.getPooledConnection(WrapperConnectionPoolDataSource.java:171) ~[c3p0-0.9.1.2.jar:0.9.1.2]
	at com.mchange.v2.c3p0.impl.C3P0PooledConnectionPool$1PooledConnectionResourcePoolManager.acquireResource(C3P0PooledConnectionPool.java:137) ~[c3p0-0.9.1.2.jar:0.9.1.2]
	at com.mchange.v2.resourcepool.BasicResourcePool.doAcquire(BasicResourcePool.java:1014) ~[c3p0-0.9.1.2.jar:0.9.1.2]
	at com.mchange.v2.resourcepool.BasicResourcePool.access$800(BasicResourcePool.java:32) ~[c3p0-0.9.1.2.jar:0.9.1.2]
	at com.mchange.v2.resourcepool.BasicResourcePool$AcquireTask.run(BasicResourcePool.java:1810) [c3p0-0.9.1.2.jar:0.9.1.2]
	at com.mchange.v2.async.ThreadPoolAsynchronousRunner$PoolThread.run(ThreadPoolAsynchronousRunner.java:547) [c3p0-0.9.1.2.jar:0.9.1.2]
Caused by: com.mysql.cj.exceptions.CJCommunicationsException: Communications link failure

The last packet sent successfully to the server was 0 milliseconds ago. The driver has not received any packets from the server.
	at jdk.internal.reflect.GeneratedConstructorAccessor21.newInstance(Unknown Source) ~[?:?]
	at jdk.internal.reflect.DelegatingConstructorAccessorImpl.newInstance(DelegatingConstructorAccessorImpl.java:45) ~[?:?]
	at java.lang.reflect.Constructor.newInstanceWithCaller(Constructor.java:499) ~[?:?]
	at java.lang.reflect.Constructor.newInstance(Constructor.java:480) ~[?:?]
	at com.mysql.cj.exceptions.ExceptionFactory.createException(ExceptionFactory.java:61) ~[mysql-connector-java-8.0.30.jar:8.0.30]
	at com.mysql.cj.exceptions.ExceptionFactory.createException(ExceptionFactory.java:105) ~[mysql-connector-java-8.0.30.jar:8.0.30]
	at com.mysql.cj.exceptions.ExceptionFactory.createException(ExceptionFactory.java:151) ~[mysql-connector-java-8.0.30.jar:8.0.30]
	at com.mysql.cj.exceptions.ExceptionFactory.createCommunicationsException(ExceptionFactory.java:167) ~[mysql-connector-java-8.0.30.jar:8.0.30]
	at com.mysql.cj.protocol.a.NativeSocketConnection.connect(NativeSocketConnection.java:89) ~[mysql-connector-java-8.0.30.jar:8.0.30]
	at com.mysql.cj.NativeSession.connect(NativeSession.java:120) ~[mysql-connector-java-8.0.30.jar:8.0.30]
	at com.mysql.cj.jdbc.ConnectionImpl.connectOneTryOnly(ConnectionImpl.java:948) ~[mysql-connector-java-8.0.30.jar:8.0.30]
	at com.mysql.cj.jdbc.ConnectionImpl.createNewIO(ConnectionImpl.java:818) ~[mysql-connector-java-8.0.30.jar:8.0.30]
	... 11 more
Caused by: java.net.UnknownHostException: db
	at java.net.InetAddress$CachedAddresses.get(InetAddress.java:801) ~[?:?]
	at java.net.InetAddress.getAllByName0(InetAddress.java:1509) ~[?:?]
	at java.net.InetAddress.getAllByName(InetAddress.java:1367) ~[?:?]
	at java.net.InetAddress.getAllByName(InetAddress.java:1301) ~[?:?]
	at com.mysql.cj.protocol.StandardSocketFactory.connect(StandardSocketFactory.java:130) ~[mysql-connector-java-8.0.30.jar:8.0.30]
	at com.mysql.cj.protocol.a.NativeSocketConnection.connect(NativeSocketConnection.java:63) ~[mysql-connector-java-8.0.30.jar:8.0.30]
	at com.mysql.cj.NativeSession.connect(NativeSession.java:120) ~[mysql-connector-java-8.0.30.jar:8.0.30]
	at com.mysql.cj.jdbc.ConnectionImpl.connectOneTryOnly(ConnectionImpl.java:948) ~[mysql-connector-java-8.0.30.jar:8.0.30]
	at com.mysql.cj.jdbc.ConnectionImpl.createNewIO(ConnectionImpl.java:818) ~[mysql-connector-java-8.0.30.jar:8.0.30]
	... 11 more
2026-08-12 17:18:02 DEBUG BasicResourcePool:1831 - An exception occurred while acquiring a poolable resource. Will retry.
com.mysql.cj.jdbc.exceptions.CommunicationsException: Communications link failure

The last packet sent successfully to the server was 0 milliseconds ago. The driver has not received any packets from the server.
	at com.mysql.cj.jdbc.exceptions.SQLError.createCommunicationsException(SQLError.java:174) ~[mysql-connector-java-8.0.30.jar:8.0.30]
	at com.mysql.cj.jdbc.exceptions.SQLExceptionsMapping.translateException(SQLExceptionsMapping.java:64) ~[mysql-connector-java-8.0.30.jar:8.0.30]
	at com.mysql.cj.jdbc.ConnectionImpl.createNewIO(ConnectionImpl.java:828) ~[mysql-connector-java-8.0.30.jar:8.0.30]
	at com.mysql.cj.jdbc.ConnectionImpl.<init>(ConnectionImpl.java:448) ~[mysql-connector-java-8.0.30.jar:8.0.30]
	at com.mysql.cj.jdbc.ConnectionImpl.getInstance(ConnectionImpl.java:241) ~[mysql-connector-java-8.0.30.jar:8.0.30]
	at com.mysql.cj.jdbc.NonRegisteringDriver.connect(NonRegisteringDriver.java:198) ~[mysql-connector-java-8.0.30.jar:8.0.30]
	at com.mchange.v2.c3p0.DriverManagerDataSource.getConnection(DriverManagerDataSource.java:134) ~[c3p0-0.9.1.2.jar:0.9.1.2]
	at com.mchange.v2.c3p0.WrapperConnectionPoolDataSource.getPooledConnection(WrapperConnectionPoolDataSource.java:182) ~[c3p0-0.9.1.2.jar:0.9.1.2]
	at com.mchange.v2.c3p0.WrapperConnectionPoolDataSource.getPooledConnection(WrapperConnectionPoolDataSource.java:171) ~[c3p0-0.9.1.2.jar:0.9.1.2]
	at com.mchange.v2.c3p0.impl.C3P0PooledConnectionPool$1PooledConnectionResourcePoolManager.acquireResource(C3P0PooledConnectionPool.java:137) ~[c3p0-0.9.1.2.jar:0.9.1.2]
	at com.mchange.v2.resourcepool.BasicResourcePool.doAcquire(BasicResourcePool.java:1014) ~[c3p0-0.9.1.2.jar:0.9.1.2]
	at com.mchange.v2.resourcepool.BasicResourcePool.access$800(BasicResourcePool.java:32) ~[c3p0-0.9.1.2.jar:0.9.1.2]
	at com.mchange.v2.resourcepool.BasicResourcePool$AcquireTask.run(BasicResourcePool.java:1810) [c3p0-0.9.1.2.jar:0.9.1.2]
	at com.mchange.v2.async.ThreadPoolAsynchronousRunner$PoolThread.run(ThreadPoolAsynchronousRunner.java:547) [c3p0-0.9.1.2.jar:0.9.1.2]
Caused by: com.mysql.cj.exceptions.CJCommunicationsException: Communications link failure

The last packet sent successfully to the server was 0 milliseconds ago. The driver has not received any packets from the server.
	at jdk.internal.reflect.GeneratedConstructorAccessor21.newInstance(Unknown Source) ~[?:?]
	at jdk.internal.reflect.DelegatingConstructorAccessorImpl.newInstance(DelegatingConstructorAccessorImpl.java:45) ~[?:?]
	at java.lang.reflect.Constructor.newInstanceWithCaller(Constructor.java:499) ~[?:?]
	at java.lang.reflect.Constructor.newInstance(Constructor.java:480) ~[?:?]
	at com.mysql.cj.exceptions.ExceptionFactory.createException(ExceptionFactory.java:61) ~[mysql-connector-java-8.0.30.jar:8.0.30]
	at com.mysql.cj.exceptions.ExceptionFactory.createException(ExceptionFactory.java:105) ~[mysql-connector-java-8.0.30.jar:8.0.30]
	at com.mysql.cj.exceptions.ExceptionFactory.createException(ExceptionFactory.java:151) ~[mysql-connector-java-8.0.30.jar:8.0.30]
	at com.mysql.cj.exceptions.ExceptionFactory.createCommunicationsException(ExceptionFactory.java:167) ~[mysql-connector-java-8.0.30.jar:8.0.30]
	at com.mysql.cj.protocol.a.NativeSocketConnection.connect(NativeSocketConnection.java:89) ~[mysql-connector-java-8.0.30.jar:8.0.30]
	at com.mysql.cj.NativeSession.connect(NativeSession.java:120) ~[mysql-connector-java-8.0.30.jar:8.0.30]
	at com.mysql.cj.jdbc.ConnectionImpl.connectOneTryOnly(ConnectionImpl.java:948) ~[mysql-connector-java-8.0.30.jar:8.0.30]
	at com.mysql.cj.jdbc.ConnectionImpl.createNewIO(ConnectionImpl.java:818) ~[mysql-connector-java-8.0.30.jar:8.0.30]
	... 11 more
Caused by: java.net.UnknownHostException: db
	at java.net.InetAddress$CachedAddresses.get(InetAddress.java:801) ~[?:?]
	at java.net.InetAddress.getAllByName0(InetAddress.java:1509) ~[?:?]
	at java.net.InetAddress.getAllByName(InetAddress.java:1367) ~[?:?]
	at java.net.InetAddress.getAllByName(InetAddress.java:1301) ~[?:?]
	at com.mysql.cj.protocol.StandardSocketFactory.connect(StandardSocketFactory.java:130) ~[mysql-connector-java-8.0.30.jar:8.0.30]
	at com.mysql.cj.protocol.a.NativeSocketConnection.connect(NativeSocketConnection.java:63) ~[mysql-connector-java-8.0.30.jar:8.0.30]
	at com.mysql.cj.NativeSession.connect(NativeSession.java:120) ~[mysql-connector-java-8.0.30.jar:8.0.30]
	at com.mysql.cj.jdbc.ConnectionImpl.connectOneTryOnly(ConnectionImpl.java:948) ~[mysql-connector-java-8.0.30.jar:8.0.30]
	at com.mysql.cj.jdbc.ConnectionImpl.createNewIO(ConnectionImpl.java:818) ~[mysql-connector-java-8.0.30.jar:8.0.30]
	... 11 more
2026-08-12 17:18:02 DEBUG BasicResourcePool:1831 - An exception occurred while acquiring a poolable resource. Will retry.
com.mysql.cj.jdbc.exceptions.CommunicationsException: Communications link failure

The last packet sent successfully to the server was 0 milliseconds ago. The driver has not received any packets from the server.
	at com.mysql.cj.jdbc.exceptions.SQLError.createCommunicationsException(SQLError.java:174) ~[mysql-connector-java-8.0.30.jar:8.0.30]
	at com.mysql.cj.jdbc.exceptions.SQLExceptionsMapping.translateException(SQLExceptionsMapping.java:64) ~[mysql-connector-java-8.0.30.jar:8.0.30]
	at com.mysql.cj.jdbc.ConnectionImpl.createNewIO(ConnectionImpl.java:828) ~[mysql-connector-java-8.0.30.jar:8.0.30]
	at com.mysql.cj.jdbc.ConnectionImpl.<init>(ConnectionImpl.java:448) ~[mysql-connector-java-8.0.30.jar:8.0.30]
	at com.mysql.cj.jdbc.ConnectionImpl.getInstance(ConnectionImpl.java:241) ~[mysql-connector-java-8.0.30.jar:8.0.30]
	at com.mysql.cj.jdbc.NonRegisteringDriver.connect(NonRegisteringDriver.java:198) ~[mysql-connector-java-8.0.30.jar:8.0.30]
	at com.mchange.v2.c3p0.DriverManagerDataSource.getConnection(DriverManagerDataSource.java:134) ~[c3p0-0.9.1.2.jar:0.9.1.2]
	at com.mchange.v2.c3p0.WrapperConnectionPoolDataSource.getPooledConnection(WrapperConnectionPoolDataSource.java:182) ~[c3p0-0.9.1.2.jar:0.9.1.2]
	at com.mchange.v2.c3p0.WrapperConnectionPoolDataSource.getPooledConnection(WrapperConnectionPoolDataSource.java:171) ~[c3p0-0.9.1.2.jar:0.9.1.2]
	at com.mchange.v2.c3p0.impl.C3P0PooledConnectionPool$1PooledConnectionResourcePoolManager.acquireResource(C3P0PooledConnectionPool.java:137) ~[c3p0-0.9.1.2.jar:0.9.1.2]
	at com.mchange.v2.resourcepool.BasicResourcePool.doAcquire(BasicResourcePool.java:1014) ~[c3p0-0.9.1.2.jar:0.9.1.2]
	at com.mchange.v2.resourcepool.BasicResourcePool.access$800(BasicResourcePool.java:32) ~[c3p0-0.9.1.2.jar:0.9.1.2]
	at com.mchange.v2.resourcepool.BasicResourcePool$AcquireTask.run(BasicResourcePool.java:1810) [c3p0-0.9.1.2.jar:0.9.1.2]
	at com.mchange.v2.async.ThreadPoolAsynchronousRunner$PoolThread.run(ThreadPoolAsynchronousRunner.java:547) [c3p0-0.9.1.2.jar:0.9.1.2]
Caused by: com.mysql.cj.exceptions.CJCommunicationsException: Communications link failure

The last packet sent successfully to the server was 0 milliseconds ago. The driver has not received any packets from the server.
	at jdk.internal.reflect.GeneratedConstructorAccessor21.newInstance(Unknown Source) ~[?:?]
	at jdk.internal.reflect.DelegatingConstructorAccessorImpl.newInstance(DelegatingConstructorAccessorImpl.java:45) ~[?:?]
	at java.lang.reflect.Constructor.newInstanceWithCaller(Constructor.java:499) ~[?:?]
	at java.lang.reflect.Constructor.newInstance(Constructor.java:480) ~[?:?]
	at com.mysql.cj.exceptions.ExceptionFactory.createException(ExceptionFactory.java:61) ~[mysql-connector-java-8.0.30.jar:8.0.30]
	at com.mysql.cj.exceptions.ExceptionFactory.createException(ExceptionFactory.java:105) ~[mysql-connector-java-8.0.30.jar:8.0.30]
	at com.mysql.cj.exceptions.ExceptionFactory.createException(ExceptionFactory.java:151) ~[mysql-connector-java-8.0.30.jar:8.0.30]
	at com.mysql.cj.exceptions.ExceptionFactory.createCommunicationsException(ExceptionFactory.java:167) ~[mysql-connector-java-8.0.30.jar:8.0.30]
	at com.mysql.cj.protocol.a.NativeSocketConnection.connect(NativeSocketConnection.java:89) ~[mysql-connector-java-8.0.30.jar:8.0.30]
	at com.mysql.cj.NativeSession.connect(NativeSession.java:120) ~[mysql-connector-java-8.0.30.jar:8.0.30]
	at com.mysql.cj.jdbc.ConnectionImpl.connectOneTryOnly(ConnectionImpl.java:948) ~[mysql-connector-java-8.0.30.jar:8.0.30]
	at com.mysql.cj.jdbc.ConnectionImpl.createNewIO(ConnectionImpl.java:818) ~[mysql-connector-java-8.0.30.jar:8.0.30]
	... 11 more
Caused by: java.net.UnknownHostException: db
	at java.net.InetAddress$CachedAddresses.get(InetAddress.java:801) ~[?:?]
	at java.net.InetAddress.getAllByName0(InetAddress.java:1509) ~[?:?]
	at java.net.InetAddress.getAllByName(InetAddress.java:1367) ~[?:?]
	at java.net.InetAddress.getAllByName(InetAddress.java:1301) ~[?:?]
	at com.mysql.cj.protocol.StandardSocketFactory.connect(StandardSocketFactory.java:130) ~[mysql-connector-java-8.0.30.jar:8.0.30]
	at com.mysql.cj.protocol.a.NativeSocketConnection.connect(NativeSocketConnection.java:63) ~[mysql-connector-java-8.0.30.jar:8.0.30]
	at com.mysql.cj.NativeSession.connect(NativeSession.java:120) ~[mysql-connector-java-8.0.30.jar:8.0.30]
	at com.mysql.cj.jdbc.ConnectionImpl.connectOneTryOnly(ConnectionImpl.java:948) ~[mysql-connector-java-8.0.30.jar:8.0.30]
	at com.mysql.cj.jdbc.ConnectionImpl.createNewIO(ConnectionImpl.java:818) ~[mysql-connector-java-8.0.30.jar:8.0.30]
	... 11 more
2026-08-12 17:18:03 DEBUG BasicResourcePool:1935 - Checking for expired resources - Wed Aug 12 17:18:03 IST 2026 [com.mchange.v2.resourcepool.BasicResourcePool@208f1c20]
2026-08-12 17:18:03 DEBUG BasicResourcePool:1447 - BEGIN check for expired resources.  [com.mchange.v2.resourcepool.BasicResourcePool@208f1c20]
2026-08-12 17:18:03 DEBUG BasicResourcePool:1468 - FINISHED check for expired resources.  [com.mchange.v2.resourcepool.BasicResourcePool@208f1c20]
2026-08-12 17:18:03 DEBUG BasicResourcePool:1831 - An exception occurred while acquiring a poolable resource. Will retry.
com.mysql.cj.jdbc.exceptions.CommunicationsException: Communications link failure

The last packet sent successfully to the server was 0 milliseconds ago. The driver has not received any packets from the server.
	at com.mysql.cj.jdbc.exceptions.SQLError.createCommunicationsException(SQLError.java:174) ~[mysql-connector-java-8.0.30.jar:8.0.30]
	at com.mysql.cj.jdbc.exceptions.SQLExceptionsMapping.translateException(SQLExceptionsMapping.java:64) ~[mysql-connector-java-8.0.30.jar:8.0.30]
	at com.mysql.cj.jdbc.ConnectionImpl.createNewIO(ConnectionImpl.java:828) ~[mysql-connector-java-8.0.30.jar:8.0.30]
	at com.mysql.cj.jdbc.ConnectionImpl.<init>(ConnectionImpl.java:448) ~[mysql-connector-java-8.0.30.jar:8.0.30]
	at com.mysql.cj.jdbc.ConnectionImpl.getInstance(ConnectionImpl.java:241) ~[mysql-connector-java-8.0.30.jar:8.0.30]
	at com.mysql.cj.jdbc.NonRegisteringDriver.connect(NonRegisteringDriver.java:198) ~[mysql-connector-java-8.0.30.jar:8.0.30]
	at com.mchange.v2.c3p0.DriverManagerDataSource.getConnection(DriverManagerDataSource.java:134) ~[c3p0-0.9.1.2.jar:0.9.1.2]
	at com.mchange.v2.c3p0.WrapperConnectionPoolDataSource.getPooledConnection(WrapperConnectionPoolDataSource.java:182) ~[c3p0-0.9.1.2.jar:0.9.1.2]
	at com.mchange.v2.c3p0.WrapperConnectionPoolDataSource.getPooledConnection(WrapperConnectionPoolDataSource.java:171) ~[c3p0-0.9.1.2.jar:0.9.1.2]
	at com.mchange.v2.c3p0.impl.C3P0PooledConnectionPool$1PooledConnectionResourcePoolManager.acquireResource(C3P0PooledConnectionPool.java:137) ~[c3p0-0.9.1.2.jar:0.9.1.2]
	at com.mchange.v2.resourcepool.BasicResourcePool.doAcquire(BasicResourcePool.java:1014) ~[c3p0-0.9.1.2.jar:0.9.1.2]
	at com.mchange.v2.resourcepool.BasicResourcePool.access$800(BasicResourcePool.java:32) ~[c3p0-0.9.1.2.jar:0.9.1.2]
	at com.mchange.v2.resourcepool.BasicResourcePool$AcquireTask.run(BasicResourcePool.java:1810) [c3p0-0.9.1.2.jar:0.9.1.2]
	at com.mchange.v2.async.ThreadPoolAsynchronousRunner$PoolThread.run(ThreadPoolAsynchronousRunner.java:547) [c3p0-0.9.1.2.jar:0.9.1.2]
Caused by: com.mysql.cj.exceptions.CJCommunicationsException: Communications link failure

The last packet sent successfully to the server was 0 milliseconds ago. The driver has not received any packets from the server.
	at jdk.internal.reflect.GeneratedConstructorAccessor21.newInstance(Unknown Source) ~[?:?]
	at jdk.internal.reflect.DelegatingConstructorAccessorImpl.newInstance(DelegatingConstructorAccessorImpl.java:45) ~[?:?]
	at java.lang.reflect.Constructor.newInstanceWithCaller(Constructor.java:499) ~[?:?]
	at java.lang.reflect.Constructor.newInstance(Constructor.java:480) ~[?:?]
	at com.mysql.cj.exceptions.ExceptionFactory.createException(ExceptionFactory.java:61) ~[mysql-connector-java-8.0.30.jar:8.0.30]
	at com.mysql.cj.exceptions.ExceptionFactory.createException(ExceptionFactory.java:105) ~[mysql-connector-java-8.0.30.jar:8.0.30]
	at com.mysql.cj.exceptions.ExceptionFactory.createException(ExceptionFactory.java:151) ~[mysql-connector-java-8.0.30.jar:8.0.30]
	at com.mysql.cj.exceptions.ExceptionFactory.createCommunicationsException(ExceptionFactory.java:167) ~[mysql-connector-java-8.0.30.jar:8.0.30]
	at com.mysql.cj.protocol.a.NativeSocketConnection.connect(NativeSocketConnection.java:89) ~[mysql-connector-java-8.0.30.jar:8.0.30]
	at com.mysql.cj.NativeSession.connect(NativeSession.java:120) ~[mysql-connector-java-8.0.30.jar:8.0.30]
	at com.mysql.cj.jdbc.ConnectionImpl.connectOneTryOnly(ConnectionImpl.java:948) ~[mysql-connector-java-8.0.30.jar:8.0.30]
	at com.mysql.cj.jdbc.ConnectionImpl.createNewIO(ConnectionImpl.java:818) ~[mysql-connector-java-8.0.30.jar:8.0.30]
	... 11 more
Caused by: java.net.UnknownHostException: db
	at java.net.InetAddress$CachedAddresses.get(InetAddress.java:801) ~[?:?]
	at java.net.InetAddress.getAllByName0(InetAddress.java:1509) ~[?:?]
	at java.net.InetAddress.getAllByName(InetAddress.java:1367) ~[?:?]
	at java.net.InetAddress.getAllByName(InetAddress.java:1301) ~[?:?]
	at com.mysql.cj.protocol.StandardSocketFactory.connect(StandardSocketFactory.java:130) ~[mysql-connector-java-8.0.30.jar:8.0.30]
	at com.mysql.cj.protocol.a.NativeSocketConnection.connect(NativeSocketConnection.java:63) ~[mysql-connector-java-8.0.30.jar:8.0.30]
	at com.mysql.cj.NativeSession.connect(NativeSession.java:120) ~[mysql-connector-java-8.0.30.jar:8.0.30]
	at com.mysql.cj.jdbc.ConnectionImpl.connectOneTryOnly(ConnectionImpl.java:948) ~[mysql-connector-java-8.0.30.jar:8.0.30]
	at com.mysql.cj.jdbc.ConnectionImpl.createNewIO(ConnectionImpl.java:818) ~[mysql-connector-java-8.0.30.jar:8.0.30]
	... 11 more
2026-08-12 17:18:03 DEBUG BasicResourcePool:1831 - An exception occurred while acquiring a poolable resource. Will retry.
com.mysql.cj.jdbc.exceptions.CommunicationsException: Communications link failure

The last packet sent successfully to the server was 0 milliseconds ago. The driver has not received any packets from the server.
	at com.mysql.cj.jdbc.exceptions.SQLError.createCommunicationsException(SQLError.java:174) ~[mysql-connector-java-8.0.30.jar:8.0.30]
	at com.mysql.cj.jdbc.exceptions.SQLExceptionsMapping.translateException(SQLExceptionsMapping.java:64) ~[mysql-connector-java-8.0.30.jar:8.0.30]
	at com.mysql.cj.jdbc.ConnectionImpl.createNewIO(ConnectionImpl.java:828) ~[mysql-connector-java-8.0.30.jar:8.0.30]
	at com.mysql.cj.jdbc.ConnectionImpl.<init>(ConnectionImpl.java:448) ~[mysql-connector-java-8.0.30.jar:8.0.30]
	at com.mysql.cj.jdbc.ConnectionImpl.getInstance(ConnectionImpl.java:241) ~[mysql-connector-java-8.0.30.jar:8.0.30]
	at com.mysql.cj.jdbc.NonRegisteringDriver.connect(NonRegisteringDriver.java:198) ~[mysql-connector-java-8.0.30.jar:8.0.30]
	at com.mchange.v2.c3p0.DriverManagerDataSource.getConnection(DriverManagerDataSource.java:134) ~[c3p0-0.9.1.2.jar:0.9.1.2]
	at com.mchange.v2.c3p0.WrapperConnectionPoolDataSource.getPooledConnection(WrapperConnectionPoolDataSource.java:182) ~[c3p0-0.9.1.2.jar:0.9.1.2]
	at com.mchange.v2.c3p0.WrapperConnectionPoolDataSource.getPooledConnection(WrapperConnectionPoolDataSource.java:171) ~[c3p0-0.9.1.2.jar:0.9.1.2]
	at com.mchange.v2.c3p0.impl.C3P0PooledConnectionPool$1PooledConnectionResourcePoolManager.acquireResource(C3P0PooledConnectionPool.java:137) ~[c3p0-0.9.1.2.jar:0.9.1.2]
	at com.mchange.v2.resourcepool.BasicResourcePool.doAcquire(BasicResourcePool.java:1014) ~[c3p0-0.9.1.2.jar:0.9.1.2]
	at com.mchange.v2.resourcepool.BasicResourcePool.access$800(BasicResourcePool.java:32) ~[c3p0-0.9.1.2.jar:0.9.1.2]
	at com.mchange.v2.resourcepool.BasicResourcePool$AcquireTask.run(BasicResourcePool.java:1810) [c3p0-0.9.1.2.jar:0.9.1.2]
	at com.mchange.v2.async.ThreadPoolAsynchronousRunner$PoolThread.run(ThreadPoolAsynchronousRunner.java:547) [c3p0-0.9.1.2.jar:0.9.1.2]
Caused by: com.mysql.cj.exceptions.CJCommunicationsException: Communications link failure

The last packet sent successfully to the server was 0 milliseconds ago. The driver has not received any packets from the server.
	at jdk.internal.reflect.GeneratedConstructorAccessor21.newInstance(Unknown Source) ~[?:?]
	at jdk.internal.reflect.DelegatingConstructorAccessorImpl.newInstance(DelegatingConstructorAccessorImpl.java:45) ~[?:?]
	at java.lang.reflect.Constructor.newInstanceWithCaller(Constructor.java:499) ~[?:?]
	at java.lang.reflect.Constructor.newInstance(Constructor.java:480) ~[?:?]
	at com.mysql.cj.exceptions.ExceptionFactory.createException(ExceptionFactory.java:61) ~[mysql-connector-java-8.0.30.jar:8.0.30]
	at com.mysql.cj.exceptions.ExceptionFactory.createException(ExceptionFactory.java:105) ~[mysql-connector-java-8.0.30.jar:8.0.30]
	at com.mysql.cj.exceptions.ExceptionFactory.createException(ExceptionFactory.java:151) ~[mysql-connector-java-8.0.30.jar:8.0.30]
	at com.mysql.cj.exceptions.ExceptionFactory.createCommunicationsException(ExceptionFactory.java:167) ~[mysql-connector-java-8.0.30.jar:8.0.30]
	at com.mysql.cj.protocol.a.NativeSocketConnection.connect(NativeSocketConnection.java:89) ~[mysql-connector-java-8.0.30.jar:8.0.30]
	at com.mysql.cj.NativeSession.connect(NativeSession.java:120) ~[mysql-connector-java-8.0.30.jar:8.0.30]
	at com.mysql.cj.jdbc.ConnectionImpl.connectOneTryOnly(ConnectionImpl.java:948) ~[mysql-connector-java-8.0.30.jar:8.0.30]
	at com.mysql.cj.jdbc.ConnectionImpl.createNewIO(ConnectionImpl.java:818) ~[mysql-connector-java-8.0.30.jar:8.0.30]
	... 11 more
Caused by: java.net.UnknownHostException: db
	at java.net.InetAddress$CachedAddresses.get(InetAddress.java:801) ~[?:?]
	at java.net.InetAddress.getAllByName0(InetAddress.java:1509) ~[?:?]
	at java.net.InetAddress.getAllByName(InetAddress.java:1367) ~[?:?]
	at java.net.InetAddress.getAllByName(InetAddress.java:1301) ~[?:?]
	at com.mysql.cj.protocol.StandardSocketFactory.connect(StandardSocketFactory.java:130) ~[mysql-connector-java-8.0.30.jar:8.0.30]
	at com.mysql.cj.protocol.a.NativeSocketConnection.connect(NativeSocketConnection.java:63) ~[mysql-connector-java-8.0.30.jar:8.0.30]
	at com.mysql.cj.NativeSession.connect(NativeSession.java:120) ~[mysql-connector-java-8.0.30.jar:8.0.30]
	at com.mysql.cj.jdbc.ConnectionImpl.connectOneTryOnly(ConnectionImpl.java:948) ~[mysql-connector-java-8.0.30.jar:8.0.30]
	at com.mysql.cj.jdbc.ConnectionImpl.createNewIO(ConnectionImpl.java:818) ~[mysql-connector-java-8.0.30.jar:8.0.30]
	... 11 more
2026-08-12 17:18:03 WARN  BasicResourcePool:1841 - com.mchange.v2.resourcepool.BasicResourcePool$AcquireTask@52fe82fd -- Acquisition Attempt Failed!!! Clearing pending acquires. While trying to acquire a needed new resource, we failed to succeed more than the maximum number of allowed acquisition attempts (30). Last acquisition attempt exception: 
com.mysql.cj.jdbc.exceptions.CommunicationsException: Communications link failure

The last packet sent successfully to the server was 0 milliseconds ago. The driver has not received any packets from the server.
	at com.mysql.cj.jdbc.exceptions.SQLError.createCommunicationsException(SQLError.java:174) ~[mysql-connector-java-8.0.30.jar:8.0.30]
	at com.mysql.cj.jdbc.exceptions.SQLExceptionsMapping.translateException(SQLExceptionsMapping.java:64) ~[mysql-connector-java-8.0.30.jar:8.0.30]
	at com.mysql.cj.jdbc.ConnectionImpl.createNewIO(ConnectionImpl.java:828) ~[mysql-connector-java-8.0.30.jar:8.0.30]
	at com.mysql.cj.jdbc.ConnectionImpl.<init>(ConnectionImpl.java:448) ~[mysql-connector-java-8.0.30.jar:8.0.30]
	at com.mysql.cj.jdbc.ConnectionImpl.getInstance(ConnectionImpl.java:241) ~[mysql-connector-java-8.0.30.jar:8.0.30]
	at com.mysql.cj.jdbc.NonRegisteringDriver.connect(NonRegisteringDriver.java:198) ~[mysql-connector-java-8.0.30.jar:8.0.30]
	at com.mchange.v2.c3p0.DriverManagerDataSource.getConnection(DriverManagerDataSource.java:134) ~[c3p0-0.9.1.2.jar:0.9.1.2]
	at com.mchange.v2.c3p0.WrapperConnectionPoolDataSource.getPooledConnection(WrapperConnectionPoolDataSource.java:182) ~[c3p0-0.9.1.2.jar:0.9.1.2]
	at com.mchange.v2.c3p0.WrapperConnectionPoolDataSource.getPooledConnection(WrapperConnectionPoolDataSource.java:171) ~[c3p0-0.9.1.2.jar:0.9.1.2]
	at com.mchange.v2.c3p0.impl.C3P0PooledConnectionPool$1PooledConnectionResourcePoolManager.acquireResource(C3P0PooledConnectionPool.java:137) ~[c3p0-0.9.1.2.jar:0.9.1.2]
	at com.mchange.v2.resourcepool.BasicResourcePool.doAcquire(BasicResourcePool.java:1014) ~[c3p0-0.9.1.2.jar:0.9.1.2]
	at com.mchange.v2.resourcepool.BasicResourcePool.access$800(BasicResourcePool.java:32) ~[c3p0-0.9.1.2.jar:0.9.1.2]
	at com.mchange.v2.resourcepool.BasicResourcePool$AcquireTask.run(BasicResourcePool.java:1810) [c3p0-0.9.1.2.jar:0.9.1.2]
	at com.mchange.v2.async.ThreadPoolAsynchronousRunner$PoolThread.run(ThreadPoolAsynchronousRunner.java:547) [c3p0-0.9.1.2.jar:0.9.1.2]
Caused by: com.mysql.cj.exceptions.CJCommunicationsException: Communications link failure

The last packet sent successfully to the server was 0 milliseconds ago. The driver has not received any packets from the server.
	at jdk.internal.reflect.GeneratedConstructorAccessor21.newInstance(Unknown Source) ~[?:?]
	at jdk.internal.reflect.DelegatingConstructorAccessorImpl.newInstance(DelegatingConstructorAccessorImpl.java:45) ~[?:?]
	at java.lang.reflect.Constructor.newInstanceWithCaller(Constructor.java:499) ~[?:?]
	at java.lang.reflect.Constructor.newInstance(Constructor.java:480) ~[?:?]
	at com.mysql.cj.exceptions.ExceptionFactory.createException(ExceptionFactory.java:61) ~[mysql-connector-java-8.0.30.jar:8.0.30]
	at com.mysql.cj.exceptions.ExceptionFactory.createException(ExceptionFactory.java:105) ~[mysql-connector-java-8.0.30.jar:8.0.30]
	at com.mysql.cj.exceptions.ExceptionFactory.createException(ExceptionFactory.java:151) ~[mysql-connector-java-8.0.30.jar:8.0.30]
	at com.mysql.cj.exceptions.ExceptionFactory.createCommunicationsException(ExceptionFactory.java:167) ~[mysql-connector-java-8.0.30.jar:8.0.30]
	at com.mysql.cj.protocol.a.NativeSocketConnection.connect(NativeSocketConnection.java:89) ~[mysql-connector-java-8.0.30.jar:8.0.30]
	at com.mysql.cj.NativeSession.connect(NativeSession.java:120) ~[mysql-connector-java-8.0.30.jar:8.0.30]
	at com.mysql.cj.jdbc.ConnectionImpl.connectOneTryOnly(ConnectionImpl.java:948) ~[mysql-connector-java-8.0.30.jar:8.0.30]
	at com.mysql.cj.jdbc.ConnectionImpl.createNewIO(ConnectionImpl.java:818) ~[mysql-connector-java-8.0.30.jar:8.0.30]
	... 11 more
Caused by: java.net.UnknownHostException: db
	at java.net.InetAddress$CachedAddresses.get(InetAddress.java:801) ~[?:?]
	at java.net.InetAddress.getAllByName0(InetAddress.java:1509) ~[?:?]
	at java.net.InetAddress.getAllByName(InetAddress.java:1367) ~[?:?]
	at java.net.InetAddress.getAllByName(InetAddress.java:1301) ~[?:?]
	at com.mysql.cj.protocol.StandardSocketFactory.connect(StandardSocketFactory.java:130) ~[mysql-connector-java-8.0.30.jar:8.0.30]
	at com.mysql.cj.protocol.a.NativeSocketConnection.connect(NativeSocketConnection.java:63) ~[mysql-connector-java-8.0.30.jar:8.0.30]
	at com.mysql.cj.NativeSession.connect(NativeSession.java:120) ~[mysql-connector-java-8.0.30.jar:8.0.30]
	at com.mysql.cj.jdbc.ConnectionImpl.connectOneTryOnly(ConnectionImpl.java:948) ~[mysql-connector-java-8.0.30.jar:8.0.30]
	at com.mysql.cj.jdbc.ConnectionImpl.createNewIO(ConnectionImpl.java:818) ~[mysql-connector-java-8.0.30.jar:8.0.30]
	... 11 more
2026-08-12 17:18:03 WARN  BasicResourcePool:1841 - com.mchange.v2.resourcepool.BasicResourcePool$AcquireTask@460a39d0 -- Acquisition Attempt Failed!!! Clearing pending acquires. While trying to acquire a needed new resource, we failed to succeed more than the maximum number of allowed acquisition attempts (30). Last acquisition attempt exception: 
com.mysql.cj.jdbc.exceptions.CommunicationsException: Communications link failure

The last packet sent successfully to the server was 0 milliseconds ago. The driver has not received any packets from the server.
	at com.mysql.cj.jdbc.exceptions.SQLError.createCommunicationsException(SQLError.java:174) ~[mysql-connector-java-8.0.30.jar:8.0.30]
	at com.mysql.cj.jdbc.exceptions.SQLExceptionsMapping.translateException(SQLExceptionsMapping.java:64) ~[mysql-connector-java-8.0.30.jar:8.0.30]
	at com.mysql.cj.jdbc.ConnectionImpl.createNewIO(ConnectionImpl.java:828) ~[mysql-connector-java-8.0.30.jar:8.0.30]
	at com.mysql.cj.jdbc.ConnectionImpl.<init>(ConnectionImpl.java:448) ~[mysql-connector-java-8.0.30.jar:8.0.30]
	at com.mysql.cj.jdbc.ConnectionImpl.getInstance(ConnectionImpl.java:241) ~[mysql-connector-java-8.0.30.jar:8.0.30]
	at com.mysql.cj.jdbc.NonRegisteringDriver.connect(NonRegisteringDriver.java:198) ~[mysql-connector-java-8.0.30.jar:8.0.30]
	at com.mchange.v2.c3p0.DriverManagerDataSource.getConnection(DriverManagerDataSource.java:134) ~[c3p0-0.9.1.2.jar:0.9.1.2]
	at com.mchange.v2.c3p0.WrapperConnectionPoolDataSource.getPooledConnection(WrapperConnectionPoolDataSource.java:182) ~[c3p0-0.9.1.2.jar:0.9.1.2]
	at com.mchange.v2.c3p0.WrapperConnectionPoolDataSource.getPooledConnection(WrapperConnectionPoolDataSource.java:171) ~[c3p0-0.9.1.2.jar:0.9.1.2]
	at com.mchange.v2.c3p0.impl.C3P0PooledConnectionPool$1PooledConnectionResourcePoolManager.acquireResource(C3P0PooledConnectionPool.java:137) ~[c3p0-0.9.1.2.jar:0.9.1.2]
	at com.mchange.v2.resourcepool.BasicResourcePool.doAcquire(BasicResourcePool.java:1014) ~[c3p0-0.9.1.2.jar:0.9.1.2]
	at com.mchange.v2.resourcepool.BasicResourcePool.access$800(BasicResourcePool.java:32) ~[c3p0-0.9.1.2.jar:0.9.1.2]
	at com.mchange.v2.resourcepool.BasicResourcePool$AcquireTask.run(BasicResourcePool.java:1810) [c3p0-0.9.1.2.jar:0.9.1.2]
	at com.mchange.v2.async.ThreadPoolAsynchronousRunner$PoolThread.run(ThreadPoolAsynchronousRunner.java:547) [c3p0-0.9.1.2.jar:0.9.1.2]
Caused by: com.mysql.cj.exceptions.CJCommunicationsException: Communications link failure

The last packet sent successfully to the server was 0 milliseconds ago. The driver has not received any packets from the server.
	at jdk.internal.reflect.GeneratedConstructorAccessor21.newInstance(Unknown Source) ~[?:?]
	at jdk.internal.reflect.DelegatingConstructorAccessorImpl.newInstance(DelegatingConstructorAccessorImpl.java:45) ~[?:?]
	at java.lang.reflect.Constructor.newInstanceWithCaller(Constructor.java:499) ~[?:?]
	at java.lang.reflect.Constructor.newInstance(Constructor.java:480) ~[?:?]
	at com.mysql.cj.exceptions.ExceptionFactory.createException(ExceptionFactory.java:61) ~[mysql-connector-java-8.0.30.jar:8.0.30]
	at com.mysql.cj.exceptions.ExceptionFactory.createException(ExceptionFactory.java:105) ~[mysql-connector-java-8.0.30.jar:8.0.30]
	at com.mysql.cj.exceptions.ExceptionFactory.createException(ExceptionFactory.java:151) ~[mysql-connector-java-8.0.30.jar:8.0.30]
	at com.mysql.cj.exceptions.ExceptionFactory.createCommunicationsException(ExceptionFactory.java:167) ~[mysql-connector-java-8.0.30.jar:8.0.30]
	at com.mysql.cj.protocol.a.NativeSocketConnection.connect(NativeSocketConnection.java:89) ~[mysql-connector-java-8.0.30.jar:8.0.30]
	at com.mysql.cj.NativeSession.connect(NativeSession.java:120) ~[mysql-connector-java-8.0.30.jar:8.0.30]
	at com.mysql.cj.jdbc.ConnectionImpl.connectOneTryOnly(ConnectionImpl.java:948) ~[mysql-connector-java-8.0.30.jar:8.0.30]
	at com.mysql.cj.jdbc.ConnectionImpl.createNewIO(ConnectionImpl.java:818) ~[mysql-connector-java-8.0.30.jar:8.0.30]
	... 11 more
Caused by: java.net.UnknownHostException: db
	at java.net.InetAddress$CachedAddresses.get(InetAddress.java:801) ~[?:?]
	at java.net.InetAddress.getAllByName0(InetAddress.java:1509) ~[?:?]
	at java.net.InetAddress.getAllByName(InetAddress.java:1367) ~[?:?]
	at java.net.InetAddress.getAllByName(InetAddress.java:1301) ~[?:?]
	at com.mysql.cj.protocol.StandardSocketFactory.connect(StandardSocketFactory.java:130) ~[mysql-connector-java-8.0.30.jar:8.0.30]
	at com.mysql.cj.protocol.a.NativeSocketConnection.connect(NativeSocketConnection.java:63) ~[mysql-connector-java-8.0.30.jar:8.0.30]
	at com.mysql.cj.NativeSession.connect(NativeSession.java:120) ~[mysql-connector-java-8.0.30.jar:8.0.30]
	at com.mysql.cj.jdbc.ConnectionImpl.connectOneTryOnly(ConnectionImpl.java:948) ~[mysql-connector-java-8.0.30.jar:8.0.30]
	at com.mysql.cj.jdbc.ConnectionImpl.createNewIO(ConnectionImpl.java:818) ~[mysql-connector-java-8.0.30.jar:8.0.30]
	... 11 more
2026-08-12 17:18:03 DEBUG BasicResourcePool:422 - decremented pending_acquires: 1
2026-08-12 17:18:03 DEBUG BasicResourcePool:422 - decremented pending_acquires: 0
2026-08-12 17:18:05 DEBUG BasicResourcePool:1935 - Checking for expired resources - Wed Aug 12 17:18:05 IST 2026 [com.mchange.v2.resourcepool.BasicResourcePool@208f1c20]
2026-08-12 17:18:05 DEBUG BasicResourcePool:1447 - BEGIN check for expired resources.  [com.mchange.v2.resourcepool.BasicResourcePool@208f1c20]
2026-08-12 17:18:05 DEBUG BasicResourcePool:1468 - FINISHED check for expired resources.  [com.mchange.v2.resourcepool.BasicResourcePool@208f1c20]
2026-08-12 17:18:05 DEBUG BasicResourcePool:404 - incremented pending_acquires: 1
2026-08-12 17:18:05 DEBUG BasicResourcePool:404 - incremented pending_acquires: 2
2026-08-12 17:18:08 DEBUG BasicResourcePool:1935 - Checking for expired resources - Wed Aug 12 17:18:08 IST 2026 [com.mchange.v2.resourcepool.BasicResourcePool@208f1c20]
2026-08-12 17:18:08 DEBUG BasicResourcePool:1447 - BEGIN check for expired resources.  [com.mchange.v2.resourcepool.BasicResourcePool@208f1c20]
2026-08-12 17:18:08 DEBUG BasicResourcePool:1468 - FINISHED check for expired resources.  [com.mchange.v2.resourcepool.BasicResourcePool@208f1c20]
2026-08-12 17:22:15 DEBUG LoginCtl:85 - LoginCtl Method populatebean Ended
2026-08-12 17:22:18 DEBUG LoginCtl:85 - LoginCtl Method populatebean Ended
2026-08-12 17:22:18 DEBUG LoginCtl:45 - LoginCtl Method validate Started
2026-08-12 17:22:18 DEBUG LoginCtl:71 - LoginCtl Method validate Ended
2026-08-12 17:22:18 DEBUG LoginCtl:114 -  Method doGet Started
2026-08-12 17:22:18 DEBUG BaseModel:108 - Model findBy EmailId Started
2026-08-12 17:22:18 INFO  MLog:80 - MLog clients using log4j logging.
2026-08-12 17:22:18 INFO  C3P0Registry:204 - Initializing c3p0-0.9.1.2 [built 21-May-2007 15:04:56; debug? true; trace: 10]
2026-08-12 17:22:18 DEBUG DynamicPooledDataSourceManagerMBean:236 - MBean: com.mchange.v2.c3p0:type=PooledDataSource[1hge16bbj1w7e0671v1n5h9|16f044c6] registered.
2026-08-12 17:22:19 DEBUG BasicResourcePool:404 - incremented pending_acquires: 1
2026-08-12 17:22:19 DEBUG BasicResourcePool:289 - com.mchange.v2.resourcepool.BasicResourcePool@553294b6 config: [start -> 1; min -> 1; max -> 5; inc -> 1; num_acq_attempts -> 30; acq_attempt_delay -> 1000; check_idle_resources_delay -> 0; mox_resource_age -> 0; max_idle_time -> 10000; excess_max_idle_time -> 0; destroy_unreturned_resc_time -> 0; expiration_enforcement_delay -> 2500; break_on_acquisition_failure -> false; debug_store_checkout_exceptions -> false]
2026-08-12 17:22:19 INFO  AbstractPoolBackedDataSource:462 - Initializing c3p0 pool... com.mchange.v2.c3p0.ComboPooledDataSource [ acquireIncrement -> 1, acquireRetryAttempts -> 30, acquireRetryDelay -> 1000, autoCommitOnClose -> false, automaticTestTable -> null, breakAfterAcquireFailure -> false, checkoutTimeout -> 0, connectionCustomizerClassName -> null, connectionTesterClassName -> com.mchange.v2.c3p0.impl.DefaultConnectionTester, dataSourceName -> 1hge16bbj1w7e0671v1n5h9|16f044c6, debugUnreturnedConnectionStackTraces -> false, description -> null, driverClass -> com.mysql.cj.jdbc.Driver, factoryClassLocation -> null, forceIgnoreUnresolvedTransactions -> false, identityToken -> 1hge16bbj1w7e0671v1n5h9|16f044c6, idleConnectionTestPeriod -> 0, initialPoolSize -> 1, jdbcUrl -> jdbc:mysql://db:3306/p04, maxAdministrativeTaskTime -> 0, maxConnectionAge -> 0, maxIdleTime -> 10, maxIdleTimeExcessConnections -> 0, maxPoolSize -> 5, maxStatements -> 0, maxStatementsPerConnection -> 0, minPoolSize -> 1, numHelperThreads -> 3, numThreadsAwaitingCheckoutDefaultUser -> 0, preferredTestQuery -> null, properties -> {password=******, user=******}, propertyCycle -> 0, testConnectionOnCheckin -> false, testConnectionOnCheckout -> false, unreturnedConnectionTimeout -> 0, usesTraditionalReflectiveProxies -> false ]
2026-08-12 17:22:19 DEBUG BasicResourcePool:538 - acquire test -- pool size: 0; target_pool_size: 1; desired target? 1
2026-08-12 17:22:19 DEBUG BasicResourcePool:404 - incremented pending_acquires: 2
2026-08-12 17:22:19 DEBUG BasicResourcePool:1291 - awaitAvailable(): [unknown]
2026-08-12 17:22:19 DEBUG BasicResourcePool:1644 - trace com.mchange.v2.resourcepool.BasicResourcePool@553294b6 [managed: 0, unused: 0, excluded: 0]
2026-08-12 17:22:26 DEBUG BasicResourcePool:1831 - An exception occurred while acquiring a poolable resource. Will retry.
com.mysql.cj.jdbc.exceptions.CommunicationsException: Communications link failure

The last packet sent successfully to the server was 0 milliseconds ago. The driver has not received any packets from the server.
	at com.mysql.cj.jdbc.exceptions.SQLError.createCommunicationsException(SQLError.java:174) ~[mysql-connector-java-8.0.30.jar:8.0.30]
	at com.mysql.cj.jdbc.exceptions.SQLExceptionsMapping.translateException(SQLExceptionsMapping.java:64) ~[mysql-connector-java-8.0.30.jar:8.0.30]
	at com.mysql.cj.jdbc.ConnectionImpl.createNewIO(ConnectionImpl.java:828) ~[mysql-connector-java-8.0.30.jar:8.0.30]
	at com.mysql.cj.jdbc.ConnectionImpl.<init>(ConnectionImpl.java:448) ~[mysql-connector-java-8.0.30.jar:8.0.30]
	at com.mysql.cj.jdbc.ConnectionImpl.getInstance(ConnectionImpl.java:241) ~[mysql-connector-java-8.0.30.jar:8.0.30]
	at com.mysql.cj.jdbc.NonRegisteringDriver.connect(NonRegisteringDriver.java:198) ~[mysql-connector-java-8.0.30.jar:8.0.30]
	at com.mchange.v2.c3p0.DriverManagerDataSource.getConnection(DriverManagerDataSource.java:134) ~[c3p0-0.9.1.2.jar:0.9.1.2]
	at com.mchange.v2.c3p0.WrapperConnectionPoolDataSource.getPooledConnection(WrapperConnectionPoolDataSource.java:182) ~[c3p0-0.9.1.2.jar:0.9.1.2]
	at com.mchange.v2.c3p0.WrapperConnectionPoolDataSource.getPooledConnection(WrapperConnectionPoolDataSource.java:171) ~[c3p0-0.9.1.2.jar:0.9.1.2]
	at com.mchange.v2.c3p0.impl.C3P0PooledConnectionPool$1PooledConnectionResourcePoolManager.acquireResource(C3P0PooledConnectionPool.java:137) ~[c3p0-0.9.1.2.jar:0.9.1.2]
	at com.mchange.v2.resourcepool.BasicResourcePool.doAcquire(BasicResourcePool.java:1014) ~[c3p0-0.9.1.2.jar:0.9.1.2]
	at com.mchange.v2.resourcepool.BasicResourcePool.access$800(BasicResourcePool.java:32) ~[c3p0-0.9.1.2.jar:0.9.1.2]
	at com.mchange.v2.resourcepool.BasicResourcePool$AcquireTask.run(BasicResourcePool.java:1810) [c3p0-0.9.1.2.jar:0.9.1.2]
	at com.mchange.v2.async.ThreadPoolAsynchronousRunner$PoolThread.run(ThreadPoolAsynchronousRunner.java:547) [c3p0-0.9.1.2.jar:0.9.1.2]
Caused by: com.mysql.cj.exceptions.CJCommunicationsException: Communications link failure

The last packet sent successfully to the server was 0 milliseconds ago. The driver has not received any packets from the server.
	at jdk.internal.reflect.NativeConstructorAccessorImpl.newInstance0(Native Method) ~[?:?]
	at jdk.internal.reflect.NativeConstructorAccessorImpl.newInstance(NativeConstructorAccessorImpl.java:77) ~[?:?]
	at jdk.internal.reflect.DelegatingConstructorAccessorImpl.newInstance(DelegatingConstructorAccessorImpl.java:45) ~[?:?]
	at java.lang.reflect.Constructor.newInstanceWithCaller(Constructor.java:499) ~[?:?]
	at java.lang.reflect.Constructor.newInstance(Constructor.java:480) ~[?:?]
	at com.mysql.cj.exceptions.ExceptionFactory.createException(ExceptionFactory.java:61) ~[mysql-connector-java-8.0.30.jar:8.0.30]
	at com.mysql.cj.exceptions.ExceptionFactory.createException(ExceptionFactory.java:105) ~[mysql-connector-java-8.0.30.jar:8.0.30]
	at com.mysql.cj.exceptions.ExceptionFactory.createException(ExceptionFactory.java:151) ~[mysql-connector-java-8.0.30.jar:8.0.30]
	at com.mysql.cj.exceptions.ExceptionFactory.createCommunicationsException(ExceptionFactory.java:167) ~[mysql-connector-java-8.0.30.jar:8.0.30]
	at com.mysql.cj.protocol.a.NativeSocketConnection.connect(NativeSocketConnection.java:89) ~[mysql-connector-java-8.0.30.jar:8.0.30]
	at com.mysql.cj.NativeSession.connect(NativeSession.java:120) ~[mysql-connector-java-8.0.30.jar:8.0.30]
	at com.mysql.cj.jdbc.ConnectionImpl.connectOneTryOnly(ConnectionImpl.java:948) ~[mysql-connector-java-8.0.30.jar:8.0.30]
	at com.mysql.cj.jdbc.ConnectionImpl.createNewIO(ConnectionImpl.java:818) ~[mysql-connector-java-8.0.30.jar:8.0.30]
	... 11 more
Caused by: java.net.UnknownHostException: No such host is known (db)
	at java.net.Inet6AddressImpl.lookupAllHostAddr(Native Method) ~[?:?]
	at java.net.InetAddress$PlatformNameService.lookupAllHostAddr(InetAddress.java:933) ~[?:?]
	at java.net.InetAddress.getAddressesFromNameService(InetAddress.java:1519) ~[?:?]
	at java.net.InetAddress$NameServiceAddresses.get(InetAddress.java:852) ~[?:?]
	at java.net.InetAddress.getAllByName0(InetAddress.java:1509) ~[?:?]
	at java.net.InetAddress.getAllByName(InetAddress.java:1367) ~[?:?]
	at java.net.InetAddress.getAllByName(InetAddress.java:1301) ~[?:?]
	at com.mysql.cj.protocol.StandardSocketFactory.connect(StandardSocketFactory.java:130) ~[mysql-connector-java-8.0.30.jar:8.0.30]
	at com.mysql.cj.protocol.a.NativeSocketConnection.connect(NativeSocketConnection.java:63) ~[mysql-connector-java-8.0.30.jar:8.0.30]
	at com.mysql.cj.NativeSession.connect(NativeSession.java:120) ~[mysql-connector-java-8.0.30.jar:8.0.30]
	at com.mysql.cj.jdbc.ConnectionImpl.connectOneTryOnly(ConnectionImpl.java:948) ~[mysql-connector-java-8.0.30.jar:8.0.30]
	at com.mysql.cj.jdbc.ConnectionImpl.createNewIO(ConnectionImpl.java:818) ~[mysql-connector-java-8.0.30.jar:8.0.30]
	... 11 more
2026-08-12 17:22:26 DEBUG BasicResourcePool:1831 - An exception occurred while acquiring a poolable resource. Will retry.
com.mysql.cj.jdbc.exceptions.CommunicationsException: Communications link failure

The last packet sent successfully to the server was 0 milliseconds ago. The driver has not received any packets from the server.
	at com.mysql.cj.jdbc.exceptions.SQLError.createCommunicationsException(SQLError.java:174) ~[mysql-connector-java-8.0.30.jar:8.0.30]
	at com.mysql.cj.jdbc.exceptions.SQLExceptionsMapping.translateException(SQLExceptionsMapping.java:64) ~[mysql-connector-java-8.0.30.jar:8.0.30]
	at com.mysql.cj.jdbc.ConnectionImpl.createNewIO(ConnectionImpl.java:828) ~[mysql-connector-java-8.0.30.jar:8.0.30]
	at com.mysql.cj.jdbc.ConnectionImpl.<init>(ConnectionImpl.java:448) ~[mysql-connector-java-8.0.30.jar:8.0.30]
	at com.mysql.cj.jdbc.ConnectionImpl.getInstance(ConnectionImpl.java:241) ~[mysql-connector-java-8.0.30.jar:8.0.30]
	at com.mysql.cj.jdbc.NonRegisteringDriver.connect(NonRegisteringDriver.java:198) ~[mysql-connector-java-8.0.30.jar:8.0.30]
	at com.mchange.v2.c3p0.DriverManagerDataSource.getConnection(DriverManagerDataSource.java:134) ~[c3p0-0.9.1.2.jar:0.9.1.2]
	at com.mchange.v2.c3p0.WrapperConnectionPoolDataSource.getPooledConnection(WrapperConnectionPoolDataSource.java:182) ~[c3p0-0.9.1.2.jar:0.9.1.2]
	at com.mchange.v2.c3p0.WrapperConnectionPoolDataSource.getPooledConnection(WrapperConnectionPoolDataSource.java:171) ~[c3p0-0.9.1.2.jar:0.9.1.2]
	at com.mchange.v2.c3p0.impl.C3P0PooledConnectionPool$1PooledConnectionResourcePoolManager.acquireResource(C3P0PooledConnectionPool.java:137) ~[c3p0-0.9.1.2.jar:0.9.1.2]
	at com.mchange.v2.resourcepool.BasicResourcePool.doAcquire(BasicResourcePool.java:1014) ~[c3p0-0.9.1.2.jar:0.9.1.2]
	at com.mchange.v2.resourcepool.BasicResourcePool.access$800(BasicResourcePool.java:32) ~[c3p0-0.9.1.2.jar:0.9.1.2]
	at com.mchange.v2.resourcepool.BasicResourcePool$AcquireTask.run(BasicResourcePool.java:1810) [c3p0-0.9.1.2.jar:0.9.1.2]
	at com.mchange.v2.async.ThreadPoolAsynchronousRunner$PoolThread.run(ThreadPoolAsynchronousRunner.java:547) [c3p0-0.9.1.2.jar:0.9.1.2]
Caused by: com.mysql.cj.exceptions.CJCommunicationsException: Communications link failure

The last packet sent successfully to the server was 0 milliseconds ago. The driver has not received any packets from the server.
	at jdk.internal.reflect.NativeConstructorAccessorImpl.newInstance0(Native Method) ~[?:?]
	at jdk.internal.reflect.NativeConstructorAccessorImpl.newInstance(NativeConstructorAccessorImpl.java:77) ~[?:?]
	at jdk.internal.reflect.DelegatingConstructorAccessorImpl.newInstance(DelegatingConstructorAccessorImpl.java:45) ~[?:?]
	at java.lang.reflect.Constructor.newInstanceWithCaller(Constructor.java:499) ~[?:?]
	at java.lang.reflect.Constructor.newInstance(Constructor.java:480) ~[?:?]
	at com.mysql.cj.exceptions.ExceptionFactory.createException(ExceptionFactory.java:61) ~[mysql-connector-java-8.0.30.jar:8.0.30]
	at com.mysql.cj.exceptions.ExceptionFactory.createException(ExceptionFactory.java:105) ~[mysql-connector-java-8.0.30.jar:8.0.30]
	at com.mysql.cj.exceptions.ExceptionFactory.createException(ExceptionFactory.java:151) ~[mysql-connector-java-8.0.30.jar:8.0.30]
	at com.mysql.cj.exceptions.ExceptionFactory.createCommunicationsException(ExceptionFactory.java:167) ~[mysql-connector-java-8.0.30.jar:8.0.30]
	at com.mysql.cj.protocol.a.NativeSocketConnection.connect(NativeSocketConnection.java:89) ~[mysql-connector-java-8.0.30.jar:8.0.30]
	at com.mysql.cj.NativeSession.connect(NativeSession.java:120) ~[mysql-connector-java-8.0.30.jar:8.0.30]
	at com.mysql.cj.jdbc.ConnectionImpl.connectOneTryOnly(ConnectionImpl.java:948) ~[mysql-connector-java-8.0.30.jar:8.0.30]
	at com.mysql.cj.jdbc.ConnectionImpl.createNewIO(ConnectionImpl.java:818) ~[mysql-connector-java-8.0.30.jar:8.0.30]
	... 11 more
Caused by: java.net.UnknownHostException: db
	at java.net.InetAddress$CachedAddresses.get(InetAddress.java:801) ~[?:?]
	at java.net.InetAddress$NameServiceAddresses.get(InetAddress.java:887) ~[?:?]
	at java.net.InetAddress.getAllByName0(InetAddress.java:1509) ~[?:?]
	at java.net.InetAddress.getAllByName(InetAddress.java:1367) ~[?:?]
	at java.net.InetAddress.getAllByName(InetAddress.java:1301) ~[?:?]
	at com.mysql.cj.protocol.StandardSocketFactory.connect(StandardSocketFactory.java:130) ~[mysql-connector-java-8.0.30.jar:8.0.30]
	at com.mysql.cj.protocol.a.NativeSocketConnection.connect(NativeSocketConnection.java:63) ~[mysql-connector-java-8.0.30.jar:8.0.30]
	at com.mysql.cj.NativeSession.connect(NativeSession.java:120) ~[mysql-connector-java-8.0.30.jar:8.0.30]
	at com.mysql.cj.jdbc.ConnectionImpl.connectOneTryOnly(ConnectionImpl.java:948) ~[mysql-connector-java-8.0.30.jar:8.0.30]
	at com.mysql.cj.jdbc.ConnectionImpl.createNewIO(ConnectionImpl.java:818) ~[mysql-connector-java-8.0.30.jar:8.0.30]
	... 11 more
2026-08-12 17:22:27 DEBUG BasicResourcePool:1831 - An exception occurred while acquiring a poolable resource. Will retry.
com.mysql.cj.jdbc.exceptions.CommunicationsException: Communications link failure

The last packet sent successfully to the server was 0 milliseconds ago. The driver has not received any packets from the server.
	at com.mysql.cj.jdbc.exceptions.SQLError.createCommunicationsException(SQLError.java:174) ~[mysql-connector-java-8.0.30.jar:8.0.30]
	at com.mysql.cj.jdbc.exceptions.SQLExceptionsMapping.translateException(SQLExceptionsMapping.java:64) ~[mysql-connector-java-8.0.30.jar:8.0.30]
	at com.mysql.cj.jdbc.ConnectionImpl.createNewIO(ConnectionImpl.java:828) ~[mysql-connector-java-8.0.30.jar:8.0.30]
	at com.mysql.cj.jdbc.ConnectionImpl.<init>(ConnectionImpl.java:448) ~[mysql-connector-java-8.0.30.jar:8.0.30]
	at com.mysql.cj.jdbc.ConnectionImpl.getInstance(ConnectionImpl.java:241) ~[mysql-connector-java-8.0.30.jar:8.0.30]
	at com.mysql.cj.jdbc.NonRegisteringDriver.connect(NonRegisteringDriver.java:198) ~[mysql-connector-java-8.0.30.jar:8.0.30]
	at com.mchange.v2.c3p0.DriverManagerDataSource.getConnection(DriverManagerDataSource.java:134) ~[c3p0-0.9.1.2.jar:0.9.1.2]
	at com.mchange.v2.c3p0.WrapperConnectionPoolDataSource.getPooledConnection(WrapperConnectionPoolDataSource.java:182) ~[c3p0-0.9.1.2.jar:0.9.1.2]
	at com.mchange.v2.c3p0.WrapperConnectionPoolDataSource.getPooledConnection(WrapperConnectionPoolDataSource.java:171) ~[c3p0-0.9.1.2.jar:0.9.1.2]
	at com.mchange.v2.c3p0.impl.C3P0PooledConnectionPool$1PooledConnectionResourcePoolManager.acquireResource(C3P0PooledConnectionPool.java:137) ~[c3p0-0.9.1.2.jar:0.9.1.2]
	at com.mchange.v2.resourcepool.BasicResourcePool.doAcquire(BasicResourcePool.java:1014) ~[c3p0-0.9.1.2.jar:0.9.1.2]
	at com.mchange.v2.resourcepool.BasicResourcePool.access$800(BasicResourcePool.java:32) ~[c3p0-0.9.1.2.jar:0.9.1.2]
	at com.mchange.v2.resourcepool.BasicResourcePool$AcquireTask.run(BasicResourcePool.java:1810) [c3p0-0.9.1.2.jar:0.9.1.2]
	at com.mchange.v2.async.ThreadPoolAsynchronousRunner$PoolThread.run(ThreadPoolAsynchronousRunner.java:547) [c3p0-0.9.1.2.jar:0.9.1.2]
Caused by: com.mysql.cj.exceptions.CJCommunicationsException: Communications link failure

The last packet sent successfully to the server was 0 milliseconds ago. The driver has not received any packets from the server.
	at jdk.internal.reflect.NativeConstructorAccessorImpl.newInstance0(Native Method) ~[?:?]
	at jdk.internal.reflect.NativeConstructorAccessorImpl.newInstance(NativeConstructorAccessorImpl.java:77) ~[?:?]
	at jdk.internal.reflect.DelegatingConstructorAccessorImpl.newInstance(DelegatingConstructorAccessorImpl.java:45) ~[?:?]
	at java.lang.reflect.Constructor.newInstanceWithCaller(Constructor.java:499) ~[?:?]
	at java.lang.reflect.Constructor.newInstance(Constructor.java:480) ~[?:?]
	at com.mysql.cj.exceptions.ExceptionFactory.createException(ExceptionFactory.java:61) ~[mysql-connector-java-8.0.30.jar:8.0.30]
	at com.mysql.cj.exceptions.ExceptionFactory.createException(ExceptionFactory.java:105) ~[mysql-connector-java-8.0.30.jar:8.0.30]
	at com.mysql.cj.exceptions.ExceptionFactory.createException(ExceptionFactory.java:151) ~[mysql-connector-java-8.0.30.jar:8.0.30]
	at com.mysql.cj.exceptions.ExceptionFactory.createCommunicationsException(ExceptionFactory.java:167) ~[mysql-connector-java-8.0.30.jar:8.0.30]
	at com.mysql.cj.protocol.a.NativeSocketConnection.connect(NativeSocketConnection.java:89) ~[mysql-connector-java-8.0.30.jar:8.0.30]
	at com.mysql.cj.NativeSession.connect(NativeSession.java:120) ~[mysql-connector-java-8.0.30.jar:8.0.30]
	at com.mysql.cj.jdbc.ConnectionImpl.connectOneTryOnly(ConnectionImpl.java:948) ~[mysql-connector-java-8.0.30.jar:8.0.30]
	at com.mysql.cj.jdbc.ConnectionImpl.createNewIO(ConnectionImpl.java:818) ~[mysql-connector-java-8.0.30.jar:8.0.30]
	... 11 more
Caused by: java.net.UnknownHostException: db
	at java.net.InetAddress$CachedAddresses.get(InetAddress.java:801) ~[?:?]
	at java.net.InetAddress.getAllByName0(InetAddress.java:1509) ~[?:?]
	at java.net.InetAddress.getAllByName(InetAddress.java:1367) ~[?:?]
	at java.net.InetAddress.getAllByName(InetAddress.java:1301) ~[?:?]
	at com.mysql.cj.protocol.StandardSocketFactory.connect(StandardSocketFactory.java:130) ~[mysql-connector-java-8.0.30.jar:8.0.30]
	at com.mysql.cj.protocol.a.NativeSocketConnection.connect(NativeSocketConnection.java:63) ~[mysql-connector-java-8.0.30.jar:8.0.30]
	at com.mysql.cj.NativeSession.connect(NativeSession.java:120) ~[mysql-connector-java-8.0.30.jar:8.0.30]
	at com.mysql.cj.jdbc.ConnectionImpl.connectOneTryOnly(ConnectionImpl.java:948) ~[mysql-connector-java-8.0.30.jar:8.0.30]
	at com.mysql.cj.jdbc.ConnectionImpl.createNewIO(ConnectionImpl.java:818) ~[mysql-connector-java-8.0.30.jar:8.0.30]
	... 11 more
2026-08-12 17:22:27 DEBUG BasicResourcePool:1831 - An exception occurred while acquiring a poolable resource. Will retry.
com.mysql.cj.jdbc.exceptions.CommunicationsException: Communications link failure

The last packet sent successfully to the server was 0 milliseconds ago. The driver has not received any packets from the server.
	at com.mysql.cj.jdbc.exceptions.SQLError.createCommunicationsException(SQLError.java:174) ~[mysql-connector-java-8.0.30.jar:8.0.30]
	at com.mysql.cj.jdbc.exceptions.SQLExceptionsMapping.translateException(SQLExceptionsMapping.java:64) ~[mysql-connector-java-8.0.30.jar:8.0.30]
	at com.mysql.cj.jdbc.ConnectionImpl.createNewIO(ConnectionImpl.java:828) ~[mysql-connector-java-8.0.30.jar:8.0.30]
	at com.mysql.cj.jdbc.ConnectionImpl.<init>(ConnectionImpl.java:448) ~[mysql-connector-java-8.0.30.jar:8.0.30]
	at com.mysql.cj.jdbc.ConnectionImpl.getInstance(ConnectionImpl.java:241) ~[mysql-connector-java-8.0.30.jar:8.0.30]
	at com.mysql.cj.jdbc.NonRegisteringDriver.connect(NonRegisteringDriver.java:198) ~[mysql-connector-java-8.0.30.jar:8.0.30]
	at com.mchange.v2.c3p0.DriverManagerDataSource.getConnection(DriverManagerDataSource.java:134) ~[c3p0-0.9.1.2.jar:0.9.1.2]
	at com.mchange.v2.c3p0.WrapperConnectionPoolDataSource.getPooledConnection(WrapperConnectionPoolDataSource.java:182) ~[c3p0-0.9.1.2.jar:0.9.1.2]
	at com.mchange.v2.c3p0.WrapperConnectionPoolDataSource.getPooledConnection(WrapperConnectionPoolDataSource.java:171) ~[c3p0-0.9.1.2.jar:0.9.1.2]
	at com.mchange.v2.c3p0.impl.C3P0PooledConnectionPool$1PooledConnectionResourcePoolManager.acquireResource(C3P0PooledConnectionPool.java:137) ~[c3p0-0.9.1.2.jar:0.9.1.2]
	at com.mchange.v2.resourcepool.BasicResourcePool.doAcquire(BasicResourcePool.java:1014) ~[c3p0-0.9.1.2.jar:0.9.1.2]
	at com.mchange.v2.resourcepool.BasicResourcePool.access$800(BasicResourcePool.java:32) ~[c3p0-0.9.1.2.jar:0.9.1.2]
	at com.mchange.v2.resourcepool.BasicResourcePool$AcquireTask.run(BasicResourcePool.java:1810) [c3p0-0.9.1.2.jar:0.9.1.2]
	at com.mchange.v2.async.ThreadPoolAsynchronousRunner$PoolThread.run(ThreadPoolAsynchronousRunner.java:547) [c3p0-0.9.1.2.jar:0.9.1.2]
Caused by: com.mysql.cj.exceptions.CJCommunicationsException: Communications link failure

The last packet sent successfully to the server was 0 milliseconds ago. The driver has not received any packets from the server.
	at jdk.internal.reflect.NativeConstructorAccessorImpl.newInstance0(Native Method) ~[?:?]
	at jdk.internal.reflect.NativeConstructorAccessorImpl.newInstance(NativeConstructorAccessorImpl.java:77) ~[?:?]
	at jdk.internal.reflect.DelegatingConstructorAccessorImpl.newInstance(DelegatingConstructorAccessorImpl.java:45) ~[?:?]
	at java.lang.reflect.Constructor.newInstanceWithCaller(Constructor.java:499) ~[?:?]
	at java.lang.reflect.Constructor.newInstance(Constructor.java:480) ~[?:?]
	at com.mysql.cj.exceptions.ExceptionFactory.createException(ExceptionFactory.java:61) ~[mysql-connector-java-8.0.30.jar:8.0.30]
	at com.mysql.cj.exceptions.ExceptionFactory.createException(ExceptionFactory.java:105) ~[mysql-connector-java-8.0.30.jar:8.0.30]
	at com.mysql.cj.exceptions.ExceptionFactory.createException(ExceptionFactory.java:151) ~[mysql-connector-java-8.0.30.jar:8.0.30]
	at com.mysql.cj.exceptions.ExceptionFactory.createCommunicationsException(ExceptionFactory.java:167) ~[mysql-connector-java-8.0.30.jar:8.0.30]
	at com.mysql.cj.protocol.a.NativeSocketConnection.connect(NativeSocketConnection.java:89) ~[mysql-connector-java-8.0.30.jar:8.0.30]
	at com.mysql.cj.NativeSession.connect(NativeSession.java:120) ~[mysql-connector-java-8.0.30.jar:8.0.30]
	at com.mysql.cj.jdbc.ConnectionImpl.connectOneTryOnly(ConnectionImpl.java:948) ~[mysql-connector-java-8.0.30.jar:8.0.30]
	at com.mysql.cj.jdbc.ConnectionImpl.createNewIO(ConnectionImpl.java:818) ~[mysql-connector-java-8.0.30.jar:8.0.30]
	... 11 more
Caused by: java.net.UnknownHostException: db
	at java.net.InetAddress$CachedAddresses.get(InetAddress.java:801) ~[?:?]
	at java.net.InetAddress.getAllByName0(InetAddress.java:1509) ~[?:?]
	at java.net.InetAddress.getAllByName(InetAddress.java:1367) ~[?:?]
	at java.net.InetAddress.getAllByName(InetAddress.java:1301) ~[?:?]
	at com.mysql.cj.protocol.StandardSocketFactory.connect(StandardSocketFactory.java:130) ~[mysql-connector-java-8.0.30.jar:8.0.30]
	at com.mysql.cj.protocol.a.NativeSocketConnection.connect(NativeSocketConnection.java:63) ~[mysql-connector-java-8.0.30.jar:8.0.30]
	at com.mysql.cj.NativeSession.connect(NativeSession.java:120) ~[mysql-connector-java-8.0.30.jar:8.0.30]
	at com.mysql.cj.jdbc.ConnectionImpl.connectOneTryOnly(ConnectionImpl.java:948) ~[mysql-connector-java-8.0.30.jar:8.0.30]
	at com.mysql.cj.jdbc.ConnectionImpl.createNewIO(ConnectionImpl.java:818) ~[mysql-connector-java-8.0.30.jar:8.0.30]
	... 11 more
2026-08-12 17:22:28 DEBUG BasicResourcePool:1831 - An exception occurred while acquiring a poolable resource. Will retry.
com.mysql.cj.jdbc.exceptions.CommunicationsException: Communications link failure

The last packet sent successfully to the server was 0 milliseconds ago. The driver has not received any packets from the server.
	at com.mysql.cj.jdbc.exceptions.SQLError.createCommunicationsException(SQLError.java:174) ~[mysql-connector-java-8.0.30.jar:8.0.30]
	at com.mysql.cj.jdbc.exceptions.SQLExceptionsMapping.translateException(SQLExceptionsMapping.java:64) ~[mysql-connector-java-8.0.30.jar:8.0.30]
	at com.mysql.cj.jdbc.ConnectionImpl.createNewIO(ConnectionImpl.java:828) ~[mysql-connector-java-8.0.30.jar:8.0.30]
	at com.mysql.cj.jdbc.ConnectionImpl.<init>(ConnectionImpl.java:448) ~[mysql-connector-java-8.0.30.jar:8.0.30]
	at com.mysql.cj.jdbc.ConnectionImpl.getInstance(ConnectionImpl.java:241) ~[mysql-connector-java-8.0.30.jar:8.0.30]
	at com.mysql.cj.jdbc.NonRegisteringDriver.connect(NonRegisteringDriver.java:198) ~[mysql-connector-java-8.0.30.jar:8.0.30]
	at com.mchange.v2.c3p0.DriverManagerDataSource.getConnection(DriverManagerDataSource.java:134) ~[c3p0-0.9.1.2.jar:0.9.1.2]
	at com.mchange.v2.c3p0.WrapperConnectionPoolDataSource.getPooledConnection(WrapperConnectionPoolDataSource.java:182) ~[c3p0-0.9.1.2.jar:0.9.1.2]
	at com.mchange.v2.c3p0.WrapperConnectionPoolDataSource.getPooledConnection(WrapperConnectionPoolDataSource.java:171) ~[c3p0-0.9.1.2.jar:0.9.1.2]
	at com.mchange.v2.c3p0.impl.C3P0PooledConnectionPool$1PooledConnectionResourcePoolManager.acquireResource(C3P0PooledConnectionPool.java:137) ~[c3p0-0.9.1.2.jar:0.9.1.2]
	at com.mchange.v2.resourcepool.BasicResourcePool.doAcquire(BasicResourcePool.java:1014) ~[c3p0-0.9.1.2.jar:0.9.1.2]
	at com.mchange.v2.resourcepool.BasicResourcePool.access$800(BasicResourcePool.java:32) ~[c3p0-0.9.1.2.jar:0.9.1.2]
	at com.mchange.v2.resourcepool.BasicResourcePool$AcquireTask.run(BasicResourcePool.java:1810) [c3p0-0.9.1.2.jar:0.9.1.2]
	at com.mchange.v2.async.ThreadPoolAsynchronousRunner$PoolThread.run(ThreadPoolAsynchronousRunner.java:547) [c3p0-0.9.1.2.jar:0.9.1.2]
Caused by: com.mysql.cj.exceptions.CJCommunicationsException: Communications link failure

The last packet sent successfully to the server was 0 milliseconds ago. The driver has not received any packets from the server.
	at jdk.internal.reflect.NativeConstructorAccessorImpl.newInstance0(Native Method) ~[?:?]
	at jdk.internal.reflect.NativeConstructorAccessorImpl.newInstance(NativeConstructorAccessorImpl.java:77) ~[?:?]
	at jdk.internal.reflect.DelegatingConstructorAccessorImpl.newInstance(DelegatingConstructorAccessorImpl.java:45) ~[?:?]
	at java.lang.reflect.Constructor.newInstanceWithCaller(Constructor.java:499) ~[?:?]
	at java.lang.reflect.Constructor.newInstance(Constructor.java:480) ~[?:?]
	at com.mysql.cj.exceptions.ExceptionFactory.createException(ExceptionFactory.java:61) ~[mysql-connector-java-8.0.30.jar:8.0.30]
	at com.mysql.cj.exceptions.ExceptionFactory.createException(ExceptionFactory.java:105) ~[mysql-connector-java-8.0.30.jar:8.0.30]
	at com.mysql.cj.exceptions.ExceptionFactory.createException(ExceptionFactory.java:151) ~[mysql-connector-java-8.0.30.jar:8.0.30]
	at com.mysql.cj.exceptions.ExceptionFactory.createCommunicationsException(ExceptionFactory.java:167) ~[mysql-connector-java-8.0.30.jar:8.0.30]
	at com.mysql.cj.protocol.a.NativeSocketConnection.connect(NativeSocketConnection.java:89) ~[mysql-connector-java-8.0.30.jar:8.0.30]
	at com.mysql.cj.NativeSession.connect(NativeSession.java:120) ~[mysql-connector-java-8.0.30.jar:8.0.30]
	at com.mysql.cj.jdbc.ConnectionImpl.connectOneTryOnly(ConnectionImpl.java:948) ~[mysql-connector-java-8.0.30.jar:8.0.30]
	at com.mysql.cj.jdbc.ConnectionImpl.createNewIO(ConnectionImpl.java:818) ~[mysql-connector-java-8.0.30.jar:8.0.30]
	... 11 more
Caused by: java.net.UnknownHostException: db
	at java.net.InetAddress$CachedAddresses.get(InetAddress.java:801) ~[?:?]
	at java.net.InetAddress.getAllByName0(InetAddress.java:1509) ~[?:?]
	at java.net.InetAddress.getAllByName(InetAddress.java:1367) ~[?:?]
	at java.net.InetAddress.getAllByName(InetAddress.java:1301) ~[?:?]
	at com.mysql.cj.protocol.StandardSocketFactory.connect(StandardSocketFactory.java:130) ~[mysql-connector-java-8.0.30.jar:8.0.30]
	at com.mysql.cj.protocol.a.NativeSocketConnection.connect(NativeSocketConnection.java:63) ~[mysql-connector-java-8.0.30.jar:8.0.30]
	at com.mysql.cj.NativeSession.connect(NativeSession.java:120) ~[mysql-connector-java-8.0.30.jar:8.0.30]
	at com.mysql.cj.jdbc.ConnectionImpl.connectOneTryOnly(ConnectionImpl.java:948) ~[mysql-connector-java-8.0.30.jar:8.0.30]
	at com.mysql.cj.jdbc.ConnectionImpl.createNewIO(ConnectionImpl.java:818) ~[mysql-connector-java-8.0.30.jar:8.0.30]
	... 11 more
2026-08-12 17:22:28 DEBUG BasicResourcePool:1831 - An exception occurred while acquiring a poolable resource. Will retry.
com.mysql.cj.jdbc.exceptions.CommunicationsException: Communications link failure

The last packet sent successfully to the server was 0 milliseconds ago. The driver has not received any packets from the server.
	at com.mysql.cj.jdbc.exceptions.SQLError.createCommunicationsException(SQLError.java:174) ~[mysql-connector-java-8.0.30.jar:8.0.30]
	at com.mysql.cj.jdbc.exceptions.SQLExceptionsMapping.translateException(SQLExceptionsMapping.java:64) ~[mysql-connector-java-8.0.30.jar:8.0.30]
	at com.mysql.cj.jdbc.ConnectionImpl.createNewIO(ConnectionImpl.java:828) ~[mysql-connector-java-8.0.30.jar:8.0.30]
	at com.mysql.cj.jdbc.ConnectionImpl.<init>(ConnectionImpl.java:448) ~[mysql-connector-java-8.0.30.jar:8.0.30]
	at com.mysql.cj.jdbc.ConnectionImpl.getInstance(ConnectionImpl.java:241) ~[mysql-connector-java-8.0.30.jar:8.0.30]
	at com.mysql.cj.jdbc.NonRegisteringDriver.connect(NonRegisteringDriver.java:198) ~[mysql-connector-java-8.0.30.jar:8.0.30]
	at com.mchange.v2.c3p0.DriverManagerDataSource.getConnection(DriverManagerDataSource.java:134) ~[c3p0-0.9.1.2.jar:0.9.1.2]
	at com.mchange.v2.c3p0.WrapperConnectionPoolDataSource.getPooledConnection(WrapperConnectionPoolDataSource.java:182) ~[c3p0-0.9.1.2.jar:0.9.1.2]
	at com.mchange.v2.c3p0.WrapperConnectionPoolDataSource.getPooledConnection(WrapperConnectionPoolDataSource.java:171) ~[c3p0-0.9.1.2.jar:0.9.1.2]
	at com.mchange.v2.c3p0.impl.C3P0PooledConnectionPool$1PooledConnectionResourcePoolManager.acquireResource(C3P0PooledConnectionPool.java:137) ~[c3p0-0.9.1.2.jar:0.9.1.2]
	at com.mchange.v2.resourcepool.BasicResourcePool.doAcquire(BasicResourcePool.java:1014) ~[c3p0-0.9.1.2.jar:0.9.1.2]
	at com.mchange.v2.resourcepool.BasicResourcePool.access$800(BasicResourcePool.java:32) ~[c3p0-0.9.1.2.jar:0.9.1.2]
	at com.mchange.v2.resourcepool.BasicResourcePool$AcquireTask.run(BasicResourcePool.java:1810) [c3p0-0.9.1.2.jar:0.9.1.2]
	at com.mchange.v2.async.ThreadPoolAsynchronousRunner$PoolThread.run(ThreadPoolAsynchronousRunner.java:547) [c3p0-0.9.1.2.jar:0.9.1.2]
Caused by: com.mysql.cj.exceptions.CJCommunicationsException: Communications link failure

The last packet sent successfully to the server was 0 milliseconds ago. The driver has not received any packets from the server.
	at jdk.internal.reflect.NativeConstructorAccessorImpl.newInstance0(Native Method) ~[?:?]
	at jdk.internal.reflect.NativeConstructorAccessorImpl.newInstance(NativeConstructorAccessorImpl.java:77) ~[?:?]
	at jdk.internal.reflect.DelegatingConstructorAccessorImpl.newInstance(DelegatingConstructorAccessorImpl.java:45) ~[?:?]
	at java.lang.reflect.Constructor.newInstanceWithCaller(Constructor.java:499) ~[?:?]
	at java.lang.reflect.Constructor.newInstance(Constructor.java:480) ~[?:?]
	at com.mysql.cj.exceptions.ExceptionFactory.createException(ExceptionFactory.java:61) ~[mysql-connector-java-8.0.30.jar:8.0.30]
	at com.mysql.cj.exceptions.ExceptionFactory.createException(ExceptionFactory.java:105) ~[mysql-connector-java-8.0.30.jar:8.0.30]
	at com.mysql.cj.exceptions.ExceptionFactory.createException(ExceptionFactory.java:151) ~[mysql-connector-java-8.0.30.jar:8.0.30]
	at com.mysql.cj.exceptions.ExceptionFactory.createCommunicationsException(ExceptionFactory.java:167) ~[mysql-connector-java-8.0.30.jar:8.0.30]
	at com.mysql.cj.protocol.a.NativeSocketConnection.connect(NativeSocketConnection.java:89) ~[mysql-connector-java-8.0.30.jar:8.0.30]
	at com.mysql.cj.NativeSession.connect(NativeSession.java:120) ~[mysql-connector-java-8.0.30.jar:8.0.30]
	at com.mysql.cj.jdbc.ConnectionImpl.connectOneTryOnly(ConnectionImpl.java:948) ~[mysql-connector-java-8.0.30.jar:8.0.30]
	at com.mysql.cj.jdbc.ConnectionImpl.createNewIO(ConnectionImpl.java:818) ~[mysql-connector-java-8.0.30.jar:8.0.30]
	... 11 more
Caused by: java.net.UnknownHostException: db
	at java.net.InetAddress$CachedAddresses.get(InetAddress.java:801) ~[?:?]
	at java.net.InetAddress.getAllByName0(InetAddress.java:1509) ~[?:?]
	at java.net.InetAddress.getAllByName(InetAddress.java:1367) ~[?:?]
	at java.net.InetAddress.getAllByName(InetAddress.java:1301) ~[?:?]
	at com.mysql.cj.protocol.StandardSocketFactory.connect(StandardSocketFactory.java:130) ~[mysql-connector-java-8.0.30.jar:8.0.30]
	at com.mysql.cj.protocol.a.NativeSocketConnection.connect(NativeSocketConnection.java:63) ~[mysql-connector-java-8.0.30.jar:8.0.30]
	at com.mysql.cj.NativeSession.connect(NativeSession.java:120) ~[mysql-connector-java-8.0.30.jar:8.0.30]
	at com.mysql.cj.jdbc.ConnectionImpl.connectOneTryOnly(ConnectionImpl.java:948) ~[mysql-connector-java-8.0.30.jar:8.0.30]
	at com.mysql.cj.jdbc.ConnectionImpl.createNewIO(ConnectionImpl.java:818) ~[mysql-connector-java-8.0.30.jar:8.0.30]
	... 11 more
2026-08-12 17:22:29 DEBUG BasicResourcePool:1935 - Checking for expired resources - Wed Aug 12 17:22:29 IST 2026 [com.mchange.v2.resourcepool.BasicResourcePool@553294b6]
2026-08-12 17:22:29 DEBUG BasicResourcePool:1447 - BEGIN check for expired resources.  [com.mchange.v2.resourcepool.BasicResourcePool@553294b6]
2026-08-12 17:22:29 DEBUG BasicResourcePool:1468 - FINISHED check for expired resources.  [com.mchange.v2.resourcepool.BasicResourcePool@553294b6]
2026-08-12 17:22:29 DEBUG BasicResourcePool:1831 - An exception occurred while acquiring a poolable resource. Will retry.
com.mysql.cj.jdbc.exceptions.CommunicationsException: Communications link failure

The last packet sent successfully to the server was 0 milliseconds ago. The driver has not received any packets from the server.
	at com.mysql.cj.jdbc.exceptions.SQLError.createCommunicationsException(SQLError.java:174) ~[mysql-connector-java-8.0.30.jar:8.0.30]
	at com.mysql.cj.jdbc.exceptions.SQLExceptionsMapping.translateException(SQLExceptionsMapping.java:64) ~[mysql-connector-java-8.0.30.jar:8.0.30]
	at com.mysql.cj.jdbc.ConnectionImpl.createNewIO(ConnectionImpl.java:828) ~[mysql-connector-java-8.0.30.jar:8.0.30]
	at com.mysql.cj.jdbc.ConnectionImpl.<init>(ConnectionImpl.java:448) ~[mysql-connector-java-8.0.30.jar:8.0.30]
	at com.mysql.cj.jdbc.ConnectionImpl.getInstance(ConnectionImpl.java:241) ~[mysql-connector-java-8.0.30.jar:8.0.30]
	at com.mysql.cj.jdbc.NonRegisteringDriver.connect(NonRegisteringDriver.java:198) ~[mysql-connector-java-8.0.30.jar:8.0.30]
	at com.mchange.v2.c3p0.DriverManagerDataSource.getConnection(DriverManagerDataSource.java:134) ~[c3p0-0.9.1.2.jar:0.9.1.2]
	at com.mchange.v2.c3p0.WrapperConnectionPoolDataSource.getPooledConnection(WrapperConnectionPoolDataSource.java:182) ~[c3p0-0.9.1.2.jar:0.9.1.2]
	at com.mchange.v2.c3p0.WrapperConnectionPoolDataSource.getPooledConnection(WrapperConnectionPoolDataSource.java:171) ~[c3p0-0.9.1.2.jar:0.9.1.2]
	at com.mchange.v2.c3p0.impl.C3P0PooledConnectionPool$1PooledConnectionResourcePoolManager.acquireResource(C3P0PooledConnectionPool.java:137) ~[c3p0-0.9.1.2.jar:0.9.1.2]
	at com.mchange.v2.resourcepool.BasicResourcePool.doAcquire(BasicResourcePool.java:1014) ~[c3p0-0.9.1.2.jar:0.9.1.2]
	at com.mchange.v2.resourcepool.BasicResourcePool.access$800(BasicResourcePool.java:32) ~[c3p0-0.9.1.2.jar:0.9.1.2]
	at com.mchange.v2.resourcepool.BasicResourcePool$AcquireTask.run(BasicResourcePool.java:1810) [c3p0-0.9.1.2.jar:0.9.1.2]
	at com.mchange.v2.async.ThreadPoolAsynchronousRunner$PoolThread.run(ThreadPoolAsynchronousRunner.java:547) [c3p0-0.9.1.2.jar:0.9.1.2]
Caused by: com.mysql.cj.exceptions.CJCommunicationsException: Communications link failure

The last packet sent successfully to the server was 0 milliseconds ago. The driver has not received any packets from the server.
	at jdk.internal.reflect.NativeConstructorAccessorImpl.newInstance0(Native Method) ~[?:?]
	at jdk.internal.reflect.NativeConstructorAccessorImpl.newInstance(NativeConstructorAccessorImpl.java:77) ~[?:?]
	at jdk.internal.reflect.DelegatingConstructorAccessorImpl.newInstance(DelegatingConstructorAccessorImpl.java:45) ~[?:?]
	at java.lang.reflect.Constructor.newInstanceWithCaller(Constructor.java:499) ~[?:?]
	at java.lang.reflect.Constructor.newInstance(Constructor.java:480) ~[?:?]
	at com.mysql.cj.exceptions.ExceptionFactory.createException(ExceptionFactory.java:61) ~[mysql-connector-java-8.0.30.jar:8.0.30]
	at com.mysql.cj.exceptions.ExceptionFactory.createException(ExceptionFactory.java:105) ~[mysql-connector-java-8.0.30.jar:8.0.30]
	at com.mysql.cj.exceptions.ExceptionFactory.createException(ExceptionFactory.java:151) ~[mysql-connector-java-8.0.30.jar:8.0.30]
	at com.mysql.cj.exceptions.ExceptionFactory.createCommunicationsException(ExceptionFactory.java:167) ~[mysql-connector-java-8.0.30.jar:8.0.30]
	at com.mysql.cj.protocol.a.NativeSocketConnection.connect(NativeSocketConnection.java:89) ~[mysql-connector-java-8.0.30.jar:8.0.30]
	at com.mysql.cj.NativeSession.connect(NativeSession.java:120) ~[mysql-connector-java-8.0.30.jar:8.0.30]
	at com.mysql.cj.jdbc.ConnectionImpl.connectOneTryOnly(ConnectionImpl.java:948) ~[mysql-connector-java-8.0.30.jar:8.0.30]
	at com.mysql.cj.jdbc.ConnectionImpl.createNewIO(ConnectionImpl.java:818) ~[mysql-connector-java-8.0.30.jar:8.0.30]
	... 11 more
Caused by: java.net.UnknownHostException: db
	at java.net.InetAddress$CachedAddresses.get(InetAddress.java:801) ~[?:?]
	at java.net.InetAddress.getAllByName0(InetAddress.java:1509) ~[?:?]
	at java.net.InetAddress.getAllByName(InetAddress.java:1367) ~[?:?]
	at java.net.InetAddress.getAllByName(InetAddress.java:1301) ~[?:?]
	at com.mysql.cj.protocol.StandardSocketFactory.connect(StandardSocketFactory.java:130) ~[mysql-connector-java-8.0.30.jar:8.0.30]
	at com.mysql.cj.protocol.a.NativeSocketConnection.connect(NativeSocketConnection.java:63) ~[mysql-connector-java-8.0.30.jar:8.0.30]
	at com.mysql.cj.NativeSession.connect(NativeSession.java:120) ~[mysql-connector-java-8.0.30.jar:8.0.30]
	at com.mysql.cj.jdbc.ConnectionImpl.connectOneTryOnly(ConnectionImpl.java:948) ~[mysql-connector-java-8.0.30.jar:8.0.30]
	at com.mysql.cj.jdbc.ConnectionImpl.createNewIO(ConnectionImpl.java:818) ~[mysql-connector-java-8.0.30.jar:8.0.30]
	... 11 more
2026-08-12 17:22:29 DEBUG BasicResourcePool:1831 - An exception occurred while acquiring a poolable resource. Will retry.
com.mysql.cj.jdbc.exceptions.CommunicationsException: Communications link failure

The last packet sent successfully to the server was 0 milliseconds ago. The driver has not received any packets from the server.
	at com.mysql.cj.jdbc.exceptions.SQLError.createCommunicationsException(SQLError.java:174) ~[mysql-connector-java-8.0.30.jar:8.0.30]
	at com.mysql.cj.jdbc.exceptions.SQLExceptionsMapping.translateException(SQLExceptionsMapping.java:64) ~[mysql-connector-java-8.0.30.jar:8.0.30]
	at com.mysql.cj.jdbc.ConnectionImpl.createNewIO(ConnectionImpl.java:828) ~[mysql-connector-java-8.0.30.jar:8.0.30]
	at com.mysql.cj.jdbc.ConnectionImpl.<init>(ConnectionImpl.java:448) ~[mysql-connector-java-8.0.30.jar:8.0.30]
	at com.mysql.cj.jdbc.ConnectionImpl.getInstance(ConnectionImpl.java:241) ~[mysql-connector-java-8.0.30.jar:8.0.30]
	at com.mysql.cj.jdbc.NonRegisteringDriver.connect(NonRegisteringDriver.java:198) ~[mysql-connector-java-8.0.30.jar:8.0.30]
	at com.mchange.v2.c3p0.DriverManagerDataSource.getConnection(DriverManagerDataSource.java:134) ~[c3p0-0.9.1.2.jar:0.9.1.2]
	at com.mchange.v2.c3p0.WrapperConnectionPoolDataSource.getPooledConnection(WrapperConnectionPoolDataSource.java:182) ~[c3p0-0.9.1.2.jar:0.9.1.2]
	at com.mchange.v2.c3p0.WrapperConnectionPoolDataSource.getPooledConnection(WrapperConnectionPoolDataSource.java:171) ~[c3p0-0.9.1.2.jar:0.9.1.2]
	at com.mchange.v2.c3p0.impl.C3P0PooledConnectionPool$1PooledConnectionResourcePoolManager.acquireResource(C3P0PooledConnectionPool.java:137) ~[c3p0-0.9.1.2.jar:0.9.1.2]
	at com.mchange.v2.resourcepool.BasicResourcePool.doAcquire(BasicResourcePool.java:1014) ~[c3p0-0.9.1.2.jar:0.9.1.2]
	at com.mchange.v2.resourcepool.BasicResourcePool.access$800(BasicResourcePool.java:32) ~[c3p0-0.9.1.2.jar:0.9.1.2]
	at com.mchange.v2.resourcepool.BasicResourcePool$AcquireTask.run(BasicResourcePool.java:1810) [c3p0-0.9.1.2.jar:0.9.1.2]
	at com.mchange.v2.async.ThreadPoolAsynchronousRunner$PoolThread.run(ThreadPoolAsynchronousRunner.java:547) [c3p0-0.9.1.2.jar:0.9.1.2]
Caused by: com.mysql.cj.exceptions.CJCommunicationsException: Communications link failure

The last packet sent successfully to the server was 0 milliseconds ago. The driver has not received any packets from the server.
	at jdk.internal.reflect.NativeConstructorAccessorImpl.newInstance0(Native Method) ~[?:?]
	at jdk.internal.reflect.NativeConstructorAccessorImpl.newInstance(NativeConstructorAccessorImpl.java:77) ~[?:?]
	at jdk.internal.reflect.DelegatingConstructorAccessorImpl.newInstance(DelegatingConstructorAccessorImpl.java:45) ~[?:?]
	at java.lang.reflect.Constructor.newInstanceWithCaller(Constructor.java:499) ~[?:?]
	at java.lang.reflect.Constructor.newInstance(Constructor.java:480) ~[?:?]
	at com.mysql.cj.exceptions.ExceptionFactory.createException(ExceptionFactory.java:61) ~[mysql-connector-java-8.0.30.jar:8.0.30]
	at com.mysql.cj.exceptions.ExceptionFactory.createException(ExceptionFactory.java:105) ~[mysql-connector-java-8.0.30.jar:8.0.30]
	at com.mysql.cj.exceptions.ExceptionFactory.createException(ExceptionFactory.java:151) ~[mysql-connector-java-8.0.30.jar:8.0.30]
	at com.mysql.cj.exceptions.ExceptionFactory.createCommunicationsException(ExceptionFactory.java:167) ~[mysql-connector-java-8.0.30.jar:8.0.30]
	at com.mysql.cj.protocol.a.NativeSocketConnection.connect(NativeSocketConnection.java:89) ~[mysql-connector-java-8.0.30.jar:8.0.30]
	at com.mysql.cj.NativeSession.connect(NativeSession.java:120) ~[mysql-connector-java-8.0.30.jar:8.0.30]
	at com.mysql.cj.jdbc.ConnectionImpl.connectOneTryOnly(ConnectionImpl.java:948) ~[mysql-connector-java-8.0.30.jar:8.0.30]
	at com.mysql.cj.jdbc.ConnectionImpl.createNewIO(ConnectionImpl.java:818) ~[mysql-connector-java-8.0.30.jar:8.0.30]
	... 11 more
Caused by: java.net.UnknownHostException: db
	at java.net.InetAddress$CachedAddresses.get(InetAddress.java:801) ~[?:?]
	at java.net.InetAddress.getAllByName0(InetAddress.java:1509) ~[?:?]
	at java.net.InetAddress.getAllByName(InetAddress.java:1367) ~[?:?]
	at java.net.InetAddress.getAllByName(InetAddress.java:1301) ~[?:?]
	at com.mysql.cj.protocol.StandardSocketFactory.connect(StandardSocketFactory.java:130) ~[mysql-connector-java-8.0.30.jar:8.0.30]
	at com.mysql.cj.protocol.a.NativeSocketConnection.connect(NativeSocketConnection.java:63) ~[mysql-connector-java-8.0.30.jar:8.0.30]
	at com.mysql.cj.NativeSession.connect(NativeSession.java:120) ~[mysql-connector-java-8.0.30.jar:8.0.30]
	at com.mysql.cj.jdbc.ConnectionImpl.connectOneTryOnly(ConnectionImpl.java:948) ~[mysql-connector-java-8.0.30.jar:8.0.30]
	at com.mysql.cj.jdbc.ConnectionImpl.createNewIO(ConnectionImpl.java:818) ~[mysql-connector-java-8.0.30.jar:8.0.30]
	... 11 more
2026-08-12 17:22:30 DEBUG BasicResourcePool:1831 - An exception occurred while acquiring a poolable resource. Will retry.
com.mysql.cj.jdbc.exceptions.CommunicationsException: Communications link failure

The last packet sent successfully to the server was 0 milliseconds ago. The driver has not received any packets from the server.
	at com.mysql.cj.jdbc.exceptions.SQLError.createCommunicationsException(SQLError.java:174) ~[mysql-connector-java-8.0.30.jar:8.0.30]
	at com.mysql.cj.jdbc.exceptions.SQLExceptionsMapping.translateException(SQLExceptionsMapping.java:64) ~[mysql-connector-java-8.0.30.jar:8.0.30]
	at com.mysql.cj.jdbc.ConnectionImpl.createNewIO(ConnectionImpl.java:828) ~[mysql-connector-java-8.0.30.jar:8.0.30]
	at com.mysql.cj.jdbc.ConnectionImpl.<init>(ConnectionImpl.java:448) ~[mysql-connector-java-8.0.30.jar:8.0.30]
	at com.mysql.cj.jdbc.ConnectionImpl.getInstance(ConnectionImpl.java:241) ~[mysql-connector-java-8.0.30.jar:8.0.30]
	at com.mysql.cj.jdbc.NonRegisteringDriver.connect(NonRegisteringDriver.java:198) ~[mysql-connector-java-8.0.30.jar:8.0.30]
	at com.mchange.v2.c3p0.DriverManagerDataSource.getConnection(DriverManagerDataSource.java:134) ~[c3p0-0.9.1.2.jar:0.9.1.2]
	at com.mchange.v2.c3p0.WrapperConnectionPoolDataSource.getPooledConnection(WrapperConnectionPoolDataSource.java:182) ~[c3p0-0.9.1.2.jar:0.9.1.2]
	at com.mchange.v2.c3p0.WrapperConnectionPoolDataSource.getPooledConnection(WrapperConnectionPoolDataSource.java:171) ~[c3p0-0.9.1.2.jar:0.9.1.2]
	at com.mchange.v2.c3p0.impl.C3P0PooledConnectionPool$1PooledConnectionResourcePoolManager.acquireResource(C3P0PooledConnectionPool.java:137) ~[c3p0-0.9.1.2.jar:0.9.1.2]
	at com.mchange.v2.resourcepool.BasicResourcePool.doAcquire(BasicResourcePool.java:1014) ~[c3p0-0.9.1.2.jar:0.9.1.2]
	at com.mchange.v2.resourcepool.BasicResourcePool.access$800(BasicResourcePool.java:32) ~[c3p0-0.9.1.2.jar:0.9.1.2]
	at com.mchange.v2.resourcepool.BasicResourcePool$AcquireTask.run(BasicResourcePool.java:1810) [c3p0-0.9.1.2.jar:0.9.1.2]
	at com.mchange.v2.async.ThreadPoolAsynchronousRunner$PoolThread.run(ThreadPoolAsynchronousRunner.java:547) [c3p0-0.9.1.2.jar:0.9.1.2]
Caused by: com.mysql.cj.exceptions.CJCommunicationsException: Communications link failure

The last packet sent successfully to the server was 0 milliseconds ago. The driver has not received any packets from the server.
	at jdk.internal.reflect.NativeConstructorAccessorImpl.newInstance0(Native Method) ~[?:?]
	at jdk.internal.reflect.NativeConstructorAccessorImpl.newInstance(NativeConstructorAccessorImpl.java:77) ~[?:?]
	at jdk.internal.reflect.DelegatingConstructorAccessorImpl.newInstance(DelegatingConstructorAccessorImpl.java:45) ~[?:?]
	at java.lang.reflect.Constructor.newInstanceWithCaller(Constructor.java:499) ~[?:?]
	at java.lang.reflect.Constructor.newInstance(Constructor.java:480) ~[?:?]
	at com.mysql.cj.exceptions.ExceptionFactory.createException(ExceptionFactory.java:61) ~[mysql-connector-java-8.0.30.jar:8.0.30]
	at com.mysql.cj.exceptions.ExceptionFactory.createException(ExceptionFactory.java:105) ~[mysql-connector-java-8.0.30.jar:8.0.30]
	at com.mysql.cj.exceptions.ExceptionFactory.createException(ExceptionFactory.java:151) ~[mysql-connector-java-8.0.30.jar:8.0.30]
	at com.mysql.cj.exceptions.ExceptionFactory.createCommunicationsException(ExceptionFactory.java:167) ~[mysql-connector-java-8.0.30.jar:8.0.30]
	at com.mysql.cj.protocol.a.NativeSocketConnection.connect(NativeSocketConnection.java:89) ~[mysql-connector-java-8.0.30.jar:8.0.30]
	at com.mysql.cj.NativeSession.connect(NativeSession.java:120) ~[mysql-connector-java-8.0.30.jar:8.0.30]
	at com.mysql.cj.jdbc.ConnectionImpl.connectOneTryOnly(ConnectionImpl.java:948) ~[mysql-connector-java-8.0.30.jar:8.0.30]
	at com.mysql.cj.jdbc.ConnectionImpl.createNewIO(ConnectionImpl.java:818) ~[mysql-connector-java-8.0.30.jar:8.0.30]
	... 11 more
Caused by: java.net.UnknownHostException: db
	at java.net.InetAddress$CachedAddresses.get(InetAddress.java:801) ~[?:?]
	at java.net.InetAddress.getAllByName0(InetAddress.java:1509) ~[?:?]
	at java.net.InetAddress.getAllByName(InetAddress.java:1367) ~[?:?]
	at java.net.InetAddress.getAllByName(InetAddress.java:1301) ~[?:?]
	at com.mysql.cj.protocol.StandardSocketFactory.connect(StandardSocketFactory.java:130) ~[mysql-connector-java-8.0.30.jar:8.0.30]
	at com.mysql.cj.protocol.a.NativeSocketConnection.connect(NativeSocketConnection.java:63) ~[mysql-connector-java-8.0.30.jar:8.0.30]
	at com.mysql.cj.NativeSession.connect(NativeSession.java:120) ~[mysql-connector-java-8.0.30.jar:8.0.30]
	at com.mysql.cj.jdbc.ConnectionImpl.connectOneTryOnly(ConnectionImpl.java:948) ~[mysql-connector-java-8.0.30.jar:8.0.30]
	at com.mysql.cj.jdbc.ConnectionImpl.createNewIO(ConnectionImpl.java:818) ~[mysql-connector-java-8.0.30.jar:8.0.30]
	... 11 more
2026-08-12 17:22:30 DEBUG BasicResourcePool:1831 - An exception occurred while acquiring a poolable resource. Will retry.
com.mysql.cj.jdbc.exceptions.CommunicationsException: Communications link failure

The last packet sent successfully to the server was 0 milliseconds ago. The driver has not received any packets from the server.
	at com.mysql.cj.jdbc.exceptions.SQLError.createCommunicationsException(SQLError.java:174) ~[mysql-connector-java-8.0.30.jar:8.0.30]
	at com.mysql.cj.jdbc.exceptions.SQLExceptionsMapping.translateException(SQLExceptionsMapping.java:64) ~[mysql-connector-java-8.0.30.jar:8.0.30]
	at com.mysql.cj.jdbc.ConnectionImpl.createNewIO(ConnectionImpl.java:828) ~[mysql-connector-java-8.0.30.jar:8.0.30]
	at com.mysql.cj.jdbc.ConnectionImpl.<init>(ConnectionImpl.java:448) ~[mysql-connector-java-8.0.30.jar:8.0.30]
	at com.mysql.cj.jdbc.ConnectionImpl.getInstance(ConnectionImpl.java:241) ~[mysql-connector-java-8.0.30.jar:8.0.30]
	at com.mysql.cj.jdbc.NonRegisteringDriver.connect(NonRegisteringDriver.java:198) ~[mysql-connector-java-8.0.30.jar:8.0.30]
	at com.mchange.v2.c3p0.DriverManagerDataSource.getConnection(DriverManagerDataSource.java:134) ~[c3p0-0.9.1.2.jar:0.9.1.2]
	at com.mchange.v2.c3p0.WrapperConnectionPoolDataSource.getPooledConnection(WrapperConnectionPoolDataSource.java:182) ~[c3p0-0.9.1.2.jar:0.9.1.2]
	at com.mchange.v2.c3p0.WrapperConnectionPoolDataSource.getPooledConnection(WrapperConnectionPoolDataSource.java:171) ~[c3p0-0.9.1.2.jar:0.9.1.2]
	at com.mchange.v2.c3p0.impl.C3P0PooledConnectionPool$1PooledConnectionResourcePoolManager.acquireResource(C3P0PooledConnectionPool.java:137) ~[c3p0-0.9.1.2.jar:0.9.1.2]
	at com.mchange.v2.resourcepool.BasicResourcePool.doAcquire(BasicResourcePool.java:1014) ~[c3p0-0.9.1.2.jar:0.9.1.2]
	at com.mchange.v2.resourcepool.BasicResourcePool.access$800(BasicResourcePool.java:32) ~[c3p0-0.9.1.2.jar:0.9.1.2]
	at com.mchange.v2.resourcepool.BasicResourcePool$AcquireTask.run(BasicResourcePool.java:1810) [c3p0-0.9.1.2.jar:0.9.1.2]
	at com.mchange.v2.async.ThreadPoolAsynchronousRunner$PoolThread.run(ThreadPoolAsynchronousRunner.java:547) [c3p0-0.9.1.2.jar:0.9.1.2]
Caused by: com.mysql.cj.exceptions.CJCommunicationsException: Communications link failure

The last packet sent successfully to the server was 0 milliseconds ago. The driver has not received any packets from the server.
	at jdk.internal.reflect.NativeConstructorAccessorImpl.newInstance0(Native Method) ~[?:?]
	at jdk.internal.reflect.NativeConstructorAccessorImpl.newInstance(NativeConstructorAccessorImpl.java:77) ~[?:?]
	at jdk.internal.reflect.DelegatingConstructorAccessorImpl.newInstance(DelegatingConstructorAccessorImpl.java:45) ~[?:?]
	at java.lang.reflect.Constructor.newInstanceWithCaller(Constructor.java:499) ~[?:?]
	at java.lang.reflect.Constructor.newInstance(Constructor.java:480) ~[?:?]
	at com.mysql.cj.exceptions.ExceptionFactory.createException(ExceptionFactory.java:61) ~[mysql-connector-java-8.0.30.jar:8.0.30]
	at com.mysql.cj.exceptions.ExceptionFactory.createException(ExceptionFactory.java:105) ~[mysql-connector-java-8.0.30.jar:8.0.30]
	at com.mysql.cj.exceptions.ExceptionFactory.createException(ExceptionFactory.java:151) ~[mysql-connector-java-8.0.30.jar:8.0.30]
	at com.mysql.cj.exceptions.ExceptionFactory.createCommunicationsException(ExceptionFactory.java:167) ~[mysql-connector-java-8.0.30.jar:8.0.30]
	at com.mysql.cj.protocol.a.NativeSocketConnection.connect(NativeSocketConnection.java:89) ~[mysql-connector-java-8.0.30.jar:8.0.30]
	at com.mysql.cj.NativeSession.connect(NativeSession.java:120) ~[mysql-connector-java-8.0.30.jar:8.0.30]
	at com.mysql.cj.jdbc.ConnectionImpl.connectOneTryOnly(ConnectionImpl.java:948) ~[mysql-connector-java-8.0.30.jar:8.0.30]
	at com.mysql.cj.jdbc.ConnectionImpl.createNewIO(ConnectionImpl.java:818) ~[mysql-connector-java-8.0.30.jar:8.0.30]
	... 11 more
Caused by: java.net.UnknownHostException: db
	at java.net.InetAddress$CachedAddresses.get(InetAddress.java:801) ~[?:?]
	at java.net.InetAddress.getAllByName0(InetAddress.java:1509) ~[?:?]
	at java.net.InetAddress.getAllByName(InetAddress.java:1367) ~[?:?]
	at java.net.InetAddress.getAllByName(InetAddress.java:1301) ~[?:?]
	at com.mysql.cj.protocol.StandardSocketFactory.connect(StandardSocketFactory.java:130) ~[mysql-connector-java-8.0.30.jar:8.0.30]
	at com.mysql.cj.protocol.a.NativeSocketConnection.connect(NativeSocketConnection.java:63) ~[mysql-connector-java-8.0.30.jar:8.0.30]
	at com.mysql.cj.NativeSession.connect(NativeSession.java:120) ~[mysql-connector-java-8.0.30.jar:8.0.30]
	at com.mysql.cj.jdbc.ConnectionImpl.connectOneTryOnly(ConnectionImpl.java:948) ~[mysql-connector-java-8.0.30.jar:8.0.30]
	at com.mysql.cj.jdbc.ConnectionImpl.createNewIO(ConnectionImpl.java:818) ~[mysql-connector-java-8.0.30.jar:8.0.30]
	... 11 more
2026-08-12 17:22:31 DEBUG BasicResourcePool:1935 - Checking for expired resources - Wed Aug 12 17:22:31 IST 2026 [com.mchange.v2.resourcepool.BasicResourcePool@553294b6]
2026-08-12 17:22:31 DEBUG BasicResourcePool:1447 - BEGIN check for expired resources.  [com.mchange.v2.resourcepool.BasicResourcePool@553294b6]
2026-08-12 17:22:31 DEBUG BasicResourcePool:1468 - FINISHED check for expired resources.  [com.mchange.v2.resourcepool.BasicResourcePool@553294b6]
2026-08-12 17:22:31 DEBUG BasicResourcePool:1831 - An exception occurred while acquiring a poolable resource. Will retry.
com.mysql.cj.jdbc.exceptions.CommunicationsException: Communications link failure

The last packet sent successfully to the server was 0 milliseconds ago. The driver has not received any packets from the server.
	at com.mysql.cj.jdbc.exceptions.SQLError.createCommunicationsException(SQLError.java:174) ~[mysql-connector-java-8.0.30.jar:8.0.30]
	at com.mysql.cj.jdbc.exceptions.SQLExceptionsMapping.translateException(SQLExceptionsMapping.java:64) ~[mysql-connector-java-8.0.30.jar:8.0.30]
	at com.mysql.cj.jdbc.ConnectionImpl.createNewIO(ConnectionImpl.java:828) ~[mysql-connector-java-8.0.30.jar:8.0.30]
	at com.mysql.cj.jdbc.ConnectionImpl.<init>(ConnectionImpl.java:448) ~[mysql-connector-java-8.0.30.jar:8.0.30]
	at com.mysql.cj.jdbc.ConnectionImpl.getInstance(ConnectionImpl.java:241) ~[mysql-connector-java-8.0.30.jar:8.0.30]
	at com.mysql.cj.jdbc.NonRegisteringDriver.connect(NonRegisteringDriver.java:198) ~[mysql-connector-java-8.0.30.jar:8.0.30]
	at com.mchange.v2.c3p0.DriverManagerDataSource.getConnection(DriverManagerDataSource.java:134) ~[c3p0-0.9.1.2.jar:0.9.1.2]
	at com.mchange.v2.c3p0.WrapperConnectionPoolDataSource.getPooledConnection(WrapperConnectionPoolDataSource.java:182) ~[c3p0-0.9.1.2.jar:0.9.1.2]
	at com.mchange.v2.c3p0.WrapperConnectionPoolDataSource.getPooledConnection(WrapperConnectionPoolDataSource.java:171) ~[c3p0-0.9.1.2.jar:0.9.1.2]
	at com.mchange.v2.c3p0.impl.C3P0PooledConnectionPool$1PooledConnectionResourcePoolManager.acquireResource(C3P0PooledConnectionPool.java:137) ~[c3p0-0.9.1.2.jar:0.9.1.2]
	at com.mchange.v2.resourcepool.BasicResourcePool.doAcquire(BasicResourcePool.java:1014) ~[c3p0-0.9.1.2.jar:0.9.1.2]
	at com.mchange.v2.resourcepool.BasicResourcePool.access$800(BasicResourcePool.java:32) ~[c3p0-0.9.1.2.jar:0.9.1.2]
	at com.mchange.v2.resourcepool.BasicResourcePool$AcquireTask.run(BasicResourcePool.java:1810) [c3p0-0.9.1.2.jar:0.9.1.2]
	at com.mchange.v2.async.ThreadPoolAsynchronousRunner$PoolThread.run(ThreadPoolAsynchronousRunner.java:547) [c3p0-0.9.1.2.jar:0.9.1.2]
Caused by: com.mysql.cj.exceptions.CJCommunicationsException: Communications link failure

The last packet sent successfully to the server was 0 milliseconds ago. The driver has not received any packets from the server.
	at jdk.internal.reflect.NativeConstructorAccessorImpl.newInstance0(Native Method) ~[?:?]
	at jdk.internal.reflect.NativeConstructorAccessorImpl.newInstance(NativeConstructorAccessorImpl.java:77) ~[?:?]
	at jdk.internal.reflect.DelegatingConstructorAccessorImpl.newInstance(DelegatingConstructorAccessorImpl.java:45) ~[?:?]
	at java.lang.reflect.Constructor.newInstanceWithCaller(Constructor.java:499) ~[?:?]
	at java.lang.reflect.Constructor.newInstance(Constructor.java:480) ~[?:?]
	at com.mysql.cj.exceptions.ExceptionFactory.createException(ExceptionFactory.java:61) ~[mysql-connector-java-8.0.30.jar:8.0.30]
	at com.mysql.cj.exceptions.ExceptionFactory.createException(ExceptionFactory.java:105) ~[mysql-connector-java-8.0.30.jar:8.0.30]
	at com.mysql.cj.exceptions.ExceptionFactory.createException(ExceptionFactory.java:151) ~[mysql-connector-java-8.0.30.jar:8.0.30]
	at com.mysql.cj.exceptions.ExceptionFactory.createCommunicationsException(ExceptionFactory.java:167) ~[mysql-connector-java-8.0.30.jar:8.0.30]
	at com.mysql.cj.protocol.a.NativeSocketConnection.connect(NativeSocketConnection.java:89) ~[mysql-connector-java-8.0.30.jar:8.0.30]
	at com.mysql.cj.NativeSession.connect(NativeSession.java:120) ~[mysql-connector-java-8.0.30.jar:8.0.30]
	at com.mysql.cj.jdbc.ConnectionImpl.connectOneTryOnly(ConnectionImpl.java:948) ~[mysql-connector-java-8.0.30.jar:8.0.30]
	at com.mysql.cj.jdbc.ConnectionImpl.createNewIO(ConnectionImpl.java:818) ~[mysql-connector-java-8.0.30.jar:8.0.30]
	... 11 more
Caused by: java.net.UnknownHostException: db
	at java.net.InetAddress$CachedAddresses.get(InetAddress.java:801) ~[?:?]
	at java.net.InetAddress.getAllByName0(InetAddress.java:1509) ~[?:?]
	at java.net.InetAddress.getAllByName(InetAddress.java:1367) ~[?:?]
	at java.net.InetAddress.getAllByName(InetAddress.java:1301) ~[?:?]
	at com.mysql.cj.protocol.StandardSocketFactory.connect(StandardSocketFactory.java:130) ~[mysql-connector-java-8.0.30.jar:8.0.30]
	at com.mysql.cj.protocol.a.NativeSocketConnection.connect(NativeSocketConnection.java:63) ~[mysql-connector-java-8.0.30.jar:8.0.30]
	at com.mysql.cj.NativeSession.connect(NativeSession.java:120) ~[mysql-connector-java-8.0.30.jar:8.0.30]
	at com.mysql.cj.jdbc.ConnectionImpl.connectOneTryOnly(ConnectionImpl.java:948) ~[mysql-connector-java-8.0.30.jar:8.0.30]
	at com.mysql.cj.jdbc.ConnectionImpl.createNewIO(ConnectionImpl.java:818) ~[mysql-connector-java-8.0.30.jar:8.0.30]
	... 11 more
2026-08-12 17:22:31 DEBUG BasicResourcePool:1831 - An exception occurred while acquiring a poolable resource. Will retry.
com.mysql.cj.jdbc.exceptions.CommunicationsException: Communications link failure

The last packet sent successfully to the server was 0 milliseconds ago. The driver has not received any packets from the server.
	at com.mysql.cj.jdbc.exceptions.SQLError.createCommunicationsException(SQLError.java:174) ~[mysql-connector-java-8.0.30.jar:8.0.30]
	at com.mysql.cj.jdbc.exceptions.SQLExceptionsMapping.translateException(SQLExceptionsMapping.java:64) ~[mysql-connector-java-8.0.30.jar:8.0.30]
	at com.mysql.cj.jdbc.ConnectionImpl.createNewIO(ConnectionImpl.java:828) ~[mysql-connector-java-8.0.30.jar:8.0.30]
	at com.mysql.cj.jdbc.ConnectionImpl.<init>(ConnectionImpl.java:448) ~[mysql-connector-java-8.0.30.jar:8.0.30]
	at com.mysql.cj.jdbc.ConnectionImpl.getInstance(ConnectionImpl.java:241) ~[mysql-connector-java-8.0.30.jar:8.0.30]
	at com.mysql.cj.jdbc.NonRegisteringDriver.connect(NonRegisteringDriver.java:198) ~[mysql-connector-java-8.0.30.jar:8.0.30]
	at com.mchange.v2.c3p0.DriverManagerDataSource.getConnection(DriverManagerDataSource.java:134) ~[c3p0-0.9.1.2.jar:0.9.1.2]
	at com.mchange.v2.c3p0.WrapperConnectionPoolDataSource.getPooledConnection(WrapperConnectionPoolDataSource.java:182) ~[c3p0-0.9.1.2.jar:0.9.1.2]
	at com.mchange.v2.c3p0.WrapperConnectionPoolDataSource.getPooledConnection(WrapperConnectionPoolDataSource.java:171) ~[c3p0-0.9.1.2.jar:0.9.1.2]
	at com.mchange.v2.c3p0.impl.C3P0PooledConnectionPool$1PooledConnectionResourcePoolManager.acquireResource(C3P0PooledConnectionPool.java:137) ~[c3p0-0.9.1.2.jar:0.9.1.2]
	at com.mchange.v2.resourcepool.BasicResourcePool.doAcquire(BasicResourcePool.java:1014) ~[c3p0-0.9.1.2.jar:0.9.1.2]
	at com.mchange.v2.resourcepool.BasicResourcePool.access$800(BasicResourcePool.java:32) ~[c3p0-0.9.1.2.jar:0.9.1.2]
	at com.mchange.v2.resourcepool.BasicResourcePool$AcquireTask.run(BasicResourcePool.java:1810) [c3p0-0.9.1.2.jar:0.9.1.2]
	at com.mchange.v2.async.ThreadPoolAsynchronousRunner$PoolThread.run(ThreadPoolAsynchronousRunner.java:547) [c3p0-0.9.1.2.jar:0.9.1.2]
Caused by: com.mysql.cj.exceptions.CJCommunicationsException: Communications link failure

The last packet sent successfully to the server was 0 milliseconds ago. The driver has not received any packets from the server.
	at jdk.internal.reflect.NativeConstructorAccessorImpl.newInstance0(Native Method) ~[?:?]
	at jdk.internal.reflect.NativeConstructorAccessorImpl.newInstance(NativeConstructorAccessorImpl.java:77) ~[?:?]
	at jdk.internal.reflect.DelegatingConstructorAccessorImpl.newInstance(DelegatingConstructorAccessorImpl.java:45) ~[?:?]
	at java.lang.reflect.Constructor.newInstanceWithCaller(Constructor.java:499) ~[?:?]
	at java.lang.reflect.Constructor.newInstance(Constructor.java:480) ~[?:?]
	at com.mysql.cj.exceptions.ExceptionFactory.createException(ExceptionFactory.java:61) ~[mysql-connector-java-8.0.30.jar:8.0.30]
	at com.mysql.cj.exceptions.ExceptionFactory.createException(ExceptionFactory.java:105) ~[mysql-connector-java-8.0.30.jar:8.0.30]
	at com.mysql.cj.exceptions.ExceptionFactory.createException(ExceptionFactory.java:151) ~[mysql-connector-java-8.0.30.jar:8.0.30]
	at com.mysql.cj.exceptions.ExceptionFactory.createCommunicationsException(ExceptionFactory.java:167) ~[mysql-connector-java-8.0.30.jar:8.0.30]
	at com.mysql.cj.protocol.a.NativeSocketConnection.connect(NativeSocketConnection.java:89) ~[mysql-connector-java-8.0.30.jar:8.0.30]
	at com.mysql.cj.NativeSession.connect(NativeSession.java:120) ~[mysql-connector-java-8.0.30.jar:8.0.30]
	at com.mysql.cj.jdbc.ConnectionImpl.connectOneTryOnly(ConnectionImpl.java:948) ~[mysql-connector-java-8.0.30.jar:8.0.30]
	at com.mysql.cj.jdbc.ConnectionImpl.createNewIO(ConnectionImpl.java:818) ~[mysql-connector-java-8.0.30.jar:8.0.30]
	... 11 more
Caused by: java.net.UnknownHostException: db
	at java.net.InetAddress$CachedAddresses.get(InetAddress.java:801) ~[?:?]
	at java.net.InetAddress.getAllByName0(InetAddress.java:1509) ~[?:?]
	at java.net.InetAddress.getAllByName(InetAddress.java:1367) ~[?:?]
	at java.net.InetAddress.getAllByName(InetAddress.java:1301) ~[?:?]
	at com.mysql.cj.protocol.StandardSocketFactory.connect(StandardSocketFactory.java:130) ~[mysql-connector-java-8.0.30.jar:8.0.30]
	at com.mysql.cj.protocol.a.NativeSocketConnection.connect(NativeSocketConnection.java:63) ~[mysql-connector-java-8.0.30.jar:8.0.30]
	at com.mysql.cj.NativeSession.connect(NativeSession.java:120) ~[mysql-connector-java-8.0.30.jar:8.0.30]
	at com.mysql.cj.jdbc.ConnectionImpl.connectOneTryOnly(ConnectionImpl.java:948) ~[mysql-connector-java-8.0.30.jar:8.0.30]
	at com.mysql.cj.jdbc.ConnectionImpl.createNewIO(ConnectionImpl.java:818) ~[mysql-connector-java-8.0.30.jar:8.0.30]
	... 11 more
2026-08-12 17:22:32 DEBUG BasicResourcePool:1831 - An exception occurred while acquiring a poolable resource. Will retry.
com.mysql.cj.jdbc.exceptions.CommunicationsException: Communications link failure

The last packet sent successfully to the server was 0 milliseconds ago. The driver has not received any packets from the server.
	at com.mysql.cj.jdbc.exceptions.SQLError.createCommunicationsException(SQLError.java:174) ~[mysql-connector-java-8.0.30.jar:8.0.30]
	at com.mysql.cj.jdbc.exceptions.SQLExceptionsMapping.translateException(SQLExceptionsMapping.java:64) ~[mysql-connector-java-8.0.30.jar:8.0.30]
	at com.mysql.cj.jdbc.ConnectionImpl.createNewIO(ConnectionImpl.java:828) ~[mysql-connector-java-8.0.30.jar:8.0.30]
	at com.mysql.cj.jdbc.ConnectionImpl.<init>(ConnectionImpl.java:448) ~[mysql-connector-java-8.0.30.jar:8.0.30]
	at com.mysql.cj.jdbc.ConnectionImpl.getInstance(ConnectionImpl.java:241) ~[mysql-connector-java-8.0.30.jar:8.0.30]
	at com.mysql.cj.jdbc.NonRegisteringDriver.connect(NonRegisteringDriver.java:198) ~[mysql-connector-java-8.0.30.jar:8.0.30]
	at com.mchange.v2.c3p0.DriverManagerDataSource.getConnection(DriverManagerDataSource.java:134) ~[c3p0-0.9.1.2.jar:0.9.1.2]
	at com.mchange.v2.c3p0.WrapperConnectionPoolDataSource.getPooledConnection(WrapperConnectionPoolDataSource.java:182) ~[c3p0-0.9.1.2.jar:0.9.1.2]
	at com.mchange.v2.c3p0.WrapperConnectionPoolDataSource.getPooledConnection(WrapperConnectionPoolDataSource.java:171) ~[c3p0-0.9.1.2.jar:0.9.1.2]
	at com.mchange.v2.c3p0.impl.C3P0PooledConnectionPool$1PooledConnectionResourcePoolManager.acquireResource(C3P0PooledConnectionPool.java:137) ~[c3p0-0.9.1.2.jar:0.9.1.2]
	at com.mchange.v2.resourcepool.BasicResourcePool.doAcquire(BasicResourcePool.java:1014) ~[c3p0-0.9.1.2.jar:0.9.1.2]
	at com.mchange.v2.resourcepool.BasicResourcePool.access$800(BasicResourcePool.java:32) ~[c3p0-0.9.1.2.jar:0.9.1.2]
	at com.mchange.v2.resourcepool.BasicResourcePool$AcquireTask.run(BasicResourcePool.java:1810) [c3p0-0.9.1.2.jar:0.9.1.2]
	at com.mchange.v2.async.ThreadPoolAsynchronousRunner$PoolThread.run(ThreadPoolAsynchronousRunner.java:547) [c3p0-0.9.1.2.jar:0.9.1.2]
Caused by: com.mysql.cj.exceptions.CJCommunicationsException: Communications link failure

The last packet sent successfully to the server was 0 milliseconds ago. The driver has not received any packets from the server.
	at jdk.internal.reflect.NativeConstructorAccessorImpl.newInstance0(Native Method) ~[?:?]
	at jdk.internal.reflect.NativeConstructorAccessorImpl.newInstance(NativeConstructorAccessorImpl.java:77) ~[?:?]
	at jdk.internal.reflect.DelegatingConstructorAccessorImpl.newInstance(DelegatingConstructorAccessorImpl.java:45) ~[?:?]
	at java.lang.reflect.Constructor.newInstanceWithCaller(Constructor.java:499) ~[?:?]
	at java.lang.reflect.Constructor.newInstance(Constructor.java:480) ~[?:?]
	at com.mysql.cj.exceptions.ExceptionFactory.createException(ExceptionFactory.java:61) ~[mysql-connector-java-8.0.30.jar:8.0.30]
	at com.mysql.cj.exceptions.ExceptionFactory.createException(ExceptionFactory.java:105) ~[mysql-connector-java-8.0.30.jar:8.0.30]
	at com.mysql.cj.exceptions.ExceptionFactory.createException(ExceptionFactory.java:151) ~[mysql-connector-java-8.0.30.jar:8.0.30]
	at com.mysql.cj.exceptions.ExceptionFactory.createCommunicationsException(ExceptionFactory.java:167) ~[mysql-connector-java-8.0.30.jar:8.0.30]
	at com.mysql.cj.protocol.a.NativeSocketConnection.connect(NativeSocketConnection.java:89) ~[mysql-connector-java-8.0.30.jar:8.0.30]
	at com.mysql.cj.NativeSession.connect(NativeSession.java:120) ~[mysql-connector-java-8.0.30.jar:8.0.30]
	at com.mysql.cj.jdbc.ConnectionImpl.connectOneTryOnly(ConnectionImpl.java:948) ~[mysql-connector-java-8.0.30.jar:8.0.30]
	at com.mysql.cj.jdbc.ConnectionImpl.createNewIO(ConnectionImpl.java:818) ~[mysql-connector-java-8.0.30.jar:8.0.30]
	... 11 more
Caused by: java.net.UnknownHostException: db
	at java.net.InetAddress$CachedAddresses.get(InetAddress.java:801) ~[?:?]
	at java.net.InetAddress.getAllByName0(InetAddress.java:1509) ~[?:?]
	at java.net.InetAddress.getAllByName(InetAddress.java:1367) ~[?:?]
	at java.net.InetAddress.getAllByName(InetAddress.java:1301) ~[?:?]
	at com.mysql.cj.protocol.StandardSocketFactory.connect(StandardSocketFactory.java:130) ~[mysql-connector-java-8.0.30.jar:8.0.30]
	at com.mysql.cj.protocol.a.NativeSocketConnection.connect(NativeSocketConnection.java:63) ~[mysql-connector-java-8.0.30.jar:8.0.30]
	at com.mysql.cj.NativeSession.connect(NativeSession.java:120) ~[mysql-connector-java-8.0.30.jar:8.0.30]
	at com.mysql.cj.jdbc.ConnectionImpl.connectOneTryOnly(ConnectionImpl.java:948) ~[mysql-connector-java-8.0.30.jar:8.0.30]
	at com.mysql.cj.jdbc.ConnectionImpl.createNewIO(ConnectionImpl.java:818) ~[mysql-connector-java-8.0.30.jar:8.0.30]
	... 11 more
2026-08-12 17:22:33 DEBUG BasicResourcePool:1831 - An exception occurred while acquiring a poolable resource. Will retry.
com.mysql.cj.jdbc.exceptions.CommunicationsException: Communications link failure

The last packet sent successfully to the server was 0 milliseconds ago. The driver has not received any packets from the server.
	at com.mysql.cj.jdbc.exceptions.SQLError.createCommunicationsException(SQLError.java:174) ~[mysql-connector-java-8.0.30.jar:8.0.30]
	at com.mysql.cj.jdbc.exceptions.SQLExceptionsMapping.translateException(SQLExceptionsMapping.java:64) ~[mysql-connector-java-8.0.30.jar:8.0.30]
	at com.mysql.cj.jdbc.ConnectionImpl.createNewIO(ConnectionImpl.java:828) ~[mysql-connector-java-8.0.30.jar:8.0.30]
	at com.mysql.cj.jdbc.ConnectionImpl.<init>(ConnectionImpl.java:448) ~[mysql-connector-java-8.0.30.jar:8.0.30]
	at com.mysql.cj.jdbc.ConnectionImpl.getInstance(ConnectionImpl.java:241) ~[mysql-connector-java-8.0.30.jar:8.0.30]
	at com.mysql.cj.jdbc.NonRegisteringDriver.connect(NonRegisteringDriver.java:198) ~[mysql-connector-java-8.0.30.jar:8.0.30]
	at com.mchange.v2.c3p0.DriverManagerDataSource.getConnection(DriverManagerDataSource.java:134) ~[c3p0-0.9.1.2.jar:0.9.1.2]
	at com.mchange.v2.c3p0.WrapperConnectionPoolDataSource.getPooledConnection(WrapperConnectionPoolDataSource.java:182) ~[c3p0-0.9.1.2.jar:0.9.1.2]
	at com.mchange.v2.c3p0.WrapperConnectionPoolDataSource.getPooledConnection(WrapperConnectionPoolDataSource.java:171) ~[c3p0-0.9.1.2.jar:0.9.1.2]
	at com.mchange.v2.c3p0.impl.C3P0PooledConnectionPool$1PooledConnectionResourcePoolManager.acquireResource(C3P0PooledConnectionPool.java:137) ~[c3p0-0.9.1.2.jar:0.9.1.2]
	at com.mchange.v2.resourcepool.BasicResourcePool.doAcquire(BasicResourcePool.java:1014) ~[c3p0-0.9.1.2.jar:0.9.1.2]
	at com.mchange.v2.resourcepool.BasicResourcePool.access$800(BasicResourcePool.java:32) ~[c3p0-0.9.1.2.jar:0.9.1.2]
	at com.mchange.v2.resourcepool.BasicResourcePool$AcquireTask.run(BasicResourcePool.java:1810) [c3p0-0.9.1.2.jar:0.9.1.2]
	at com.mchange.v2.async.ThreadPoolAsynchronousRunner$PoolThread.run(ThreadPoolAsynchronousRunner.java:547) [c3p0-0.9.1.2.jar:0.9.1.2]
Caused by: com.mysql.cj.exceptions.CJCommunicationsException: Communications link failure

The last packet sent successfully to the server was 0 milliseconds ago. The driver has not received any packets from the server.
	at jdk.internal.reflect.NativeConstructorAccessorImpl.newInstance0(Native Method) ~[?:?]
	at jdk.internal.reflect.NativeConstructorAccessorImpl.newInstance(NativeConstructorAccessorImpl.java:77) ~[?:?]
	at jdk.internal.reflect.DelegatingConstructorAccessorImpl.newInstance(DelegatingConstructorAccessorImpl.java:45) ~[?:?]
	at java.lang.reflect.Constructor.newInstanceWithCaller(Constructor.java:499) ~[?:?]
	at java.lang.reflect.Constructor.newInstance(Constructor.java:480) ~[?:?]
	at com.mysql.cj.exceptions.ExceptionFactory.createException(ExceptionFactory.java:61) ~[mysql-connector-java-8.0.30.jar:8.0.30]
	at com.mysql.cj.exceptions.ExceptionFactory.createException(ExceptionFactory.java:105) ~[mysql-connector-java-8.0.30.jar:8.0.30]
	at com.mysql.cj.exceptions.ExceptionFactory.createException(ExceptionFactory.java:151) ~[mysql-connector-java-8.0.30.jar:8.0.30]
	at com.mysql.cj.exceptions.ExceptionFactory.createCommunicationsException(ExceptionFactory.java:167) ~[mysql-connector-java-8.0.30.jar:8.0.30]
	at com.mysql.cj.protocol.a.NativeSocketConnection.connect(NativeSocketConnection.java:89) ~[mysql-connector-java-8.0.30.jar:8.0.30]
	at com.mysql.cj.NativeSession.connect(NativeSession.java:120) ~[mysql-connector-java-8.0.30.jar:8.0.30]
	at com.mysql.cj.jdbc.ConnectionImpl.connectOneTryOnly(ConnectionImpl.java:948) ~[mysql-connector-java-8.0.30.jar:8.0.30]
	at com.mysql.cj.jdbc.ConnectionImpl.createNewIO(ConnectionImpl.java:818) ~[mysql-connector-java-8.0.30.jar:8.0.30]
	... 11 more
Caused by: java.net.UnknownHostException: db
	at java.net.InetAddress$CachedAddresses.get(InetAddress.java:801) ~[?:?]
	at java.net.InetAddress.getAllByName0(InetAddress.java:1509) ~[?:?]
	at java.net.InetAddress.getAllByName(InetAddress.java:1367) ~[?:?]
	at java.net.InetAddress.getAllByName(InetAddress.java:1301) ~[?:?]
	at com.mysql.cj.protocol.StandardSocketFactory.connect(StandardSocketFactory.java:130) ~[mysql-connector-java-8.0.30.jar:8.0.30]
	at com.mysql.cj.protocol.a.NativeSocketConnection.connect(NativeSocketConnection.java:63) ~[mysql-connector-java-8.0.30.jar:8.0.30]
	at com.mysql.cj.NativeSession.connect(NativeSession.java:120) ~[mysql-connector-java-8.0.30.jar:8.0.30]
	at com.mysql.cj.jdbc.ConnectionImpl.connectOneTryOnly(ConnectionImpl.java:948) ~[mysql-connector-java-8.0.30.jar:8.0.30]
	at com.mysql.cj.jdbc.ConnectionImpl.createNewIO(ConnectionImpl.java:818) ~[mysql-connector-java-8.0.30.jar:8.0.30]
	... 11 more
2026-08-12 17:22:33 DEBUG BasicResourcePool:1831 - An exception occurred while acquiring a poolable resource. Will retry.
com.mysql.cj.jdbc.exceptions.CommunicationsException: Communications link failure

The last packet sent successfully to the server was 0 milliseconds ago. The driver has not received any packets from the server.
	at com.mysql.cj.jdbc.exceptions.SQLError.createCommunicationsException(SQLError.java:174) ~[mysql-connector-java-8.0.30.jar:8.0.30]
	at com.mysql.cj.jdbc.exceptions.SQLExceptionsMapping.translateException(SQLExceptionsMapping.java:64) ~[mysql-connector-java-8.0.30.jar:8.0.30]
	at com.mysql.cj.jdbc.ConnectionImpl.createNewIO(ConnectionImpl.java:828) ~[mysql-connector-java-8.0.30.jar:8.0.30]
	at com.mysql.cj.jdbc.ConnectionImpl.<init>(ConnectionImpl.java:448) ~[mysql-connector-java-8.0.30.jar:8.0.30]
	at com.mysql.cj.jdbc.ConnectionImpl.getInstance(ConnectionImpl.java:241) ~[mysql-connector-java-8.0.30.jar:8.0.30]
	at com.mysql.cj.jdbc.NonRegisteringDriver.connect(NonRegisteringDriver.java:198) ~[mysql-connector-java-8.0.30.jar:8.0.30]
	at com.mchange.v2.c3p0.DriverManagerDataSource.getConnection(DriverManagerDataSource.java:134) ~[c3p0-0.9.1.2.jar:0.9.1.2]
	at com.mchange.v2.c3p0.WrapperConnectionPoolDataSource.getPooledConnection(WrapperConnectionPoolDataSource.java:182) ~[c3p0-0.9.1.2.jar:0.9.1.2]
	at com.mchange.v2.c3p0.WrapperConnectionPoolDataSource.getPooledConnection(WrapperConnectionPoolDataSource.java:171) ~[c3p0-0.9.1.2.jar:0.9.1.2]
	at com.mchange.v2.c3p0.impl.C3P0PooledConnectionPool$1PooledConnectionResourcePoolManager.acquireResource(C3P0PooledConnectionPool.java:137) ~[c3p0-0.9.1.2.jar:0.9.1.2]
	at com.mchange.v2.resourcepool.BasicResourcePool.doAcquire(BasicResourcePool.java:1014) ~[c3p0-0.9.1.2.jar:0.9.1.2]
	at com.mchange.v2.resourcepool.BasicResourcePool.access$800(BasicResourcePool.java:32) ~[c3p0-0.9.1.2.jar:0.9.1.2]
	at com.mchange.v2.resourcepool.BasicResourcePool$AcquireTask.run(BasicResourcePool.java:1810) [c3p0-0.9.1.2.jar:0.9.1.2]
	at com.mchange.v2.async.ThreadPoolAsynchronousRunner$PoolThread.run(ThreadPoolAsynchronousRunner.java:547) [c3p0-0.9.1.2.jar:0.9.1.2]
Caused by: com.mysql.cj.exceptions.CJCommunicationsException: Communications link failure

The last packet sent successfully to the server was 0 milliseconds ago. The driver has not received any packets from the server.
	at jdk.internal.reflect.NativeConstructorAccessorImpl.newInstance0(Native Method) ~[?:?]
	at jdk.internal.reflect.NativeConstructorAccessorImpl.newInstance(NativeConstructorAccessorImpl.java:77) ~[?:?]
	at jdk.internal.reflect.DelegatingConstructorAccessorImpl.newInstance(DelegatingConstructorAccessorImpl.java:45) ~[?:?]
	at java.lang.reflect.Constructor.newInstanceWithCaller(Constructor.java:499) ~[?:?]
	at java.lang.reflect.Constructor.newInstance(Constructor.java:480) ~[?:?]
	at com.mysql.cj.exceptions.ExceptionFactory.createException(ExceptionFactory.java:61) ~[mysql-connector-java-8.0.30.jar:8.0.30]
	at com.mysql.cj.exceptions.ExceptionFactory.createException(ExceptionFactory.java:105) ~[mysql-connector-java-8.0.30.jar:8.0.30]
	at com.mysql.cj.exceptions.ExceptionFactory.createException(ExceptionFactory.java:151) ~[mysql-connector-java-8.0.30.jar:8.0.30]
	at com.mysql.cj.exceptions.ExceptionFactory.createCommunicationsException(ExceptionFactory.java:167) ~[mysql-connector-java-8.0.30.jar:8.0.30]
	at com.mysql.cj.protocol.a.NativeSocketConnection.connect(NativeSocketConnection.java:89) ~[mysql-connector-java-8.0.30.jar:8.0.30]
	at com.mysql.cj.NativeSession.connect(NativeSession.java:120) ~[mysql-connector-java-8.0.30.jar:8.0.30]
	at com.mysql.cj.jdbc.ConnectionImpl.connectOneTryOnly(ConnectionImpl.java:948) ~[mysql-connector-java-8.0.30.jar:8.0.30]
	at com.mysql.cj.jdbc.ConnectionImpl.createNewIO(ConnectionImpl.java:818) ~[mysql-connector-java-8.0.30.jar:8.0.30]
	... 11 more
Caused by: java.net.UnknownHostException: db
	at java.net.InetAddress$CachedAddresses.get(InetAddress.java:801) ~[?:?]
	at java.net.InetAddress.getAllByName0(InetAddress.java:1509) ~[?:?]
	at java.net.InetAddress.getAllByName(InetAddress.java:1367) ~[?:?]
	at java.net.InetAddress.getAllByName(InetAddress.java:1301) ~[?:?]
	at com.mysql.cj.protocol.StandardSocketFactory.connect(StandardSocketFactory.java:130) ~[mysql-connector-java-8.0.30.jar:8.0.30]
	at com.mysql.cj.protocol.a.NativeSocketConnection.connect(NativeSocketConnection.java:63) ~[mysql-connector-java-8.0.30.jar:8.0.30]
	at com.mysql.cj.NativeSession.connect(NativeSession.java:120) ~[mysql-connector-java-8.0.30.jar:8.0.30]
	at com.mysql.cj.jdbc.ConnectionImpl.connectOneTryOnly(ConnectionImpl.java:948) ~[mysql-connector-java-8.0.30.jar:8.0.30]
	at com.mysql.cj.jdbc.ConnectionImpl.createNewIO(ConnectionImpl.java:818) ~[mysql-connector-java-8.0.30.jar:8.0.30]
	... 11 more
2026-08-12 17:22:34 DEBUG BasicResourcePool:1831 - An exception occurred while acquiring a poolable resource. Will retry.
com.mysql.cj.jdbc.exceptions.CommunicationsException: Communications link failure

The last packet sent successfully to the server was 0 milliseconds ago. The driver has not received any packets from the server.
	at com.mysql.cj.jdbc.exceptions.SQLError.createCommunicationsException(SQLError.java:174) ~[mysql-connector-java-8.0.30.jar:8.0.30]
	at com.mysql.cj.jdbc.exceptions.SQLExceptionsMapping.translateException(SQLExceptionsMapping.java:64) ~[mysql-connector-java-8.0.30.jar:8.0.30]
	at com.mysql.cj.jdbc.ConnectionImpl.createNewIO(ConnectionImpl.java:828) ~[mysql-connector-java-8.0.30.jar:8.0.30]
	at com.mysql.cj.jdbc.ConnectionImpl.<init>(ConnectionImpl.java:448) ~[mysql-connector-java-8.0.30.jar:8.0.30]
	at com.mysql.cj.jdbc.ConnectionImpl.getInstance(ConnectionImpl.java:241) ~[mysql-connector-java-8.0.30.jar:8.0.30]
	at com.mysql.cj.jdbc.NonRegisteringDriver.connect(NonRegisteringDriver.java:198) ~[mysql-connector-java-8.0.30.jar:8.0.30]
	at com.mchange.v2.c3p0.DriverManagerDataSource.getConnection(DriverManagerDataSource.java:134) ~[c3p0-0.9.1.2.jar:0.9.1.2]
	at com.mchange.v2.c3p0.WrapperConnectionPoolDataSource.getPooledConnection(WrapperConnectionPoolDataSource.java:182) ~[c3p0-0.9.1.2.jar:0.9.1.2]
	at com.mchange.v2.c3p0.WrapperConnectionPoolDataSource.getPooledConnection(WrapperConnectionPoolDataSource.java:171) ~[c3p0-0.9.1.2.jar:0.9.1.2]
	at com.mchange.v2.c3p0.impl.C3P0PooledConnectionPool$1PooledConnectionResourcePoolManager.acquireResource(C3P0PooledConnectionPool.java:137) ~[c3p0-0.9.1.2.jar:0.9.1.2]
	at com.mchange.v2.resourcepool.BasicResourcePool.doAcquire(BasicResourcePool.java:1014) ~[c3p0-0.9.1.2.jar:0.9.1.2]
	at com.mchange.v2.resourcepool.BasicResourcePool.access$800(BasicResourcePool.java:32) ~[c3p0-0.9.1.2.jar:0.9.1.2]
	at com.mchange.v2.resourcepool.BasicResourcePool$AcquireTask.run(BasicResourcePool.java:1810) [c3p0-0.9.1.2.jar:0.9.1.2]
	at com.mchange.v2.async.ThreadPoolAsynchronousRunner$PoolThread.run(ThreadPoolAsynchronousRunner.java:547) [c3p0-0.9.1.2.jar:0.9.1.2]
Caused by: com.mysql.cj.exceptions.CJCommunicationsException: Communications link failure

The last packet sent successfully to the server was 0 milliseconds ago. The driver has not received any packets from the server.
	at jdk.internal.reflect.NativeConstructorAccessorImpl.newInstance0(Native Method) ~[?:?]
	at jdk.internal.reflect.NativeConstructorAccessorImpl.newInstance(NativeConstructorAccessorImpl.java:77) ~[?:?]
	at jdk.internal.reflect.DelegatingConstructorAccessorImpl.newInstance(DelegatingConstructorAccessorImpl.java:45) ~[?:?]
	at java.lang.reflect.Constructor.newInstanceWithCaller(Constructor.java:499) ~[?:?]
	at java.lang.reflect.Constructor.newInstance(Constructor.java:480) ~[?:?]
	at com.mysql.cj.exceptions.ExceptionFactory.createException(ExceptionFactory.java:61) ~[mysql-connector-java-8.0.30.jar:8.0.30]
	at com.mysql.cj.exceptions.ExceptionFactory.createException(ExceptionFactory.java:105) ~[mysql-connector-java-8.0.30.jar:8.0.30]
	at com.mysql.cj.exceptions.ExceptionFactory.createException(ExceptionFactory.java:151) ~[mysql-connector-java-8.0.30.jar:8.0.30]
	at com.mysql.cj.exceptions.ExceptionFactory.createCommunicationsException(ExceptionFactory.java:167) ~[mysql-connector-java-8.0.30.jar:8.0.30]
	at com.mysql.cj.protocol.a.NativeSocketConnection.connect(NativeSocketConnection.java:89) ~[mysql-connector-java-8.0.30.jar:8.0.30]
	at com.mysql.cj.NativeSession.connect(NativeSession.java:120) ~[mysql-connector-java-8.0.30.jar:8.0.30]
	at com.mysql.cj.jdbc.ConnectionImpl.connectOneTryOnly(ConnectionImpl.java:948) ~[mysql-connector-java-8.0.30.jar:8.0.30]
	at com.mysql.cj.jdbc.ConnectionImpl.createNewIO(ConnectionImpl.java:818) ~[mysql-connector-java-8.0.30.jar:8.0.30]
	... 11 more
Caused by: java.net.UnknownHostException: db
	at java.net.InetAddress$CachedAddresses.get(InetAddress.java:801) ~[?:?]
	at java.net.InetAddress.getAllByName0(InetAddress.java:1509) ~[?:?]
	at java.net.InetAddress.getAllByName(InetAddress.java:1367) ~[?:?]
	at java.net.InetAddress.getAllByName(InetAddress.java:1301) ~[?:?]
	at com.mysql.cj.protocol.StandardSocketFactory.connect(StandardSocketFactory.java:130) ~[mysql-connector-java-8.0.30.jar:8.0.30]
	at com.mysql.cj.protocol.a.NativeSocketConnection.connect(NativeSocketConnection.java:63) ~[mysql-connector-java-8.0.30.jar:8.0.30]
	at com.mysql.cj.NativeSession.connect(NativeSession.java:120) ~[mysql-connector-java-8.0.30.jar:8.0.30]
	at com.mysql.cj.jdbc.ConnectionImpl.connectOneTryOnly(ConnectionImpl.java:948) ~[mysql-connector-java-8.0.30.jar:8.0.30]
	at com.mysql.cj.jdbc.ConnectionImpl.createNewIO(ConnectionImpl.java:818) ~[mysql-connector-java-8.0.30.jar:8.0.30]
	... 11 more
2026-08-12 17:22:34 DEBUG BasicResourcePool:1935 - Checking for expired resources - Wed Aug 12 17:22:34 IST 2026 [com.mchange.v2.resourcepool.BasicResourcePool@553294b6]
2026-08-12 17:22:34 DEBUG BasicResourcePool:1447 - BEGIN check for expired resources.  [com.mchange.v2.resourcepool.BasicResourcePool@553294b6]
2026-08-12 17:22:34 DEBUG BasicResourcePool:1468 - FINISHED check for expired resources.  [com.mchange.v2.resourcepool.BasicResourcePool@553294b6]
2026-08-12 17:22:35 DEBUG BasicResourcePool:1831 - An exception occurred while acquiring a poolable resource. Will retry.
com.mysql.cj.jdbc.exceptions.CommunicationsException: Communications link failure

The last packet sent successfully to the server was 0 milliseconds ago. The driver has not received any packets from the server.
	at com.mysql.cj.jdbc.exceptions.SQLError.createCommunicationsException(SQLError.java:174) ~[mysql-connector-java-8.0.30.jar:8.0.30]
	at com.mysql.cj.jdbc.exceptions.SQLExceptionsMapping.translateException(SQLExceptionsMapping.java:64) ~[mysql-connector-java-8.0.30.jar:8.0.30]
	at com.mysql.cj.jdbc.ConnectionImpl.createNewIO(ConnectionImpl.java:828) ~[mysql-connector-java-8.0.30.jar:8.0.30]
	at com.mysql.cj.jdbc.ConnectionImpl.<init>(ConnectionImpl.java:448) ~[mysql-connector-java-8.0.30.jar:8.0.30]
	at com.mysql.cj.jdbc.ConnectionImpl.getInstance(ConnectionImpl.java:241) ~[mysql-connector-java-8.0.30.jar:8.0.30]
	at com.mysql.cj.jdbc.NonRegisteringDriver.connect(NonRegisteringDriver.java:198) ~[mysql-connector-java-8.0.30.jar:8.0.30]
	at com.mchange.v2.c3p0.DriverManagerDataSource.getConnection(DriverManagerDataSource.java:134) ~[c3p0-0.9.1.2.jar:0.9.1.2]
	at com.mchange.v2.c3p0.WrapperConnectionPoolDataSource.getPooledConnection(WrapperConnectionPoolDataSource.java:182) ~[c3p0-0.9.1.2.jar:0.9.1.2]
	at com.mchange.v2.c3p0.WrapperConnectionPoolDataSource.getPooledConnection(WrapperConnectionPoolDataSource.java:171) ~[c3p0-0.9.1.2.jar:0.9.1.2]
	at com.mchange.v2.c3p0.impl.C3P0PooledConnectionPool$1PooledConnectionResourcePoolManager.acquireResource(C3P0PooledConnectionPool.java:137) ~[c3p0-0.9.1.2.jar:0.9.1.2]
	at com.mchange.v2.resourcepool.BasicResourcePool.doAcquire(BasicResourcePool.java:1014) ~[c3p0-0.9.1.2.jar:0.9.1.2]
	at com.mchange.v2.resourcepool.BasicResourcePool.access$800(BasicResourcePool.java:32) ~[c3p0-0.9.1.2.jar:0.9.1.2]
	at com.mchange.v2.resourcepool.BasicResourcePool$AcquireTask.run(BasicResourcePool.java:1810) [c3p0-0.9.1.2.jar:0.9.1.2]
	at com.mchange.v2.async.ThreadPoolAsynchronousRunner$PoolThread.run(ThreadPoolAsynchronousRunner.java:547) [c3p0-0.9.1.2.jar:0.9.1.2]
Caused by: com.mysql.cj.exceptions.CJCommunicationsException: Communications link failure

The last packet sent successfully to the server was 0 milliseconds ago. The driver has not received any packets from the server.
	at jdk.internal.reflect.GeneratedConstructorAccessor20.newInstance(Unknown Source) ~[?:?]
	at jdk.internal.reflect.DelegatingConstructorAccessorImpl.newInstance(DelegatingConstructorAccessorImpl.java:45) ~[?:?]
	at java.lang.reflect.Constructor.newInstanceWithCaller(Constructor.java:499) ~[?:?]
	at java.lang.reflect.Constructor.newInstance(Constructor.java:480) ~[?:?]
	at com.mysql.cj.exceptions.ExceptionFactory.createException(ExceptionFactory.java:61) ~[mysql-connector-java-8.0.30.jar:8.0.30]
	at com.mysql.cj.exceptions.ExceptionFactory.createException(ExceptionFactory.java:105) ~[mysql-connector-java-8.0.30.jar:8.0.30]
	at com.mysql.cj.exceptions.ExceptionFactory.createException(ExceptionFactory.java:151) ~[mysql-connector-java-8.0.30.jar:8.0.30]
	at com.mysql.cj.exceptions.ExceptionFactory.createCommunicationsException(ExceptionFactory.java:167) ~[mysql-connector-java-8.0.30.jar:8.0.30]
	at com.mysql.cj.protocol.a.NativeSocketConnection.connect(NativeSocketConnection.java:89) ~[mysql-connector-java-8.0.30.jar:8.0.30]
	at com.mysql.cj.NativeSession.connect(NativeSession.java:120) ~[mysql-connector-java-8.0.30.jar:8.0.30]
	at com.mysql.cj.jdbc.ConnectionImpl.connectOneTryOnly(ConnectionImpl.java:948) ~[mysql-connector-java-8.0.30.jar:8.0.30]
	at com.mysql.cj.jdbc.ConnectionImpl.createNewIO(ConnectionImpl.java:818) ~[mysql-connector-java-8.0.30.jar:8.0.30]
	... 11 more
Caused by: java.net.UnknownHostException: db
	at java.net.InetAddress$CachedAddresses.get(InetAddress.java:801) ~[?:?]
	at java.net.InetAddress.getAllByName0(InetAddress.java:1509) ~[?:?]
	at java.net.InetAddress.getAllByName(InetAddress.java:1367) ~[?:?]
	at java.net.InetAddress.getAllByName(InetAddress.java:1301) ~[?:?]
	at com.mysql.cj.protocol.StandardSocketFactory.connect(StandardSocketFactory.java:130) ~[mysql-connector-java-8.0.30.jar:8.0.30]
	at com.mysql.cj.protocol.a.NativeSocketConnection.connect(NativeSocketConnection.java:63) ~[mysql-connector-java-8.0.30.jar:8.0.30]
	at com.mysql.cj.NativeSession.connect(NativeSession.java:120) ~[mysql-connector-java-8.0.30.jar:8.0.30]
	at com.mysql.cj.jdbc.ConnectionImpl.connectOneTryOnly(ConnectionImpl.java:948) ~[mysql-connector-java-8.0.30.jar:8.0.30]
	at com.mysql.cj.jdbc.ConnectionImpl.createNewIO(ConnectionImpl.java:818) ~[mysql-connector-java-8.0.30.jar:8.0.30]
	... 11 more
2026-08-12 17:22:35 DEBUG BasicResourcePool:1831 - An exception occurred while acquiring a poolable resource. Will retry.
com.mysql.cj.jdbc.exceptions.CommunicationsException: Communications link failure

The last packet sent successfully to the server was 0 milliseconds ago. The driver has not received any packets from the server.
	at com.mysql.cj.jdbc.exceptions.SQLError.createCommunicationsException(SQLError.java:174) ~[mysql-connector-java-8.0.30.jar:8.0.30]
	at com.mysql.cj.jdbc.exceptions.SQLExceptionsMapping.translateException(SQLExceptionsMapping.java:64) ~[mysql-connector-java-8.0.30.jar:8.0.30]
	at com.mysql.cj.jdbc.ConnectionImpl.createNewIO(ConnectionImpl.java:828) ~[mysql-connector-java-8.0.30.jar:8.0.30]
	at com.mysql.cj.jdbc.ConnectionImpl.<init>(ConnectionImpl.java:448) ~[mysql-connector-java-8.0.30.jar:8.0.30]
	at com.mysql.cj.jdbc.ConnectionImpl.getInstance(ConnectionImpl.java:241) ~[mysql-connector-java-8.0.30.jar:8.0.30]
	at com.mysql.cj.jdbc.NonRegisteringDriver.connect(NonRegisteringDriver.java:198) ~[mysql-connector-java-8.0.30.jar:8.0.30]
	at com.mchange.v2.c3p0.DriverManagerDataSource.getConnection(DriverManagerDataSource.java:134) ~[c3p0-0.9.1.2.jar:0.9.1.2]
	at com.mchange.v2.c3p0.WrapperConnectionPoolDataSource.getPooledConnection(WrapperConnectionPoolDataSource.java:182) ~[c3p0-0.9.1.2.jar:0.9.1.2]
	at com.mchange.v2.c3p0.WrapperConnectionPoolDataSource.getPooledConnection(WrapperConnectionPoolDataSource.java:171) ~[c3p0-0.9.1.2.jar:0.9.1.2]
	at com.mchange.v2.c3p0.impl.C3P0PooledConnectionPool$1PooledConnectionResourcePoolManager.acquireResource(C3P0PooledConnectionPool.java:137) ~[c3p0-0.9.1.2.jar:0.9.1.2]
	at com.mchange.v2.resourcepool.BasicResourcePool.doAcquire(BasicResourcePool.java:1014) ~[c3p0-0.9.1.2.jar:0.9.1.2]
	at com.mchange.v2.resourcepool.BasicResourcePool.access$800(BasicResourcePool.java:32) ~[c3p0-0.9.1.2.jar:0.9.1.2]
	at com.mchange.v2.resourcepool.BasicResourcePool$AcquireTask.run(BasicResourcePool.java:1810) [c3p0-0.9.1.2.jar:0.9.1.2]
	at com.mchange.v2.async.ThreadPoolAsynchronousRunner$PoolThread.run(ThreadPoolAsynchronousRunner.java:547) [c3p0-0.9.1.2.jar:0.9.1.2]
Caused by: com.mysql.cj.exceptions.CJCommunicationsException: Communications link failure

The last packet sent successfully to the server was 0 milliseconds ago. The driver has not received any packets from the server.
	at jdk.internal.reflect.GeneratedConstructorAccessor20.newInstance(Unknown Source) ~[?:?]
	at jdk.internal.reflect.DelegatingConstructorAccessorImpl.newInstance(DelegatingConstructorAccessorImpl.java:45) ~[?:?]
	at java.lang.reflect.Constructor.newInstanceWithCaller(Constructor.java:499) ~[?:?]
	at java.lang.reflect.Constructor.newInstance(Constructor.java:480) ~[?:?]
	at com.mysql.cj.exceptions.ExceptionFactory.createException(ExceptionFactory.java:61) ~[mysql-connector-java-8.0.30.jar:8.0.30]
	at com.mysql.cj.exceptions.ExceptionFactory.createException(ExceptionFactory.java:105) ~[mysql-connector-java-8.0.30.jar:8.0.30]
	at com.mysql.cj.exceptions.ExceptionFactory.createException(ExceptionFactory.java:151) ~[mysql-connector-java-8.0.30.jar:8.0.30]
	at com.mysql.cj.exceptions.ExceptionFactory.createCommunicationsException(ExceptionFactory.java:167) ~[mysql-connector-java-8.0.30.jar:8.0.30]
	at com.mysql.cj.protocol.a.NativeSocketConnection.connect(NativeSocketConnection.java:89) ~[mysql-connector-java-8.0.30.jar:8.0.30]
	at com.mysql.cj.NativeSession.connect(NativeSession.java:120) ~[mysql-connector-java-8.0.30.jar:8.0.30]
	at com.mysql.cj.jdbc.ConnectionImpl.connectOneTryOnly(ConnectionImpl.java:948) ~[mysql-connector-java-8.0.30.jar:8.0.30]
	at com.mysql.cj.jdbc.ConnectionImpl.createNewIO(ConnectionImpl.java:818) ~[mysql-connector-java-8.0.30.jar:8.0.30]
	... 11 more
Caused by: java.net.UnknownHostException: db
	at java.net.InetAddress$CachedAddresses.get(InetAddress.java:801) ~[?:?]
	at java.net.InetAddress.getAllByName0(InetAddress.java:1509) ~[?:?]
	at java.net.InetAddress.getAllByName(InetAddress.java:1367) ~[?:?]
	at java.net.InetAddress.getAllByName(InetAddress.java:1301) ~[?:?]
	at com.mysql.cj.protocol.StandardSocketFactory.connect(StandardSocketFactory.java:130) ~[mysql-connector-java-8.0.30.jar:8.0.30]
	at com.mysql.cj.protocol.a.NativeSocketConnection.connect(NativeSocketConnection.java:63) ~[mysql-connector-java-8.0.30.jar:8.0.30]
	at com.mysql.cj.NativeSession.connect(NativeSession.java:120) ~[mysql-connector-java-8.0.30.jar:8.0.30]
	at com.mysql.cj.jdbc.ConnectionImpl.connectOneTryOnly(ConnectionImpl.java:948) ~[mysql-connector-java-8.0.30.jar:8.0.30]
	at com.mysql.cj.jdbc.ConnectionImpl.createNewIO(ConnectionImpl.java:818) ~[mysql-connector-java-8.0.30.jar:8.0.30]
	... 11 more
2026-08-12 17:22:36 DEBUG BasicResourcePool:1831 - An exception occurred while acquiring a poolable resource. Will retry.
com.mysql.cj.jdbc.exceptions.CommunicationsException: Communications link failure

The last packet sent successfully to the server was 0 milliseconds ago. The driver has not received any packets from the server.
	at com.mysql.cj.jdbc.exceptions.SQLError.createCommunicationsException(SQLError.java:174) ~[mysql-connector-java-8.0.30.jar:8.0.30]
	at com.mysql.cj.jdbc.exceptions.SQLExceptionsMapping.translateException(SQLExceptionsMapping.java:64) ~[mysql-connector-java-8.0.30.jar:8.0.30]
	at com.mysql.cj.jdbc.ConnectionImpl.createNewIO(ConnectionImpl.java:828) ~[mysql-connector-java-8.0.30.jar:8.0.30]
	at com.mysql.cj.jdbc.ConnectionImpl.<init>(ConnectionImpl.java:448) ~[mysql-connector-java-8.0.30.jar:8.0.30]
	at com.mysql.cj.jdbc.ConnectionImpl.getInstance(ConnectionImpl.java:241) ~[mysql-connector-java-8.0.30.jar:8.0.30]
	at com.mysql.cj.jdbc.NonRegisteringDriver.connect(NonRegisteringDriver.java:198) ~[mysql-connector-java-8.0.30.jar:8.0.30]
	at com.mchange.v2.c3p0.DriverManagerDataSource.getConnection(DriverManagerDataSource.java:134) ~[c3p0-0.9.1.2.jar:0.9.1.2]
	at com.mchange.v2.c3p0.WrapperConnectionPoolDataSource.getPooledConnection(WrapperConnectionPoolDataSource.java:182) ~[c3p0-0.9.1.2.jar:0.9.1.2]
	at com.mchange.v2.c3p0.WrapperConnectionPoolDataSource.getPooledConnection(WrapperConnectionPoolDataSource.java:171) ~[c3p0-0.9.1.2.jar:0.9.1.2]
	at com.mchange.v2.c3p0.impl.C3P0PooledConnectionPool$1PooledConnectionResourcePoolManager.acquireResource(C3P0PooledConnectionPool.java:137) ~[c3p0-0.9.1.2.jar:0.9.1.2]
	at com.mchange.v2.resourcepool.BasicResourcePool.doAcquire(BasicResourcePool.java:1014) ~[c3p0-0.9.1.2.jar:0.9.1.2]
	at com.mchange.v2.resourcepool.BasicResourcePool.access$800(BasicResourcePool.java:32) ~[c3p0-0.9.1.2.jar:0.9.1.2]
	at com.mchange.v2.resourcepool.BasicResourcePool$AcquireTask.run(BasicResourcePool.java:1810) [c3p0-0.9.1.2.jar:0.9.1.2]
	at com.mchange.v2.async.ThreadPoolAsynchronousRunner$PoolThread.run(ThreadPoolAsynchronousRunner.java:547) [c3p0-0.9.1.2.jar:0.9.1.2]
Caused by: com.mysql.cj.exceptions.CJCommunicationsException: Communications link failure

The last packet sent successfully to the server was 0 milliseconds ago. The driver has not received any packets from the server.
	at jdk.internal.reflect.GeneratedConstructorAccessor20.newInstance(Unknown Source) ~[?:?]
	at jdk.internal.reflect.DelegatingConstructorAccessorImpl.newInstance(DelegatingConstructorAccessorImpl.java:45) ~[?:?]
	at java.lang.reflect.Constructor.newInstanceWithCaller(Constructor.java:499) ~[?:?]
	at java.lang.reflect.Constructor.newInstance(Constructor.java:480) ~[?:?]
	at com.mysql.cj.exceptions.ExceptionFactory.createException(ExceptionFactory.java:61) ~[mysql-connector-java-8.0.30.jar:8.0.30]
	at com.mysql.cj.exceptions.ExceptionFactory.createException(ExceptionFactory.java:105) ~[mysql-connector-java-8.0.30.jar:8.0.30]
	at com.mysql.cj.exceptions.ExceptionFactory.createException(ExceptionFactory.java:151) ~[mysql-connector-java-8.0.30.jar:8.0.30]
	at com.mysql.cj.exceptions.ExceptionFactory.createCommunicationsException(ExceptionFactory.java:167) ~[mysql-connector-java-8.0.30.jar:8.0.30]
	at com.mysql.cj.protocol.a.NativeSocketConnection.connect(NativeSocketConnection.java:89) ~[mysql-connector-java-8.0.30.jar:8.0.30]
	at com.mysql.cj.NativeSession.connect(NativeSession.java:120) ~[mysql-connector-java-8.0.30.jar:8.0.30]
	at com.mysql.cj.jdbc.ConnectionImpl.connectOneTryOnly(ConnectionImpl.java:948) ~[mysql-connector-java-8.0.30.jar:8.0.30]
	at com.mysql.cj.jdbc.ConnectionImpl.createNewIO(ConnectionImpl.java:818) ~[mysql-connector-java-8.0.30.jar:8.0.30]
	... 11 more
Caused by: java.net.UnknownHostException: db
	at java.net.InetAddress$CachedAddresses.get(InetAddress.java:801) ~[?:?]
	at java.net.InetAddress.getAllByName0(InetAddress.java:1509) ~[?:?]
	at java.net.InetAddress.getAllByName(InetAddress.java:1367) ~[?:?]
	at java.net.InetAddress.getAllByName(InetAddress.java:1301) ~[?:?]
	at com.mysql.cj.protocol.StandardSocketFactory.connect(StandardSocketFactory.java:130) ~[mysql-connector-java-8.0.30.jar:8.0.30]
	at com.mysql.cj.protocol.a.NativeSocketConnection.connect(NativeSocketConnection.java:63) ~[mysql-connector-java-8.0.30.jar:8.0.30]
	at com.mysql.cj.NativeSession.connect(NativeSession.java:120) ~[mysql-connector-java-8.0.30.jar:8.0.30]
	at com.mysql.cj.jdbc.ConnectionImpl.connectOneTryOnly(ConnectionImpl.java:948) ~[mysql-connector-java-8.0.30.jar:8.0.30]
	at com.mysql.cj.jdbc.ConnectionImpl.createNewIO(ConnectionImpl.java:818) ~[mysql-connector-java-8.0.30.jar:8.0.30]
	... 11 more
2026-08-12 17:22:36 DEBUG BasicResourcePool:1831 - An exception occurred while acquiring a poolable resource. Will retry.
com.mysql.cj.jdbc.exceptions.CommunicationsException: Communications link failure

The last packet sent successfully to the server was 0 milliseconds ago. The driver has not received any packets from the server.
	at com.mysql.cj.jdbc.exceptions.SQLError.createCommunicationsException(SQLError.java:174) ~[mysql-connector-java-8.0.30.jar:8.0.30]
	at com.mysql.cj.jdbc.exceptions.SQLExceptionsMapping.translateException(SQLExceptionsMapping.java:64) ~[mysql-connector-java-8.0.30.jar:8.0.30]
	at com.mysql.cj.jdbc.ConnectionImpl.createNewIO(ConnectionImpl.java:828) ~[mysql-connector-java-8.0.30.jar:8.0.30]
	at com.mysql.cj.jdbc.ConnectionImpl.<init>(ConnectionImpl.java:448) ~[mysql-connector-java-8.0.30.jar:8.0.30]
	at com.mysql.cj.jdbc.ConnectionImpl.getInstance(ConnectionImpl.java:241) ~[mysql-connector-java-8.0.30.jar:8.0.30]
	at com.mysql.cj.jdbc.NonRegisteringDriver.connect(NonRegisteringDriver.java:198) ~[mysql-connector-java-8.0.30.jar:8.0.30]
	at com.mchange.v2.c3p0.DriverManagerDataSource.getConnection(DriverManagerDataSource.java:134) ~[c3p0-0.9.1.2.jar:0.9.1.2]
	at com.mchange.v2.c3p0.WrapperConnectionPoolDataSource.getPooledConnection(WrapperConnectionPoolDataSource.java:182) ~[c3p0-0.9.1.2.jar:0.9.1.2]
	at com.mchange.v2.c3p0.WrapperConnectionPoolDataSource.getPooledConnection(WrapperConnectionPoolDataSource.java:171) ~[c3p0-0.9.1.2.jar:0.9.1.2]
	at com.mchange.v2.c3p0.impl.C3P0PooledConnectionPool$1PooledConnectionResourcePoolManager.acquireResource(C3P0PooledConnectionPool.java:137) ~[c3p0-0.9.1.2.jar:0.9.1.2]
	at com.mchange.v2.resourcepool.BasicResourcePool.doAcquire(BasicResourcePool.java:1014) ~[c3p0-0.9.1.2.jar:0.9.1.2]
	at com.mchange.v2.resourcepool.BasicResourcePool.access$800(BasicResourcePool.java:32) ~[c3p0-0.9.1.2.jar:0.9.1.2]
	at com.mchange.v2.resourcepool.BasicResourcePool$AcquireTask.run(BasicResourcePool.java:1810) [c3p0-0.9.1.2.jar:0.9.1.2]
	at com.mchange.v2.async.ThreadPoolAsynchronousRunner$PoolThread.run(ThreadPoolAsynchronousRunner.java:547) [c3p0-0.9.1.2.jar:0.9.1.2]
Caused by: com.mysql.cj.exceptions.CJCommunicationsException: Communications link failure

The last packet sent successfully to the server was 0 milliseconds ago. The driver has not received any packets from the server.
	at jdk.internal.reflect.GeneratedConstructorAccessor20.newInstance(Unknown Source) ~[?:?]
	at jdk.internal.reflect.DelegatingConstructorAccessorImpl.newInstance(DelegatingConstructorAccessorImpl.java:45) ~[?:?]
	at java.lang.reflect.Constructor.newInstanceWithCaller(Constructor.java:499) ~[?:?]
	at java.lang.reflect.Constructor.newInstance(Constructor.java:480) ~[?:?]
	at com.mysql.cj.exceptions.ExceptionFactory.createException(ExceptionFactory.java:61) ~[mysql-connector-java-8.0.30.jar:8.0.30]
	at com.mysql.cj.exceptions.ExceptionFactory.createException(ExceptionFactory.java:105) ~[mysql-connector-java-8.0.30.jar:8.0.30]
	at com.mysql.cj.exceptions.ExceptionFactory.createException(ExceptionFactory.java:151) ~[mysql-connector-java-8.0.30.jar:8.0.30]
	at com.mysql.cj.exceptions.ExceptionFactory.createCommunicationsException(ExceptionFactory.java:167) ~[mysql-connector-java-8.0.30.jar:8.0.30]
	at com.mysql.cj.protocol.a.NativeSocketConnection.connect(NativeSocketConnection.java:89) ~[mysql-connector-java-8.0.30.jar:8.0.30]
	at com.mysql.cj.NativeSession.connect(NativeSession.java:120) ~[mysql-connector-java-8.0.30.jar:8.0.30]
	at com.mysql.cj.jdbc.ConnectionImpl.connectOneTryOnly(ConnectionImpl.java:948) ~[mysql-connector-java-8.0.30.jar:8.0.30]
	at com.mysql.cj.jdbc.ConnectionImpl.createNewIO(ConnectionImpl.java:818) ~[mysql-connector-java-8.0.30.jar:8.0.30]
	... 11 more
Caused by: java.net.UnknownHostException: db
	at java.net.InetAddress$CachedAddresses.get(InetAddress.java:801) ~[?:?]
	at java.net.InetAddress.getAllByName0(InetAddress.java:1509) ~[?:?]
	at java.net.InetAddress.getAllByName(InetAddress.java:1367) ~[?:?]
	at java.net.InetAddress.getAllByName(InetAddress.java:1301) ~[?:?]
	at com.mysql.cj.protocol.StandardSocketFactory.connect(StandardSocketFactory.java:130) ~[mysql-connector-java-8.0.30.jar:8.0.30]
	at com.mysql.cj.protocol.a.NativeSocketConnection.connect(NativeSocketConnection.java:63) ~[mysql-connector-java-8.0.30.jar:8.0.30]
	at com.mysql.cj.NativeSession.connect(NativeSession.java:120) ~[mysql-connector-java-8.0.30.jar:8.0.30]
	at com.mysql.cj.jdbc.ConnectionImpl.connectOneTryOnly(ConnectionImpl.java:948) ~[mysql-connector-java-8.0.30.jar:8.0.30]
	at com.mysql.cj.jdbc.ConnectionImpl.createNewIO(ConnectionImpl.java:818) ~[mysql-connector-java-8.0.30.jar:8.0.30]
	... 11 more
2026-08-12 17:22:36 DEBUG BasicResourcePool:1935 - Checking for expired resources - Wed Aug 12 17:22:36 IST 2026 [com.mchange.v2.resourcepool.BasicResourcePool@553294b6]
2026-08-12 17:22:36 DEBUG BasicResourcePool:1447 - BEGIN check for expired resources.  [com.mchange.v2.resourcepool.BasicResourcePool@553294b6]
2026-08-12 17:22:36 DEBUG BasicResourcePool:1468 - FINISHED check for expired resources.  [com.mchange.v2.resourcepool.BasicResourcePool@553294b6]
2026-08-12 17:22:39 DEBUG BasicResourcePool:1935 - Checking for expired resources - Wed Aug 12 17:22:39 IST 2026 [com.mchange.v2.resourcepool.BasicResourcePool@553294b6]
2026-08-12 17:22:39 DEBUG BasicResourcePool:1447 - BEGIN check for expired resources.  [com.mchange.v2.resourcepool.BasicResourcePool@553294b6]
2026-08-12 17:22:39 DEBUG BasicResourcePool:1468 - FINISHED check for expired resources.  [com.mchange.v2.resourcepool.BasicResourcePool@553294b6]
2026-08-12 17:22:39 DEBUG BasicResourcePool:1831 - An exception occurred while acquiring a poolable resource. Will retry.
com.mysql.cj.jdbc.exceptions.CommunicationsException: Communications link failure

The last packet sent successfully to the server was 0 milliseconds ago. The driver has not received any packets from the server.
	at com.mysql.cj.jdbc.exceptions.SQLError.createCommunicationsException(SQLError.java:174) ~[mysql-connector-java-8.0.30.jar:8.0.30]
	at com.mysql.cj.jdbc.exceptions.SQLExceptionsMapping.translateException(SQLExceptionsMapping.java:64) ~[mysql-connector-java-8.0.30.jar:8.0.30]
	at com.mysql.cj.jdbc.ConnectionImpl.createNewIO(ConnectionImpl.java:828) ~[mysql-connector-java-8.0.30.jar:8.0.30]
	at com.mysql.cj.jdbc.ConnectionImpl.<init>(ConnectionImpl.java:448) ~[mysql-connector-java-8.0.30.jar:8.0.30]
	at com.mysql.cj.jdbc.ConnectionImpl.getInstance(ConnectionImpl.java:241) ~[mysql-connector-java-8.0.30.jar:8.0.30]
	at com.mysql.cj.jdbc.NonRegisteringDriver.connect(NonRegisteringDriver.java:198) ~[mysql-connector-java-8.0.30.jar:8.0.30]
	at com.mchange.v2.c3p0.DriverManagerDataSource.getConnection(DriverManagerDataSource.java:134) ~[c3p0-0.9.1.2.jar:0.9.1.2]
	at com.mchange.v2.c3p0.WrapperConnectionPoolDataSource.getPooledConnection(WrapperConnectionPoolDataSource.java:182) ~[c3p0-0.9.1.2.jar:0.9.1.2]
	at com.mchange.v2.c3p0.WrapperConnectionPoolDataSource.getPooledConnection(WrapperConnectionPoolDataSource.java:171) ~[c3p0-0.9.1.2.jar:0.9.1.2]
	at com.mchange.v2.c3p0.impl.C3P0PooledConnectionPool$1PooledConnectionResourcePoolManager.acquireResource(C3P0PooledConnectionPool.java:137) ~[c3p0-0.9.1.2.jar:0.9.1.2]
	at com.mchange.v2.resourcepool.BasicResourcePool.doAcquire(BasicResourcePool.java:1014) ~[c3p0-0.9.1.2.jar:0.9.1.2]
	at com.mchange.v2.resourcepool.BasicResourcePool.access$800(BasicResourcePool.java:32) ~[c3p0-0.9.1.2.jar:0.9.1.2]
	at com.mchange.v2.resourcepool.BasicResourcePool$AcquireTask.run(BasicResourcePool.java:1810) [c3p0-0.9.1.2.jar:0.9.1.2]
	at com.mchange.v2.async.ThreadPoolAsynchronousRunner$PoolThread.run(ThreadPoolAsynchronousRunner.java:547) [c3p0-0.9.1.2.jar:0.9.1.2]
Caused by: com.mysql.cj.exceptions.CJCommunicationsException: Communications link failure

The last packet sent successfully to the server was 0 milliseconds ago. The driver has not received any packets from the server.
	at jdk.internal.reflect.GeneratedConstructorAccessor20.newInstance(Unknown Source) ~[?:?]
	at jdk.internal.reflect.DelegatingConstructorAccessorImpl.newInstance(DelegatingConstructorAccessorImpl.java:45) ~[?:?]
	at java.lang.reflect.Constructor.newInstanceWithCaller(Constructor.java:499) ~[?:?]
	at java.lang.reflect.Constructor.newInstance(Constructor.java:480) ~[?:?]
	at com.mysql.cj.exceptions.ExceptionFactory.createException(ExceptionFactory.java:61) ~[mysql-connector-java-8.0.30.jar:8.0.30]
	at com.mysql.cj.exceptions.ExceptionFactory.createException(ExceptionFactory.java:105) ~[mysql-connector-java-8.0.30.jar:8.0.30]
	at com.mysql.cj.exceptions.ExceptionFactory.createException(ExceptionFactory.java:151) ~[mysql-connector-java-8.0.30.jar:8.0.30]
	at com.mysql.cj.exceptions.ExceptionFactory.createCommunicationsException(ExceptionFactory.java:167) ~[mysql-connector-java-8.0.30.jar:8.0.30]
	at com.mysql.cj.protocol.a.NativeSocketConnection.connect(NativeSocketConnection.java:89) ~[mysql-connector-java-8.0.30.jar:8.0.30]
	at com.mysql.cj.NativeSession.connect(NativeSession.java:120) ~[mysql-connector-java-8.0.30.jar:8.0.30]
	at com.mysql.cj.jdbc.ConnectionImpl.connectOneTryOnly(ConnectionImpl.java:948) ~[mysql-connector-java-8.0.30.jar:8.0.30]
	at com.mysql.cj.jdbc.ConnectionImpl.createNewIO(ConnectionImpl.java:818) ~[mysql-connector-java-8.0.30.jar:8.0.30]
	... 11 more
Caused by: java.net.UnknownHostException: No such host is known (db)
	at java.net.Inet6AddressImpl.lookupAllHostAddr(Native Method) ~[?:?]
	at java.net.InetAddress$PlatformNameService.lookupAllHostAddr(InetAddress.java:933) ~[?:?]
	at java.net.InetAddress.getAddressesFromNameService(InetAddress.java:1519) ~[?:?]
	at java.net.InetAddress$NameServiceAddresses.get(InetAddress.java:852) ~[?:?]
	at java.net.InetAddress.getAllByName0(InetAddress.java:1509) ~[?:?]
	at java.net.InetAddress.getAllByName(InetAddress.java:1367) ~[?:?]
	at java.net.InetAddress.getAllByName(InetAddress.java:1301) ~[?:?]
	at com.mysql.cj.protocol.StandardSocketFactory.connect(StandardSocketFactory.java:130) ~[mysql-connector-java-8.0.30.jar:8.0.30]
	at com.mysql.cj.protocol.a.NativeSocketConnection.connect(NativeSocketConnection.java:63) ~[mysql-connector-java-8.0.30.jar:8.0.30]
	at com.mysql.cj.NativeSession.connect(NativeSession.java:120) ~[mysql-connector-java-8.0.30.jar:8.0.30]
	at com.mysql.cj.jdbc.ConnectionImpl.connectOneTryOnly(ConnectionImpl.java:948) ~[mysql-connector-java-8.0.30.jar:8.0.30]
	at com.mysql.cj.jdbc.ConnectionImpl.createNewIO(ConnectionImpl.java:818) ~[mysql-connector-java-8.0.30.jar:8.0.30]
	... 11 more
2026-08-12 17:22:39 DEBUG BasicResourcePool:1831 - An exception occurred while acquiring a poolable resource. Will retry.
com.mysql.cj.jdbc.exceptions.CommunicationsException: Communications link failure

The last packet sent successfully to the server was 0 milliseconds ago. The driver has not received any packets from the server.
	at com.mysql.cj.jdbc.exceptions.SQLError.createCommunicationsException(SQLError.java:174) ~[mysql-connector-java-8.0.30.jar:8.0.30]
	at com.mysql.cj.jdbc.exceptions.SQLExceptionsMapping.translateException(SQLExceptionsMapping.java:64) ~[mysql-connector-java-8.0.30.jar:8.0.30]
	at com.mysql.cj.jdbc.ConnectionImpl.createNewIO(ConnectionImpl.java:828) ~[mysql-connector-java-8.0.30.jar:8.0.30]
	at com.mysql.cj.jdbc.ConnectionImpl.<init>(ConnectionImpl.java:448) ~[mysql-connector-java-8.0.30.jar:8.0.30]
	at com.mysql.cj.jdbc.ConnectionImpl.getInstance(ConnectionImpl.java:241) ~[mysql-connector-java-8.0.30.jar:8.0.30]
	at com.mysql.cj.jdbc.NonRegisteringDriver.connect(NonRegisteringDriver.java:198) ~[mysql-connector-java-8.0.30.jar:8.0.30]
	at com.mchange.v2.c3p0.DriverManagerDataSource.getConnection(DriverManagerDataSource.java:134) ~[c3p0-0.9.1.2.jar:0.9.1.2]
	at com.mchange.v2.c3p0.WrapperConnectionPoolDataSource.getPooledConnection(WrapperConnectionPoolDataSource.java:182) ~[c3p0-0.9.1.2.jar:0.9.1.2]
	at com.mchange.v2.c3p0.WrapperConnectionPoolDataSource.getPooledConnection(WrapperConnectionPoolDataSource.java:171) ~[c3p0-0.9.1.2.jar:0.9.1.2]
	at com.mchange.v2.c3p0.impl.C3P0PooledConnectionPool$1PooledConnectionResourcePoolManager.acquireResource(C3P0PooledConnectionPool.java:137) ~[c3p0-0.9.1.2.jar:0.9.1.2]
	at com.mchange.v2.resourcepool.BasicResourcePool.doAcquire(BasicResourcePool.java:1014) ~[c3p0-0.9.1.2.jar:0.9.1.2]
	at com.mchange.v2.resourcepool.BasicResourcePool.access$800(BasicResourcePool.java:32) ~[c3p0-0.9.1.2.jar:0.9.1.2]
	at com.mchange.v2.resourcepool.BasicResourcePool$AcquireTask.run(BasicResourcePool.java:1810) [c3p0-0.9.1.2.jar:0.9.1.2]
	at com.mchange.v2.async.ThreadPoolAsynchronousRunner$PoolThread.run(ThreadPoolAsynchronousRunner.java:547) [c3p0-0.9.1.2.jar:0.9.1.2]
Caused by: com.mysql.cj.exceptions.CJCommunicationsException: Communications link failure

The last packet sent successfully to the server was 0 milliseconds ago. The driver has not received any packets from the server.
	at jdk.internal.reflect.GeneratedConstructorAccessor20.newInstance(Unknown Source) ~[?:?]
	at jdk.internal.reflect.DelegatingConstructorAccessorImpl.newInstance(DelegatingConstructorAccessorImpl.java:45) ~[?:?]
	at java.lang.reflect.Constructor.newInstanceWithCaller(Constructor.java:499) ~[?:?]
	at java.lang.reflect.Constructor.newInstance(Constructor.java:480) ~[?:?]
	at com.mysql.cj.exceptions.ExceptionFactory.createException(ExceptionFactory.java:61) ~[mysql-connector-java-8.0.30.jar:8.0.30]
	at com.mysql.cj.exceptions.ExceptionFactory.createException(ExceptionFactory.java:105) ~[mysql-connector-java-8.0.30.jar:8.0.30]
	at com.mysql.cj.exceptions.ExceptionFactory.createException(ExceptionFactory.java:151) ~[mysql-connector-java-8.0.30.jar:8.0.30]
	at com.mysql.cj.exceptions.ExceptionFactory.createCommunicationsException(ExceptionFactory.java:167) ~[mysql-connector-java-8.0.30.jar:8.0.30]
	at com.mysql.cj.protocol.a.NativeSocketConnection.connect(NativeSocketConnection.java:89) ~[mysql-connector-java-8.0.30.jar:8.0.30]
	at com.mysql.cj.NativeSession.connect(NativeSession.java:120) ~[mysql-connector-java-8.0.30.jar:8.0.30]
	at com.mysql.cj.jdbc.ConnectionImpl.connectOneTryOnly(ConnectionImpl.java:948) ~[mysql-connector-java-8.0.30.jar:8.0.30]
	at com.mysql.cj.jdbc.ConnectionImpl.createNewIO(ConnectionImpl.java:818) ~[mysql-connector-java-8.0.30.jar:8.0.30]
	... 11 more
Caused by: java.net.UnknownHostException: db
	at java.net.InetAddress$CachedAddresses.get(InetAddress.java:801) ~[?:?]
	at java.net.InetAddress$NameServiceAddresses.get(InetAddress.java:887) ~[?:?]
	at java.net.InetAddress.getAllByName0(InetAddress.java:1509) ~[?:?]
	at java.net.InetAddress.getAllByName(InetAddress.java:1367) ~[?:?]
	at java.net.InetAddress.getAllByName(InetAddress.java:1301) ~[?:?]
	at com.mysql.cj.protocol.StandardSocketFactory.connect(StandardSocketFactory.java:130) ~[mysql-connector-java-8.0.30.jar:8.0.30]
	at com.mysql.cj.protocol.a.NativeSocketConnection.connect(NativeSocketConnection.java:63) ~[mysql-connector-java-8.0.30.jar:8.0.30]
	at com.mysql.cj.NativeSession.connect(NativeSession.java:120) ~[mysql-connector-java-8.0.30.jar:8.0.30]
	at com.mysql.cj.jdbc.ConnectionImpl.connectOneTryOnly(ConnectionImpl.java:948) ~[mysql-connector-java-8.0.30.jar:8.0.30]
	at com.mysql.cj.jdbc.ConnectionImpl.createNewIO(ConnectionImpl.java:818) ~[mysql-connector-java-8.0.30.jar:8.0.30]
	... 11 more
2026-08-12 17:22:40 DEBUG BasicResourcePool:1831 - An exception occurred while acquiring a poolable resource. Will retry.
com.mysql.cj.jdbc.exceptions.CommunicationsException: Communications link failure

The last packet sent successfully to the server was 0 milliseconds ago. The driver has not received any packets from the server.
	at com.mysql.cj.jdbc.exceptions.SQLError.createCommunicationsException(SQLError.java:174) ~[mysql-connector-java-8.0.30.jar:8.0.30]
	at com.mysql.cj.jdbc.exceptions.SQLExceptionsMapping.translateException(SQLExceptionsMapping.java:64) ~[mysql-connector-java-8.0.30.jar:8.0.30]
	at com.mysql.cj.jdbc.ConnectionImpl.createNewIO(ConnectionImpl.java:828) ~[mysql-connector-java-8.0.30.jar:8.0.30]
	at com.mysql.cj.jdbc.ConnectionImpl.<init>(ConnectionImpl.java:448) ~[mysql-connector-java-8.0.30.jar:8.0.30]
	at com.mysql.cj.jdbc.ConnectionImpl.getInstance(ConnectionImpl.java:241) ~[mysql-connector-java-8.0.30.jar:8.0.30]
	at com.mysql.cj.jdbc.NonRegisteringDriver.connect(NonRegisteringDriver.java:198) ~[mysql-connector-java-8.0.30.jar:8.0.30]
	at com.mchange.v2.c3p0.DriverManagerDataSource.getConnection(DriverManagerDataSource.java:134) ~[c3p0-0.9.1.2.jar:0.9.1.2]
	at com.mchange.v2.c3p0.WrapperConnectionPoolDataSource.getPooledConnection(WrapperConnectionPoolDataSource.java:182) ~[c3p0-0.9.1.2.jar:0.9.1.2]
	at com.mchange.v2.c3p0.WrapperConnectionPoolDataSource.getPooledConnection(WrapperConnectionPoolDataSource.java:171) ~[c3p0-0.9.1.2.jar:0.9.1.2]
	at com.mchange.v2.c3p0.impl.C3P0PooledConnectionPool$1PooledConnectionResourcePoolManager.acquireResource(C3P0PooledConnectionPool.java:137) ~[c3p0-0.9.1.2.jar:0.9.1.2]
	at com.mchange.v2.resourcepool.BasicResourcePool.doAcquire(BasicResourcePool.java:1014) ~[c3p0-0.9.1.2.jar:0.9.1.2]
	at com.mchange.v2.resourcepool.BasicResourcePool.access$800(BasicResourcePool.java:32) ~[c3p0-0.9.1.2.jar:0.9.1.2]
	at com.mchange.v2.resourcepool.BasicResourcePool$AcquireTask.run(BasicResourcePool.java:1810) [c3p0-0.9.1.2.jar:0.9.1.2]
	at com.mchange.v2.async.ThreadPoolAsynchronousRunner$PoolThread.run(ThreadPoolAsynchronousRunner.java:547) [c3p0-0.9.1.2.jar:0.9.1.2]
Caused by: com.mysql.cj.exceptions.CJCommunicationsException: Communications link failure

The last packet sent successfully to the server was 0 milliseconds ago. The driver has not received any packets from the server.
	at jdk.internal.reflect.GeneratedConstructorAccessor20.newInstance(Unknown Source) ~[?:?]
	at jdk.internal.reflect.DelegatingConstructorAccessorImpl.newInstance(DelegatingConstructorAccessorImpl.java:45) ~[?:?]
	at java.lang.reflect.Constructor.newInstanceWithCaller(Constructor.java:499) ~[?:?]
	at java.lang.reflect.Constructor.newInstance(Constructor.java:480) ~[?:?]
	at com.mysql.cj.exceptions.ExceptionFactory.createException(ExceptionFactory.java:61) ~[mysql-connector-java-8.0.30.jar:8.0.30]
	at com.mysql.cj.exceptions.ExceptionFactory.createException(ExceptionFactory.java:105) ~[mysql-connector-java-8.0.30.jar:8.0.30]
	at com.mysql.cj.exceptions.ExceptionFactory.createException(ExceptionFactory.java:151) ~[mysql-connector-java-8.0.30.jar:8.0.30]
	at com.mysql.cj.exceptions.ExceptionFactory.createCommunicationsException(ExceptionFactory.java:167) ~[mysql-connector-java-8.0.30.jar:8.0.30]
	at com.mysql.cj.protocol.a.NativeSocketConnection.connect(NativeSocketConnection.java:89) ~[mysql-connector-java-8.0.30.jar:8.0.30]
	at com.mysql.cj.NativeSession.connect(NativeSession.java:120) ~[mysql-connector-java-8.0.30.jar:8.0.30]
	at com.mysql.cj.jdbc.ConnectionImpl.connectOneTryOnly(ConnectionImpl.java:948) ~[mysql-connector-java-8.0.30.jar:8.0.30]
	at com.mysql.cj.jdbc.ConnectionImpl.createNewIO(ConnectionImpl.java:818) ~[mysql-connector-java-8.0.30.jar:8.0.30]
	... 11 more
Caused by: java.net.UnknownHostException: db
	at java.net.InetAddress$CachedAddresses.get(InetAddress.java:801) ~[?:?]
	at java.net.InetAddress.getAllByName0(InetAddress.java:1509) ~[?:?]
	at java.net.InetAddress.getAllByName(InetAddress.java:1367) ~[?:?]
	at java.net.InetAddress.getAllByName(InetAddress.java:1301) ~[?:?]
	at com.mysql.cj.protocol.StandardSocketFactory.connect(StandardSocketFactory.java:130) ~[mysql-connector-java-8.0.30.jar:8.0.30]
	at com.mysql.cj.protocol.a.NativeSocketConnection.connect(NativeSocketConnection.java:63) ~[mysql-connector-java-8.0.30.jar:8.0.30]
	at com.mysql.cj.NativeSession.connect(NativeSession.java:120) ~[mysql-connector-java-8.0.30.jar:8.0.30]
	at com.mysql.cj.jdbc.ConnectionImpl.connectOneTryOnly(ConnectionImpl.java:948) ~[mysql-connector-java-8.0.30.jar:8.0.30]
	at com.mysql.cj.jdbc.ConnectionImpl.createNewIO(ConnectionImpl.java:818) ~[mysql-connector-java-8.0.30.jar:8.0.30]
	... 11 more
2026-08-12 17:22:40 DEBUG BasicResourcePool:1831 - An exception occurred while acquiring a poolable resource. Will retry.
com.mysql.cj.jdbc.exceptions.CommunicationsException: Communications link failure

The last packet sent successfully to the server was 0 milliseconds ago. The driver has not received any packets from the server.
	at com.mysql.cj.jdbc.exceptions.SQLError.createCommunicationsException(SQLError.java:174) ~[mysql-connector-java-8.0.30.jar:8.0.30]
	at com.mysql.cj.jdbc.exceptions.SQLExceptionsMapping.translateException(SQLExceptionsMapping.java:64) ~[mysql-connector-java-8.0.30.jar:8.0.30]
	at com.mysql.cj.jdbc.ConnectionImpl.createNewIO(ConnectionImpl.java:828) ~[mysql-connector-java-8.0.30.jar:8.0.30]
	at com.mysql.cj.jdbc.ConnectionImpl.<init>(ConnectionImpl.java:448) ~[mysql-connector-java-8.0.30.jar:8.0.30]
	at com.mysql.cj.jdbc.ConnectionImpl.getInstance(ConnectionImpl.java:241) ~[mysql-connector-java-8.0.30.jar:8.0.30]
	at com.mysql.cj.jdbc.NonRegisteringDriver.connect(NonRegisteringDriver.java:198) ~[mysql-connector-java-8.0.30.jar:8.0.30]
	at com.mchange.v2.c3p0.DriverManagerDataSource.getConnection(DriverManagerDataSource.java:134) ~[c3p0-0.9.1.2.jar:0.9.1.2]
	at com.mchange.v2.c3p0.WrapperConnectionPoolDataSource.getPooledConnection(WrapperConnectionPoolDataSource.java:182) ~[c3p0-0.9.1.2.jar:0.9.1.2]
	at com.mchange.v2.c3p0.WrapperConnectionPoolDataSource.getPooledConnection(WrapperConnectionPoolDataSource.java:171) ~[c3p0-0.9.1.2.jar:0.9.1.2]
	at com.mchange.v2.c3p0.impl.C3P0PooledConnectionPool$1PooledConnectionResourcePoolManager.acquireResource(C3P0PooledConnectionPool.java:137) ~[c3p0-0.9.1.2.jar:0.9.1.2]
	at com.mchange.v2.resourcepool.BasicResourcePool.doAcquire(BasicResourcePool.java:1014) ~[c3p0-0.9.1.2.jar:0.9.1.2]
	at com.mchange.v2.resourcepool.BasicResourcePool.access$800(BasicResourcePool.java:32) ~[c3p0-0.9.1.2.jar:0.9.1.2]
	at com.mchange.v2.resourcepool.BasicResourcePool$AcquireTask.run(BasicResourcePool.java:1810) [c3p0-0.9.1.2.jar:0.9.1.2]
	at com.mchange.v2.async.ThreadPoolAsynchronousRunner$PoolThread.run(ThreadPoolAsynchronousRunner.java:547) [c3p0-0.9.1.2.jar:0.9.1.2]
Caused by: com.mysql.cj.exceptions.CJCommunicationsException: Communications link failure

The last packet sent successfully to the server was 0 milliseconds ago. The driver has not received any packets from the server.
	at jdk.internal.reflect.GeneratedConstructorAccessor20.newInstance(Unknown Source) ~[?:?]
	at jdk.internal.reflect.DelegatingConstructorAccessorImpl.newInstance(DelegatingConstructorAccessorImpl.java:45) ~[?:?]
	at java.lang.reflect.Constructor.newInstanceWithCaller(Constructor.java:499) ~[?:?]
	at java.lang.reflect.Constructor.newInstance(Constructor.java:480) ~[?:?]
	at com.mysql.cj.exceptions.ExceptionFactory.createException(ExceptionFactory.java:61) ~[mysql-connector-java-8.0.30.jar:8.0.30]
	at com.mysql.cj.exceptions.ExceptionFactory.createException(ExceptionFactory.java:105) ~[mysql-connector-java-8.0.30.jar:8.0.30]
	at com.mysql.cj.exceptions.ExceptionFactory.createException(ExceptionFactory.java:151) ~[mysql-connector-java-8.0.30.jar:8.0.30]
	at com.mysql.cj.exceptions.ExceptionFactory.createCommunicationsException(ExceptionFactory.java:167) ~[mysql-connector-java-8.0.30.jar:8.0.30]
	at com.mysql.cj.protocol.a.NativeSocketConnection.connect(NativeSocketConnection.java:89) ~[mysql-connector-java-8.0.30.jar:8.0.30]
	at com.mysql.cj.NativeSession.connect(NativeSession.java:120) ~[mysql-connector-java-8.0.30.jar:8.0.30]
	at com.mysql.cj.jdbc.ConnectionImpl.connectOneTryOnly(ConnectionImpl.java:948) ~[mysql-connector-java-8.0.30.jar:8.0.30]
	at com.mysql.cj.jdbc.ConnectionImpl.createNewIO(ConnectionImpl.java:818) ~[mysql-connector-java-8.0.30.jar:8.0.30]
	... 11 more
Caused by: java.net.UnknownHostException: db
	at java.net.InetAddress$CachedAddresses.get(InetAddress.java:801) ~[?:?]
	at java.net.InetAddress.getAllByName0(InetAddress.java:1509) ~[?:?]
	at java.net.InetAddress.getAllByName(InetAddress.java:1367) ~[?:?]
	at java.net.InetAddress.getAllByName(InetAddress.java:1301) ~[?:?]
	at com.mysql.cj.protocol.StandardSocketFactory.connect(StandardSocketFactory.java:130) ~[mysql-connector-java-8.0.30.jar:8.0.30]
	at com.mysql.cj.protocol.a.NativeSocketConnection.connect(NativeSocketConnection.java:63) ~[mysql-connector-java-8.0.30.jar:8.0.30]
	at com.mysql.cj.NativeSession.connect(NativeSession.java:120) ~[mysql-connector-java-8.0.30.jar:8.0.30]
	at com.mysql.cj.jdbc.ConnectionImpl.connectOneTryOnly(ConnectionImpl.java:948) ~[mysql-connector-java-8.0.30.jar:8.0.30]
	at com.mysql.cj.jdbc.ConnectionImpl.createNewIO(ConnectionImpl.java:818) ~[mysql-connector-java-8.0.30.jar:8.0.30]
	... 11 more
2026-08-12 17:22:41 DEBUG BasicResourcePool:1935 - Checking for expired resources - Wed Aug 12 17:22:41 IST 2026 [com.mchange.v2.resourcepool.BasicResourcePool@553294b6]
2026-08-12 17:22:41 DEBUG BasicResourcePool:1447 - BEGIN check for expired resources.  [com.mchange.v2.resourcepool.BasicResourcePool@553294b6]
2026-08-12 17:22:41 DEBUG BasicResourcePool:1468 - FINISHED check for expired resources.  [com.mchange.v2.resourcepool.BasicResourcePool@553294b6]
2026-08-12 17:22:41 DEBUG BasicResourcePool:1831 - An exception occurred while acquiring a poolable resource. Will retry.
com.mysql.cj.jdbc.exceptions.CommunicationsException: Communications link failure

The last packet sent successfully to the server was 0 milliseconds ago. The driver has not received any packets from the server.
	at com.mysql.cj.jdbc.exceptions.SQLError.createCommunicationsException(SQLError.java:174) ~[mysql-connector-java-8.0.30.jar:8.0.30]
	at com.mysql.cj.jdbc.exceptions.SQLExceptionsMapping.translateException(SQLExceptionsMapping.java:64) ~[mysql-connector-java-8.0.30.jar:8.0.30]
	at com.mysql.cj.jdbc.ConnectionImpl.createNewIO(ConnectionImpl.java:828) ~[mysql-connector-java-8.0.30.jar:8.0.30]
	at com.mysql.cj.jdbc.ConnectionImpl.<init>(ConnectionImpl.java:448) ~[mysql-connector-java-8.0.30.jar:8.0.30]
	at com.mysql.cj.jdbc.ConnectionImpl.getInstance(ConnectionImpl.java:241) ~[mysql-connector-java-8.0.30.jar:8.0.30]
	at com.mysql.cj.jdbc.NonRegisteringDriver.connect(NonRegisteringDriver.java:198) ~[mysql-connector-java-8.0.30.jar:8.0.30]
	at com.mchange.v2.c3p0.DriverManagerDataSource.getConnection(DriverManagerDataSource.java:134) ~[c3p0-0.9.1.2.jar:0.9.1.2]
	at com.mchange.v2.c3p0.WrapperConnectionPoolDataSource.getPooledConnection(WrapperConnectionPoolDataSource.java:182) ~[c3p0-0.9.1.2.jar:0.9.1.2]
	at com.mchange.v2.c3p0.WrapperConnectionPoolDataSource.getPooledConnection(WrapperConnectionPoolDataSource.java:171) ~[c3p0-0.9.1.2.jar:0.9.1.2]
	at com.mchange.v2.c3p0.impl.C3P0PooledConnectionPool$1PooledConnectionResourcePoolManager.acquireResource(C3P0PooledConnectionPool.java:137) ~[c3p0-0.9.1.2.jar:0.9.1.2]
	at com.mchange.v2.resourcepool.BasicResourcePool.doAcquire(BasicResourcePool.java:1014) ~[c3p0-0.9.1.2.jar:0.9.1.2]
	at com.mchange.v2.resourcepool.BasicResourcePool.access$800(BasicResourcePool.java:32) ~[c3p0-0.9.1.2.jar:0.9.1.2]
	at com.mchange.v2.resourcepool.BasicResourcePool$AcquireTask.run(BasicResourcePool.java:1810) [c3p0-0.9.1.2.jar:0.9.1.2]
	at com.mchange.v2.async.ThreadPoolAsynchronousRunner$PoolThread.run(ThreadPoolAsynchronousRunner.java:547) [c3p0-0.9.1.2.jar:0.9.1.2]
Caused by: com.mysql.cj.exceptions.CJCommunicationsException: Communications link failure

The last packet sent successfully to the server was 0 milliseconds ago. The driver has not received any packets from the server.
	at jdk.internal.reflect.GeneratedConstructorAccessor20.newInstance(Unknown Source) ~[?:?]
	at jdk.internal.reflect.DelegatingConstructorAccessorImpl.newInstance(DelegatingConstructorAccessorImpl.java:45) ~[?:?]
	at java.lang.reflect.Constructor.newInstanceWithCaller(Constructor.java:499) ~[?:?]
	at java.lang.reflect.Constructor.newInstance(Constructor.java:480) ~[?:?]
	at com.mysql.cj.exceptions.ExceptionFactory.createException(ExceptionFactory.java:61) ~[mysql-connector-java-8.0.30.jar:8.0.30]
	at com.mysql.cj.exceptions.ExceptionFactory.createException(ExceptionFactory.java:105) ~[mysql-connector-java-8.0.30.jar:8.0.30]
	at com.mysql.cj.exceptions.ExceptionFactory.createException(ExceptionFactory.java:151) ~[mysql-connector-java-8.0.30.jar:8.0.30]
	at com.mysql.cj.exceptions.ExceptionFactory.createCommunicationsException(ExceptionFactory.java:167) ~[mysql-connector-java-8.0.30.jar:8.0.30]
	at com.mysql.cj.protocol.a.NativeSocketConnection.connect(NativeSocketConnection.java:89) ~[mysql-connector-java-8.0.30.jar:8.0.30]
	at com.mysql.cj.NativeSession.connect(NativeSession.java:120) ~[mysql-connector-java-8.0.30.jar:8.0.30]
	at com.mysql.cj.jdbc.ConnectionImpl.connectOneTryOnly(ConnectionImpl.java:948) ~[mysql-connector-java-8.0.30.jar:8.0.30]
	at com.mysql.cj.jdbc.ConnectionImpl.createNewIO(ConnectionImpl.java:818) ~[mysql-connector-java-8.0.30.jar:8.0.30]
	... 11 more
Caused by: java.net.UnknownHostException: db
	at java.net.InetAddress$CachedAddresses.get(InetAddress.java:801) ~[?:?]
	at java.net.InetAddress.getAllByName0(InetAddress.java:1509) ~[?:?]
	at java.net.InetAddress.getAllByName(InetAddress.java:1367) ~[?:?]
	at java.net.InetAddress.getAllByName(InetAddress.java:1301) ~[?:?]
	at com.mysql.cj.protocol.StandardSocketFactory.connect(StandardSocketFactory.java:130) ~[mysql-connector-java-8.0.30.jar:8.0.30]
	at com.mysql.cj.protocol.a.NativeSocketConnection.connect(NativeSocketConnection.java:63) ~[mysql-connector-java-8.0.30.jar:8.0.30]
	at com.mysql.cj.NativeSession.connect(NativeSession.java:120) ~[mysql-connector-java-8.0.30.jar:8.0.30]
	at com.mysql.cj.jdbc.ConnectionImpl.connectOneTryOnly(ConnectionImpl.java:948) ~[mysql-connector-java-8.0.30.jar:8.0.30]
	at com.mysql.cj.jdbc.ConnectionImpl.createNewIO(ConnectionImpl.java:818) ~[mysql-connector-java-8.0.30.jar:8.0.30]
	... 11 more
2026-08-12 17:22:41 DEBUG BasicResourcePool:1831 - An exception occurred while acquiring a poolable resource. Will retry.
com.mysql.cj.jdbc.exceptions.CommunicationsException: Communications link failure

The last packet sent successfully to the server was 0 milliseconds ago. The driver has not received any packets from the server.
	at com.mysql.cj.jdbc.exceptions.SQLError.createCommunicationsException(SQLError.java:174) ~[mysql-connector-java-8.0.30.jar:8.0.30]
	at com.mysql.cj.jdbc.exceptions.SQLExceptionsMapping.translateException(SQLExceptionsMapping.java:64) ~[mysql-connector-java-8.0.30.jar:8.0.30]
	at com.mysql.cj.jdbc.ConnectionImpl.createNewIO(ConnectionImpl.java:828) ~[mysql-connector-java-8.0.30.jar:8.0.30]
	at com.mysql.cj.jdbc.ConnectionImpl.<init>(ConnectionImpl.java:448) ~[mysql-connector-java-8.0.30.jar:8.0.30]
	at com.mysql.cj.jdbc.ConnectionImpl.getInstance(ConnectionImpl.java:241) ~[mysql-connector-java-8.0.30.jar:8.0.30]
	at com.mysql.cj.jdbc.NonRegisteringDriver.connect(NonRegisteringDriver.java:198) ~[mysql-connector-java-8.0.30.jar:8.0.30]
	at com.mchange.v2.c3p0.DriverManagerDataSource.getConnection(DriverManagerDataSource.java:134) ~[c3p0-0.9.1.2.jar:0.9.1.2]
	at com.mchange.v2.c3p0.WrapperConnectionPoolDataSource.getPooledConnection(WrapperConnectionPoolDataSource.java:182) ~[c3p0-0.9.1.2.jar:0.9.1.2]
	at com.mchange.v2.c3p0.WrapperConnectionPoolDataSource.getPooledConnection(WrapperConnectionPoolDataSource.java:171) ~[c3p0-0.9.1.2.jar:0.9.1.2]
	at com.mchange.v2.c3p0.impl.C3P0PooledConnectionPool$1PooledConnectionResourcePoolManager.acquireResource(C3P0PooledConnectionPool.java:137) ~[c3p0-0.9.1.2.jar:0.9.1.2]
	at com.mchange.v2.resourcepool.BasicResourcePool.doAcquire(BasicResourcePool.java:1014) ~[c3p0-0.9.1.2.jar:0.9.1.2]
	at com.mchange.v2.resourcepool.BasicResourcePool.access$800(BasicResourcePool.java:32) ~[c3p0-0.9.1.2.jar:0.9.1.2]
	at com.mchange.v2.resourcepool.BasicResourcePool$AcquireTask.run(BasicResourcePool.java:1810) [c3p0-0.9.1.2.jar:0.9.1.2]
	at com.mchange.v2.async.ThreadPoolAsynchronousRunner$PoolThread.run(ThreadPoolAsynchronousRunner.java:547) [c3p0-0.9.1.2.jar:0.9.1.2]
Caused by: com.mysql.cj.exceptions.CJCommunicationsException: Communications link failure

The last packet sent successfully to the server was 0 milliseconds ago. The driver has not received any packets from the server.
	at jdk.internal.reflect.GeneratedConstructorAccessor20.newInstance(Unknown Source) ~[?:?]
	at jdk.internal.reflect.DelegatingConstructorAccessorImpl.newInstance(DelegatingConstructorAccessorImpl.java:45) ~[?:?]
	at java.lang.reflect.Constructor.newInstanceWithCaller(Constructor.java:499) ~[?:?]
	at java.lang.reflect.Constructor.newInstance(Constructor.java:480) ~[?:?]
	at com.mysql.cj.exceptions.ExceptionFactory.createException(ExceptionFactory.java:61) ~[mysql-connector-java-8.0.30.jar:8.0.30]
	at com.mysql.cj.exceptions.ExceptionFactory.createException(ExceptionFactory.java:105) ~[mysql-connector-java-8.0.30.jar:8.0.30]
	at com.mysql.cj.exceptions.ExceptionFactory.createException(ExceptionFactory.java:151) ~[mysql-connector-java-8.0.30.jar:8.0.30]
	at com.mysql.cj.exceptions.ExceptionFactory.createCommunicationsException(ExceptionFactory.java:167) ~[mysql-connector-java-8.0.30.jar:8.0.30]
	at com.mysql.cj.protocol.a.NativeSocketConnection.connect(NativeSocketConnection.java:89) ~[mysql-connector-java-8.0.30.jar:8.0.30]
	at com.mysql.cj.NativeSession.connect(NativeSession.java:120) ~[mysql-connector-java-8.0.30.jar:8.0.30]
	at com.mysql.cj.jdbc.ConnectionImpl.connectOneTryOnly(ConnectionImpl.java:948) ~[mysql-connector-java-8.0.30.jar:8.0.30]
	at com.mysql.cj.jdbc.ConnectionImpl.createNewIO(ConnectionImpl.java:818) ~[mysql-connector-java-8.0.30.jar:8.0.30]
	... 11 more
Caused by: java.net.UnknownHostException: db
	at java.net.InetAddress$CachedAddresses.get(InetAddress.java:801) ~[?:?]
	at java.net.InetAddress.getAllByName0(InetAddress.java:1509) ~[?:?]
	at java.net.InetAddress.getAllByName(InetAddress.java:1367) ~[?:?]
	at java.net.InetAddress.getAllByName(InetAddress.java:1301) ~[?:?]
	at com.mysql.cj.protocol.StandardSocketFactory.connect(StandardSocketFactory.java:130) ~[mysql-connector-java-8.0.30.jar:8.0.30]
	at com.mysql.cj.protocol.a.NativeSocketConnection.connect(NativeSocketConnection.java:63) ~[mysql-connector-java-8.0.30.jar:8.0.30]
	at com.mysql.cj.NativeSession.connect(NativeSession.java:120) ~[mysql-connector-java-8.0.30.jar:8.0.30]
	at com.mysql.cj.jdbc.ConnectionImpl.connectOneTryOnly(ConnectionImpl.java:948) ~[mysql-connector-java-8.0.30.jar:8.0.30]
	at com.mysql.cj.jdbc.ConnectionImpl.createNewIO(ConnectionImpl.java:818) ~[mysql-connector-java-8.0.30.jar:8.0.30]
	... 11 more
2026-08-12 17:22:42 DEBUG BasicResourcePool:1831 - An exception occurred while acquiring a poolable resource. Will retry.
com.mysql.cj.jdbc.exceptions.CommunicationsException: Communications link failure

The last packet sent successfully to the server was 0 milliseconds ago. The driver has not received any packets from the server.
	at com.mysql.cj.jdbc.exceptions.SQLError.createCommunicationsException(SQLError.java:174) ~[mysql-connector-java-8.0.30.jar:8.0.30]
	at com.mysql.cj.jdbc.exceptions.SQLExceptionsMapping.translateException(SQLExceptionsMapping.java:64) ~[mysql-connector-java-8.0.30.jar:8.0.30]
	at com.mysql.cj.jdbc.ConnectionImpl.createNewIO(ConnectionImpl.java:828) ~[mysql-connector-java-8.0.30.jar:8.0.30]
	at com.mysql.cj.jdbc.ConnectionImpl.<init>(ConnectionImpl.java:448) ~[mysql-connector-java-8.0.30.jar:8.0.30]
	at com.mysql.cj.jdbc.ConnectionImpl.getInstance(ConnectionImpl.java:241) ~[mysql-connector-java-8.0.30.jar:8.0.30]
	at com.mysql.cj.jdbc.NonRegisteringDriver.connect(NonRegisteringDriver.java:198) ~[mysql-connector-java-8.0.30.jar:8.0.30]
	at com.mchange.v2.c3p0.DriverManagerDataSource.getConnection(DriverManagerDataSource.java:134) ~[c3p0-0.9.1.2.jar:0.9.1.2]
	at com.mchange.v2.c3p0.WrapperConnectionPoolDataSource.getPooledConnection(WrapperConnectionPoolDataSource.java:182) ~[c3p0-0.9.1.2.jar:0.9.1.2]
	at com.mchange.v2.c3p0.WrapperConnectionPoolDataSource.getPooledConnection(WrapperConnectionPoolDataSource.java:171) ~[c3p0-0.9.1.2.jar:0.9.1.2]
	at com.mchange.v2.c3p0.impl.C3P0PooledConnectionPool$1PooledConnectionResourcePoolManager.acquireResource(C3P0PooledConnectionPool.java:137) ~[c3p0-0.9.1.2.jar:0.9.1.2]
	at com.mchange.v2.resourcepool.BasicResourcePool.doAcquire(BasicResourcePool.java:1014) ~[c3p0-0.9.1.2.jar:0.9.1.2]
	at com.mchange.v2.resourcepool.BasicResourcePool.access$800(BasicResourcePool.java:32) ~[c3p0-0.9.1.2.jar:0.9.1.2]
	at com.mchange.v2.resourcepool.BasicResourcePool$AcquireTask.run(BasicResourcePool.java:1810) [c3p0-0.9.1.2.jar:0.9.1.2]
	at com.mchange.v2.async.ThreadPoolAsynchronousRunner$PoolThread.run(ThreadPoolAsynchronousRunner.java:547) [c3p0-0.9.1.2.jar:0.9.1.2]
Caused by: com.mysql.cj.exceptions.CJCommunicationsException: Communications link failure

The last packet sent successfully to the server was 0 milliseconds ago. The driver has not received any packets from the server.
	at jdk.internal.reflect.GeneratedConstructorAccessor20.newInstance(Unknown Source) ~[?:?]
	at jdk.internal.reflect.DelegatingConstructorAccessorImpl.newInstance(DelegatingConstructorAccessorImpl.java:45) ~[?:?]
	at java.lang.reflect.Constructor.newInstanceWithCaller(Constructor.java:499) ~[?:?]
	at java.lang.reflect.Constructor.newInstance(Constructor.java:480) ~[?:?]
	at com.mysql.cj.exceptions.ExceptionFactory.createException(ExceptionFactory.java:61) ~[mysql-connector-java-8.0.30.jar:8.0.30]
	at com.mysql.cj.exceptions.ExceptionFactory.createException(ExceptionFactory.java:105) ~[mysql-connector-java-8.0.30.jar:8.0.30]
	at com.mysql.cj.exceptions.ExceptionFactory.createException(ExceptionFactory.java:151) ~[mysql-connector-java-8.0.30.jar:8.0.30]
	at com.mysql.cj.exceptions.ExceptionFactory.createCommunicationsException(ExceptionFactory.java:167) ~[mysql-connector-java-8.0.30.jar:8.0.30]
	at com.mysql.cj.protocol.a.NativeSocketConnection.connect(NativeSocketConnection.java:89) ~[mysql-connector-java-8.0.30.jar:8.0.30]
	at com.mysql.cj.NativeSession.connect(NativeSession.java:120) ~[mysql-connector-java-8.0.30.jar:8.0.30]
	at com.mysql.cj.jdbc.ConnectionImpl.connectOneTryOnly(ConnectionImpl.java:948) ~[mysql-connector-java-8.0.30.jar:8.0.30]
	at com.mysql.cj.jdbc.ConnectionImpl.createNewIO(ConnectionImpl.java:818) ~[mysql-connector-java-8.0.30.jar:8.0.30]
	... 11 more
Caused by: java.net.UnknownHostException: db
	at java.net.InetAddress$CachedAddresses.get(InetAddress.java:801) ~[?:?]
	at java.net.InetAddress.getAllByName0(InetAddress.java:1509) ~[?:?]
	at java.net.InetAddress.getAllByName(InetAddress.java:1367) ~[?:?]
	at java.net.InetAddress.getAllByName(InetAddress.java:1301) ~[?:?]
	at com.mysql.cj.protocol.StandardSocketFactory.connect(StandardSocketFactory.java:130) ~[mysql-connector-java-8.0.30.jar:8.0.30]
	at com.mysql.cj.protocol.a.NativeSocketConnection.connect(NativeSocketConnection.java:63) ~[mysql-connector-java-8.0.30.jar:8.0.30]
	at com.mysql.cj.NativeSession.connect(NativeSession.java:120) ~[mysql-connector-java-8.0.30.jar:8.0.30]
	at com.mysql.cj.jdbc.ConnectionImpl.connectOneTryOnly(ConnectionImpl.java:948) ~[mysql-connector-java-8.0.30.jar:8.0.30]
	at com.mysql.cj.jdbc.ConnectionImpl.createNewIO(ConnectionImpl.java:818) ~[mysql-connector-java-8.0.30.jar:8.0.30]
	... 11 more
2026-08-12 17:22:42 DEBUG BasicResourcePool:1831 - An exception occurred while acquiring a poolable resource. Will retry.
com.mysql.cj.jdbc.exceptions.CommunicationsException: Communications link failure

The last packet sent successfully to the server was 0 milliseconds ago. The driver has not received any packets from the server.
	at com.mysql.cj.jdbc.exceptions.SQLError.createCommunicationsException(SQLError.java:174) ~[mysql-connector-java-8.0.30.jar:8.0.30]
	at com.mysql.cj.jdbc.exceptions.SQLExceptionsMapping.translateException(SQLExceptionsMapping.java:64) ~[mysql-connector-java-8.0.30.jar:8.0.30]
	at com.mysql.cj.jdbc.ConnectionImpl.createNewIO(ConnectionImpl.java:828) ~[mysql-connector-java-8.0.30.jar:8.0.30]
	at com.mysql.cj.jdbc.ConnectionImpl.<init>(ConnectionImpl.java:448) ~[mysql-connector-java-8.0.30.jar:8.0.30]
	at com.mysql.cj.jdbc.ConnectionImpl.getInstance(ConnectionImpl.java:241) ~[mysql-connector-java-8.0.30.jar:8.0.30]
	at com.mysql.cj.jdbc.NonRegisteringDriver.connect(NonRegisteringDriver.java:198) ~[mysql-connector-java-8.0.30.jar:8.0.30]
	at com.mchange.v2.c3p0.DriverManagerDataSource.getConnection(DriverManagerDataSource.java:134) ~[c3p0-0.9.1.2.jar:0.9.1.2]
	at com.mchange.v2.c3p0.WrapperConnectionPoolDataSource.getPooledConnection(WrapperConnectionPoolDataSource.java:182) ~[c3p0-0.9.1.2.jar:0.9.1.2]
	at com.mchange.v2.c3p0.WrapperConnectionPoolDataSource.getPooledConnection(WrapperConnectionPoolDataSource.java:171) ~[c3p0-0.9.1.2.jar:0.9.1.2]
	at com.mchange.v2.c3p0.impl.C3P0PooledConnectionPool$1PooledConnectionResourcePoolManager.acquireResource(C3P0PooledConnectionPool.java:137) ~[c3p0-0.9.1.2.jar:0.9.1.2]
	at com.mchange.v2.resourcepool.BasicResourcePool.doAcquire(BasicResourcePool.java:1014) ~[c3p0-0.9.1.2.jar:0.9.1.2]
	at com.mchange.v2.resourcepool.BasicResourcePool.access$800(BasicResourcePool.java:32) ~[c3p0-0.9.1.2.jar:0.9.1.2]
	at com.mchange.v2.resourcepool.BasicResourcePool$AcquireTask.run(BasicResourcePool.java:1810) [c3p0-0.9.1.2.jar:0.9.1.2]
	at com.mchange.v2.async.ThreadPoolAsynchronousRunner$PoolThread.run(ThreadPoolAsynchronousRunner.java:547) [c3p0-0.9.1.2.jar:0.9.1.2]
Caused by: com.mysql.cj.exceptions.CJCommunicationsException: Communications link failure

The last packet sent successfully to the server was 0 milliseconds ago. The driver has not received any packets from the server.
	at jdk.internal.reflect.GeneratedConstructorAccessor20.newInstance(Unknown Source) ~[?:?]
	at jdk.internal.reflect.DelegatingConstructorAccessorImpl.newInstance(DelegatingConstructorAccessorImpl.java:45) ~[?:?]
	at java.lang.reflect.Constructor.newInstanceWithCaller(Constructor.java:499) ~[?:?]
	at java.lang.reflect.Constructor.newInstance(Constructor.java:480) ~[?:?]
	at com.mysql.cj.exceptions.ExceptionFactory.createException(ExceptionFactory.java:61) ~[mysql-connector-java-8.0.30.jar:8.0.30]
	at com.mysql.cj.exceptions.ExceptionFactory.createException(ExceptionFactory.java:105) ~[mysql-connector-java-8.0.30.jar:8.0.30]
	at com.mysql.cj.exceptions.ExceptionFactory.createException(ExceptionFactory.java:151) ~[mysql-connector-java-8.0.30.jar:8.0.30]
	at com.mysql.cj.exceptions.ExceptionFactory.createCommunicationsException(ExceptionFactory.java:167) ~[mysql-connector-java-8.0.30.jar:8.0.30]
	at com.mysql.cj.protocol.a.NativeSocketConnection.connect(NativeSocketConnection.java:89) ~[mysql-connector-java-8.0.30.jar:8.0.30]
	at com.mysql.cj.NativeSession.connect(NativeSession.java:120) ~[mysql-connector-java-8.0.30.jar:8.0.30]
	at com.mysql.cj.jdbc.ConnectionImpl.connectOneTryOnly(ConnectionImpl.java:948) ~[mysql-connector-java-8.0.30.jar:8.0.30]
	at com.mysql.cj.jdbc.ConnectionImpl.createNewIO(ConnectionImpl.java:818) ~[mysql-connector-java-8.0.30.jar:8.0.30]
	... 11 more
Caused by: java.net.UnknownHostException: db
	at java.net.InetAddress$CachedAddresses.get(InetAddress.java:801) ~[?:?]
	at java.net.InetAddress.getAllByName0(InetAddress.java:1509) ~[?:?]
	at java.net.InetAddress.getAllByName(InetAddress.java:1367) ~[?:?]
	at java.net.InetAddress.getAllByName(InetAddress.java:1301) ~[?:?]
	at com.mysql.cj.protocol.StandardSocketFactory.connect(StandardSocketFactory.java:130) ~[mysql-connector-java-8.0.30.jar:8.0.30]
	at com.mysql.cj.protocol.a.NativeSocketConnection.connect(NativeSocketConnection.java:63) ~[mysql-connector-java-8.0.30.jar:8.0.30]
	at com.mysql.cj.NativeSession.connect(NativeSession.java:120) ~[mysql-connector-java-8.0.30.jar:8.0.30]
	at com.mysql.cj.jdbc.ConnectionImpl.connectOneTryOnly(ConnectionImpl.java:948) ~[mysql-connector-java-8.0.30.jar:8.0.30]
	at com.mysql.cj.jdbc.ConnectionImpl.createNewIO(ConnectionImpl.java:818) ~[mysql-connector-java-8.0.30.jar:8.0.30]
	... 11 more
2026-08-12 17:22:43 DEBUG BasicResourcePool:1831 - An exception occurred while acquiring a poolable resource. Will retry.
com.mysql.cj.jdbc.exceptions.CommunicationsException: Communications link failure

The last packet sent successfully to the server was 0 milliseconds ago. The driver has not received any packets from the server.
	at com.mysql.cj.jdbc.exceptions.SQLError.createCommunicationsException(SQLError.java:174) ~[mysql-connector-java-8.0.30.jar:8.0.30]
	at com.mysql.cj.jdbc.exceptions.SQLExceptionsMapping.translateException(SQLExceptionsMapping.java:64) ~[mysql-connector-java-8.0.30.jar:8.0.30]
	at com.mysql.cj.jdbc.ConnectionImpl.createNewIO(ConnectionImpl.java:828) ~[mysql-connector-java-8.0.30.jar:8.0.30]
	at com.mysql.cj.jdbc.ConnectionImpl.<init>(ConnectionImpl.java:448) ~[mysql-connector-java-8.0.30.jar:8.0.30]
	at com.mysql.cj.jdbc.ConnectionImpl.getInstance(ConnectionImpl.java:241) ~[mysql-connector-java-8.0.30.jar:8.0.30]
	at com.mysql.cj.jdbc.NonRegisteringDriver.connect(NonRegisteringDriver.java:198) ~[mysql-connector-java-8.0.30.jar:8.0.30]
	at com.mchange.v2.c3p0.DriverManagerDataSource.getConnection(DriverManagerDataSource.java:134) ~[c3p0-0.9.1.2.jar:0.9.1.2]
	at com.mchange.v2.c3p0.WrapperConnectionPoolDataSource.getPooledConnection(WrapperConnectionPoolDataSource.java:182) ~[c3p0-0.9.1.2.jar:0.9.1.2]
	at com.mchange.v2.c3p0.WrapperConnectionPoolDataSource.getPooledConnection(WrapperConnectionPoolDataSource.java:171) ~[c3p0-0.9.1.2.jar:0.9.1.2]
	at com.mchange.v2.c3p0.impl.C3P0PooledConnectionPool$1PooledConnectionResourcePoolManager.acquireResource(C3P0PooledConnectionPool.java:137) ~[c3p0-0.9.1.2.jar:0.9.1.2]
	at com.mchange.v2.resourcepool.BasicResourcePool.doAcquire(BasicResourcePool.java:1014) ~[c3p0-0.9.1.2.jar:0.9.1.2]
	at com.mchange.v2.resourcepool.BasicResourcePool.access$800(BasicResourcePool.java:32) ~[c3p0-0.9.1.2.jar:0.9.1.2]
	at com.mchange.v2.resourcepool.BasicResourcePool$AcquireTask.run(BasicResourcePool.java:1810) [c3p0-0.9.1.2.jar:0.9.1.2]
	at com.mchange.v2.async.ThreadPoolAsynchronousRunner$PoolThread.run(ThreadPoolAsynchronousRunner.java:547) [c3p0-0.9.1.2.jar:0.9.1.2]
Caused by: com.mysql.cj.exceptions.CJCommunicationsException: Communications link failure

The last packet sent successfully to the server was 0 milliseconds ago. The driver has not received any packets from the server.
	at jdk.internal.reflect.GeneratedConstructorAccessor20.newInstance(Unknown Source) ~[?:?]
	at jdk.internal.reflect.DelegatingConstructorAccessorImpl.newInstance(DelegatingConstructorAccessorImpl.java:45) ~[?:?]
	at java.lang.reflect.Constructor.newInstanceWithCaller(Constructor.java:499) ~[?:?]
	at java.lang.reflect.Constructor.newInstance(Constructor.java:480) ~[?:?]
	at com.mysql.cj.exceptions.ExceptionFactory.createException(ExceptionFactory.java:61) ~[mysql-connector-java-8.0.30.jar:8.0.30]
	at com.mysql.cj.exceptions.ExceptionFactory.createException(ExceptionFactory.java:105) ~[mysql-connector-java-8.0.30.jar:8.0.30]
	at com.mysql.cj.exceptions.ExceptionFactory.createException(ExceptionFactory.java:151) ~[mysql-connector-java-8.0.30.jar:8.0.30]
	at com.mysql.cj.exceptions.ExceptionFactory.createCommunicationsException(ExceptionFactory.java:167) ~[mysql-connector-java-8.0.30.jar:8.0.30]
	at com.mysql.cj.protocol.a.NativeSocketConnection.connect(NativeSocketConnection.java:89) ~[mysql-connector-java-8.0.30.jar:8.0.30]
	at com.mysql.cj.NativeSession.connect(NativeSession.java:120) ~[mysql-connector-java-8.0.30.jar:8.0.30]
	at com.mysql.cj.jdbc.ConnectionImpl.connectOneTryOnly(ConnectionImpl.java:948) ~[mysql-connector-java-8.0.30.jar:8.0.30]
	at com.mysql.cj.jdbc.ConnectionImpl.createNewIO(ConnectionImpl.java:818) ~[mysql-connector-java-8.0.30.jar:8.0.30]
	... 11 more
Caused by: java.net.UnknownHostException: db
	at java.net.InetAddress$CachedAddresses.get(InetAddress.java:801) ~[?:?]
	at java.net.InetAddress.getAllByName0(InetAddress.java:1509) ~[?:?]
	at java.net.InetAddress.getAllByName(InetAddress.java:1367) ~[?:?]
	at java.net.InetAddress.getAllByName(InetAddress.java:1301) ~[?:?]
	at com.mysql.cj.protocol.StandardSocketFactory.connect(StandardSocketFactory.java:130) ~[mysql-connector-java-8.0.30.jar:8.0.30]
	at com.mysql.cj.protocol.a.NativeSocketConnection.connect(NativeSocketConnection.java:63) ~[mysql-connector-java-8.0.30.jar:8.0.30]
	at com.mysql.cj.NativeSession.connect(NativeSession.java:120) ~[mysql-connector-java-8.0.30.jar:8.0.30]
	at com.mysql.cj.jdbc.ConnectionImpl.connectOneTryOnly(ConnectionImpl.java:948) ~[mysql-connector-java-8.0.30.jar:8.0.30]
	at com.mysql.cj.jdbc.ConnectionImpl.createNewIO(ConnectionImpl.java:818) ~[mysql-connector-java-8.0.30.jar:8.0.30]
	... 11 more
2026-08-12 17:22:43 DEBUG BasicResourcePool:1831 - An exception occurred while acquiring a poolable resource. Will retry.
com.mysql.cj.jdbc.exceptions.CommunicationsException: Communications link failure

The last packet sent successfully to the server was 0 milliseconds ago. The driver has not received any packets from the server.
	at com.mysql.cj.jdbc.exceptions.SQLError.createCommunicationsException(SQLError.java:174) ~[mysql-connector-java-8.0.30.jar:8.0.30]
	at com.mysql.cj.jdbc.exceptions.SQLExceptionsMapping.translateException(SQLExceptionsMapping.java:64) ~[mysql-connector-java-8.0.30.jar:8.0.30]
	at com.mysql.cj.jdbc.ConnectionImpl.createNewIO(ConnectionImpl.java:828) ~[mysql-connector-java-8.0.30.jar:8.0.30]
	at com.mysql.cj.jdbc.ConnectionImpl.<init>(ConnectionImpl.java:448) ~[mysql-connector-java-8.0.30.jar:8.0.30]
	at com.mysql.cj.jdbc.ConnectionImpl.getInstance(ConnectionImpl.java:241) ~[mysql-connector-java-8.0.30.jar:8.0.30]
	at com.mysql.cj.jdbc.NonRegisteringDriver.connect(NonRegisteringDriver.java:198) ~[mysql-connector-java-8.0.30.jar:8.0.30]
	at com.mchange.v2.c3p0.DriverManagerDataSource.getConnection(DriverManagerDataSource.java:134) ~[c3p0-0.9.1.2.jar:0.9.1.2]
	at com.mchange.v2.c3p0.WrapperConnectionPoolDataSource.getPooledConnection(WrapperConnectionPoolDataSource.java:182) ~[c3p0-0.9.1.2.jar:0.9.1.2]
	at com.mchange.v2.c3p0.WrapperConnectionPoolDataSource.getPooledConnection(WrapperConnectionPoolDataSource.java:171) ~[c3p0-0.9.1.2.jar:0.9.1.2]
	at com.mchange.v2.c3p0.impl.C3P0PooledConnectionPool$1PooledConnectionResourcePoolManager.acquireResource(C3P0PooledConnectionPool.java:137) ~[c3p0-0.9.1.2.jar:0.9.1.2]
	at com.mchange.v2.resourcepool.BasicResourcePool.doAcquire(BasicResourcePool.java:1014) ~[c3p0-0.9.1.2.jar:0.9.1.2]
	at com.mchange.v2.resourcepool.BasicResourcePool.access$800(BasicResourcePool.java:32) ~[c3p0-0.9.1.2.jar:0.9.1.2]
	at com.mchange.v2.resourcepool.BasicResourcePool$AcquireTask.run(BasicResourcePool.java:1810) [c3p0-0.9.1.2.jar:0.9.1.2]
	at com.mchange.v2.async.ThreadPoolAsynchronousRunner$PoolThread.run(ThreadPoolAsynchronousRunner.java:547) [c3p0-0.9.1.2.jar:0.9.1.2]
Caused by: com.mysql.cj.exceptions.CJCommunicationsException: Communications link failure

The last packet sent successfully to the server was 0 milliseconds ago. The driver has not received any packets from the server.
	at jdk.internal.reflect.GeneratedConstructorAccessor20.newInstance(Unknown Source) ~[?:?]
	at jdk.internal.reflect.DelegatingConstructorAccessorImpl.newInstance(DelegatingConstructorAccessorImpl.java:45) ~[?:?]
	at java.lang.reflect.Constructor.newInstanceWithCaller(Constructor.java:499) ~[?:?]
	at java.lang.reflect.Constructor.newInstance(Constructor.java:480) ~[?:?]
	at com.mysql.cj.exceptions.ExceptionFactory.createException(ExceptionFactory.java:61) ~[mysql-connector-java-8.0.30.jar:8.0.30]
	at com.mysql.cj.exceptions.ExceptionFactory.createException(ExceptionFactory.java:105) ~[mysql-connector-java-8.0.30.jar:8.0.30]
	at com.mysql.cj.exceptions.ExceptionFactory.createException(ExceptionFactory.java:151) ~[mysql-connector-java-8.0.30.jar:8.0.30]
	at com.mysql.cj.exceptions.ExceptionFactory.createCommunicationsException(ExceptionFactory.java:167) ~[mysql-connector-java-8.0.30.jar:8.0.30]
	at com.mysql.cj.protocol.a.NativeSocketConnection.connect(NativeSocketConnection.java:89) ~[mysql-connector-java-8.0.30.jar:8.0.30]
	at com.mysql.cj.NativeSession.connect(NativeSession.java:120) ~[mysql-connector-java-8.0.30.jar:8.0.30]
	at com.mysql.cj.jdbc.ConnectionImpl.connectOneTryOnly(ConnectionImpl.java:948) ~[mysql-connector-java-8.0.30.jar:8.0.30]
	at com.mysql.cj.jdbc.ConnectionImpl.createNewIO(ConnectionImpl.java:818) ~[mysql-connector-java-8.0.30.jar:8.0.30]
	... 11 more
Caused by: java.net.UnknownHostException: db
	at java.net.InetAddress$CachedAddresses.get(InetAddress.java:801) ~[?:?]
	at java.net.InetAddress.getAllByName0(InetAddress.java:1509) ~[?:?]
	at java.net.InetAddress.getAllByName(InetAddress.java:1367) ~[?:?]
	at java.net.InetAddress.getAllByName(InetAddress.java:1301) ~[?:?]
	at com.mysql.cj.protocol.StandardSocketFactory.connect(StandardSocketFactory.java:130) ~[mysql-connector-java-8.0.30.jar:8.0.30]
	at com.mysql.cj.protocol.a.NativeSocketConnection.connect(NativeSocketConnection.java:63) ~[mysql-connector-java-8.0.30.jar:8.0.30]
	at com.mysql.cj.NativeSession.connect(NativeSession.java:120) ~[mysql-connector-java-8.0.30.jar:8.0.30]
	at com.mysql.cj.jdbc.ConnectionImpl.connectOneTryOnly(ConnectionImpl.java:948) ~[mysql-connector-java-8.0.30.jar:8.0.30]
	at com.mysql.cj.jdbc.ConnectionImpl.createNewIO(ConnectionImpl.java:818) ~[mysql-connector-java-8.0.30.jar:8.0.30]
	... 11 more
2026-08-12 17:22:44 DEBUG BasicResourcePool:1935 - Checking for expired resources - Wed Aug 12 17:22:44 IST 2026 [com.mchange.v2.resourcepool.BasicResourcePool@553294b6]
2026-08-12 17:22:44 DEBUG BasicResourcePool:1447 - BEGIN check for expired resources.  [com.mchange.v2.resourcepool.BasicResourcePool@553294b6]
2026-08-12 17:22:44 DEBUG BasicResourcePool:1468 - FINISHED check for expired resources.  [com.mchange.v2.resourcepool.BasicResourcePool@553294b6]
2026-08-12 17:22:44 DEBUG BasicResourcePool:1831 - An exception occurred while acquiring a poolable resource. Will retry.
com.mysql.cj.jdbc.exceptions.CommunicationsException: Communications link failure

The last packet sent successfully to the server was 0 milliseconds ago. The driver has not received any packets from the server.
	at com.mysql.cj.jdbc.exceptions.SQLError.createCommunicationsException(SQLError.java:174) ~[mysql-connector-java-8.0.30.jar:8.0.30]
	at com.mysql.cj.jdbc.exceptions.SQLExceptionsMapping.translateException(SQLExceptionsMapping.java:64) ~[mysql-connector-java-8.0.30.jar:8.0.30]
	at com.mysql.cj.jdbc.ConnectionImpl.createNewIO(ConnectionImpl.java:828) ~[mysql-connector-java-8.0.30.jar:8.0.30]
	at com.mysql.cj.jdbc.ConnectionImpl.<init>(ConnectionImpl.java:448) ~[mysql-connector-java-8.0.30.jar:8.0.30]
	at com.mysql.cj.jdbc.ConnectionImpl.getInstance(ConnectionImpl.java:241) ~[mysql-connector-java-8.0.30.jar:8.0.30]
	at com.mysql.cj.jdbc.NonRegisteringDriver.connect(NonRegisteringDriver.java:198) ~[mysql-connector-java-8.0.30.jar:8.0.30]
	at com.mchange.v2.c3p0.DriverManagerDataSource.getConnection(DriverManagerDataSource.java:134) ~[c3p0-0.9.1.2.jar:0.9.1.2]
	at com.mchange.v2.c3p0.WrapperConnectionPoolDataSource.getPooledConnection(WrapperConnectionPoolDataSource.java:182) ~[c3p0-0.9.1.2.jar:0.9.1.2]
	at com.mchange.v2.c3p0.WrapperConnectionPoolDataSource.getPooledConnection(WrapperConnectionPoolDataSource.java:171) ~[c3p0-0.9.1.2.jar:0.9.1.2]
	at com.mchange.v2.c3p0.impl.C3P0PooledConnectionPool$1PooledConnectionResourcePoolManager.acquireResource(C3P0PooledConnectionPool.java:137) ~[c3p0-0.9.1.2.jar:0.9.1.2]
	at com.mchange.v2.resourcepool.BasicResourcePool.doAcquire(BasicResourcePool.java:1014) ~[c3p0-0.9.1.2.jar:0.9.1.2]
	at com.mchange.v2.resourcepool.BasicResourcePool.access$800(BasicResourcePool.java:32) ~[c3p0-0.9.1.2.jar:0.9.1.2]
	at com.mchange.v2.resourcepool.BasicResourcePool$AcquireTask.run(BasicResourcePool.java:1810) [c3p0-0.9.1.2.jar:0.9.1.2]
	at com.mchange.v2.async.ThreadPoolAsynchronousRunner$PoolThread.run(ThreadPoolAsynchronousRunner.java:547) [c3p0-0.9.1.2.jar:0.9.1.2]
Caused by: com.mysql.cj.exceptions.CJCommunicationsException: Communications link failure

The last packet sent successfully to the server was 0 milliseconds ago. The driver has not received any packets from the server.
	at jdk.internal.reflect.GeneratedConstructorAccessor20.newInstance(Unknown Source) ~[?:?]
	at jdk.internal.reflect.DelegatingConstructorAccessorImpl.newInstance(DelegatingConstructorAccessorImpl.java:45) ~[?:?]
	at java.lang.reflect.Constructor.newInstanceWithCaller(Constructor.java:499) ~[?:?]
	at java.lang.reflect.Constructor.newInstance(Constructor.java:480) ~[?:?]
	at com.mysql.cj.exceptions.ExceptionFactory.createException(ExceptionFactory.java:61) ~[mysql-connector-java-8.0.30.jar:8.0.30]
	at com.mysql.cj.exceptions.ExceptionFactory.createException(ExceptionFactory.java:105) ~[mysql-connector-java-8.0.30.jar:8.0.30]
	at com.mysql.cj.exceptions.ExceptionFactory.createException(ExceptionFactory.java:151) ~[mysql-connector-java-8.0.30.jar:8.0.30]
	at com.mysql.cj.exceptions.ExceptionFactory.createCommunicationsException(ExceptionFactory.java:167) ~[mysql-connector-java-8.0.30.jar:8.0.30]
	at com.mysql.cj.protocol.a.NativeSocketConnection.connect(NativeSocketConnection.java:89) ~[mysql-connector-java-8.0.30.jar:8.0.30]
	at com.mysql.cj.NativeSession.connect(NativeSession.java:120) ~[mysql-connector-java-8.0.30.jar:8.0.30]
	at com.mysql.cj.jdbc.ConnectionImpl.connectOneTryOnly(ConnectionImpl.java:948) ~[mysql-connector-java-8.0.30.jar:8.0.30]
	at com.mysql.cj.jdbc.ConnectionImpl.createNewIO(ConnectionImpl.java:818) ~[mysql-connector-java-8.0.30.jar:8.0.30]
	... 11 more
Caused by: java.net.UnknownHostException: db
	at java.net.InetAddress$CachedAddresses.get(InetAddress.java:801) ~[?:?]
	at java.net.InetAddress.getAllByName0(InetAddress.java:1509) ~[?:?]
	at java.net.InetAddress.getAllByName(InetAddress.java:1367) ~[?:?]
	at java.net.InetAddress.getAllByName(InetAddress.java:1301) ~[?:?]
	at com.mysql.cj.protocol.StandardSocketFactory.connect(StandardSocketFactory.java:130) ~[mysql-connector-java-8.0.30.jar:8.0.30]
	at com.mysql.cj.protocol.a.NativeSocketConnection.connect(NativeSocketConnection.java:63) ~[mysql-connector-java-8.0.30.jar:8.0.30]
	at com.mysql.cj.NativeSession.connect(NativeSession.java:120) ~[mysql-connector-java-8.0.30.jar:8.0.30]
	at com.mysql.cj.jdbc.ConnectionImpl.connectOneTryOnly(ConnectionImpl.java:948) ~[mysql-connector-java-8.0.30.jar:8.0.30]
	at com.mysql.cj.jdbc.ConnectionImpl.createNewIO(ConnectionImpl.java:818) ~[mysql-connector-java-8.0.30.jar:8.0.30]
	... 11 more
2026-08-12 17:22:44 DEBUG BasicResourcePool:1831 - An exception occurred while acquiring a poolable resource. Will retry.
com.mysql.cj.jdbc.exceptions.CommunicationsException: Communications link failure

The last packet sent successfully to the server was 0 milliseconds ago. The driver has not received any packets from the server.
	at com.mysql.cj.jdbc.exceptions.SQLError.createCommunicationsException(SQLError.java:174) ~[mysql-connector-java-8.0.30.jar:8.0.30]
	at com.mysql.cj.jdbc.exceptions.SQLExceptionsMapping.translateException(SQLExceptionsMapping.java:64) ~[mysql-connector-java-8.0.30.jar:8.0.30]
	at com.mysql.cj.jdbc.ConnectionImpl.createNewIO(ConnectionImpl.java:828) ~[mysql-connector-java-8.0.30.jar:8.0.30]
	at com.mysql.cj.jdbc.ConnectionImpl.<init>(ConnectionImpl.java:448) ~[mysql-connector-java-8.0.30.jar:8.0.30]
	at com.mysql.cj.jdbc.ConnectionImpl.getInstance(ConnectionImpl.java:241) ~[mysql-connector-java-8.0.30.jar:8.0.30]
	at com.mysql.cj.jdbc.NonRegisteringDriver.connect(NonRegisteringDriver.java:198) ~[mysql-connector-java-8.0.30.jar:8.0.30]
	at com.mchange.v2.c3p0.DriverManagerDataSource.getConnection(DriverManagerDataSource.java:134) ~[c3p0-0.9.1.2.jar:0.9.1.2]
	at com.mchange.v2.c3p0.WrapperConnectionPoolDataSource.getPooledConnection(WrapperConnectionPoolDataSource.java:182) ~[c3p0-0.9.1.2.jar:0.9.1.2]
	at com.mchange.v2.c3p0.WrapperConnectionPoolDataSource.getPooledConnection(WrapperConnectionPoolDataSource.java:171) ~[c3p0-0.9.1.2.jar:0.9.1.2]
	at com.mchange.v2.c3p0.impl.C3P0PooledConnectionPool$1PooledConnectionResourcePoolManager.acquireResource(C3P0PooledConnectionPool.java:137) ~[c3p0-0.9.1.2.jar:0.9.1.2]
	at com.mchange.v2.resourcepool.BasicResourcePool.doAcquire(BasicResourcePool.java:1014) ~[c3p0-0.9.1.2.jar:0.9.1.2]
	at com.mchange.v2.resourcepool.BasicResourcePool.access$800(BasicResourcePool.java:32) ~[c3p0-0.9.1.2.jar:0.9.1.2]
	at com.mchange.v2.resourcepool.BasicResourcePool$AcquireTask.run(BasicResourcePool.java:1810) [c3p0-0.9.1.2.jar:0.9.1.2]
	at com.mchange.v2.async.ThreadPoolAsynchronousRunner$PoolThread.run(ThreadPoolAsynchronousRunner.java:547) [c3p0-0.9.1.2.jar:0.9.1.2]
Caused by: com.mysql.cj.exceptions.CJCommunicationsException: Communications link failure

The last packet sent successfully to the server was 0 milliseconds ago. The driver has not received any packets from the server.
	at jdk.internal.reflect.GeneratedConstructorAccessor20.newInstance(Unknown Source) ~[?:?]
	at jdk.internal.reflect.DelegatingConstructorAccessorImpl.newInstance(DelegatingConstructorAccessorImpl.java:45) ~[?:?]
	at java.lang.reflect.Constructor.newInstanceWithCaller(Constructor.java:499) ~[?:?]
	at java.lang.reflect.Constructor.newInstance(Constructor.java:480) ~[?:?]
	at com.mysql.cj.exceptions.ExceptionFactory.createException(ExceptionFactory.java:61) ~[mysql-connector-java-8.0.30.jar:8.0.30]
	at com.mysql.cj.exceptions.ExceptionFactory.createException(ExceptionFactory.java:105) ~[mysql-connector-java-8.0.30.jar:8.0.30]
	at com.mysql.cj.exceptions.ExceptionFactory.createException(ExceptionFactory.java:151) ~[mysql-connector-java-8.0.30.jar:8.0.30]
	at com.mysql.cj.exceptions.ExceptionFactory.createCommunicationsException(ExceptionFactory.java:167) ~[mysql-connector-java-8.0.30.jar:8.0.30]
	at com.mysql.cj.protocol.a.NativeSocketConnection.connect(NativeSocketConnection.java:89) ~[mysql-connector-java-8.0.30.jar:8.0.30]
	at com.mysql.cj.NativeSession.connect(NativeSession.java:120) ~[mysql-connector-java-8.0.30.jar:8.0.30]
	at com.mysql.cj.jdbc.ConnectionImpl.connectOneTryOnly(ConnectionImpl.java:948) ~[mysql-connector-java-8.0.30.jar:8.0.30]
	at com.mysql.cj.jdbc.ConnectionImpl.createNewIO(ConnectionImpl.java:818) ~[mysql-connector-java-8.0.30.jar:8.0.30]
	... 11 more
Caused by: java.net.UnknownHostException: db
	at java.net.InetAddress$CachedAddresses.get(InetAddress.java:801) ~[?:?]
	at java.net.InetAddress.getAllByName0(InetAddress.java:1509) ~[?:?]
	at java.net.InetAddress.getAllByName(InetAddress.java:1367) ~[?:?]
	at java.net.InetAddress.getAllByName(InetAddress.java:1301) ~[?:?]
	at com.mysql.cj.protocol.StandardSocketFactory.connect(StandardSocketFactory.java:130) ~[mysql-connector-java-8.0.30.jar:8.0.30]
	at com.mysql.cj.protocol.a.NativeSocketConnection.connect(NativeSocketConnection.java:63) ~[mysql-connector-java-8.0.30.jar:8.0.30]
	at com.mysql.cj.NativeSession.connect(NativeSession.java:120) ~[mysql-connector-java-8.0.30.jar:8.0.30]
	at com.mysql.cj.jdbc.ConnectionImpl.connectOneTryOnly(ConnectionImpl.java:948) ~[mysql-connector-java-8.0.30.jar:8.0.30]
	at com.mysql.cj.jdbc.ConnectionImpl.createNewIO(ConnectionImpl.java:818) ~[mysql-connector-java-8.0.30.jar:8.0.30]
	... 11 more
2026-08-12 17:23:20 DEBUG LoginCtl:85 - LoginCtl Method populatebean Ended
2026-08-12 17:23:22 DEBUG LoginCtl:85 - LoginCtl Method populatebean Ended
2026-08-12 17:23:22 DEBUG LoginCtl:45 - LoginCtl Method validate Started
2026-08-12 17:23:22 DEBUG LoginCtl:71 - LoginCtl Method validate Ended
2026-08-12 17:23:22 DEBUG LoginCtl:114 -  Method doGet Started
2026-08-12 17:23:22 DEBUG BaseModel:108 - Model findBy EmailId Started
2026-08-12 17:23:23 INFO  MLog:80 - MLog clients using log4j logging.
2026-08-12 17:23:23 INFO  C3P0Registry:204 - Initializing c3p0-0.9.1.2 [built 21-May-2007 15:04:56; debug? true; trace: 10]
2026-08-12 17:23:23 DEBUG DynamicPooledDataSourceManagerMBean:236 - MBean: com.mchange.v2.c3p0:type=PooledDataSource[1hge16bbj1w7fe2t1nzaysl|16f044c6] registered.
2026-08-12 17:23:23 DEBUG BasicResourcePool:404 - incremented pending_acquires: 1
2026-08-12 17:23:23 DEBUG BasicResourcePool:289 - com.mchange.v2.resourcepool.BasicResourcePool@553294b6 config: [start -> 1; min -> 1; max -> 5; inc -> 1; num_acq_attempts -> 30; acq_attempt_delay -> 1000; check_idle_resources_delay -> 0; mox_resource_age -> 0; max_idle_time -> 10000; excess_max_idle_time -> 0; destroy_unreturned_resc_time -> 0; expiration_enforcement_delay -> 2500; break_on_acquisition_failure -> false; debug_store_checkout_exceptions -> false]
2026-08-12 17:23:23 INFO  AbstractPoolBackedDataSource:462 - Initializing c3p0 pool... com.mchange.v2.c3p0.ComboPooledDataSource [ acquireIncrement -> 1, acquireRetryAttempts -> 30, acquireRetryDelay -> 1000, autoCommitOnClose -> false, automaticTestTable -> null, breakAfterAcquireFailure -> false, checkoutTimeout -> 0, connectionCustomizerClassName -> null, connectionTesterClassName -> com.mchange.v2.c3p0.impl.DefaultConnectionTester, dataSourceName -> 1hge16bbj1w7fe2t1nzaysl|16f044c6, debugUnreturnedConnectionStackTraces -> false, description -> null, driverClass -> com.mysql.cj.jdbc.Driver, factoryClassLocation -> null, forceIgnoreUnresolvedTransactions -> false, identityToken -> 1hge16bbj1w7fe2t1nzaysl|16f044c6, idleConnectionTestPeriod -> 0, initialPoolSize -> 1, jdbcUrl -> jdbc:mysql://localhost:3306/p04, maxAdministrativeTaskTime -> 0, maxConnectionAge -> 0, maxIdleTime -> 10, maxIdleTimeExcessConnections -> 0, maxPoolSize -> 5, maxStatements -> 0, maxStatementsPerConnection -> 0, minPoolSize -> 1, numHelperThreads -> 3, numThreadsAwaitingCheckoutDefaultUser -> 0, preferredTestQuery -> null, properties -> {password=******, user=******}, propertyCycle -> 0, testConnectionOnCheckin -> false, testConnectionOnCheckout -> false, unreturnedConnectionTimeout -> 0, usesTraditionalReflectiveProxies -> false ]
2026-08-12 17:23:23 DEBUG BasicResourcePool:538 - acquire test -- pool size: 0; target_pool_size: 1; desired target? 1
2026-08-12 17:23:23 DEBUG BasicResourcePool:404 - incremented pending_acquires: 2
2026-08-12 17:23:23 DEBUG BasicResourcePool:1291 - awaitAvailable(): [unknown]
2026-08-12 17:23:23 DEBUG BasicResourcePool:1644 - trace com.mchange.v2.resourcepool.BasicResourcePool@553294b6 [managed: 0, unused: 0, excluded: 0]
2026-08-12 17:23:25 DEBUG C3P0PooledConnectionPool:217 - com.mchange.v2.c3p0.impl.C3P0PooledConnectionPool$1PooledConnectionResourcePoolManager@3b5ed0b6.acquireResource() returning. 
2026-08-12 17:23:25 DEBUG C3P0PooledConnectionPool:217 - com.mchange.v2.c3p0.impl.C3P0PooledConnectionPool$1PooledConnectionResourcePoolManager@3b5ed0b6.acquireResource() returning. 
2026-08-12 17:23:25 DEBUG BasicResourcePool:1644 - trace com.mchange.v2.resourcepool.BasicResourcePool@553294b6 [managed: 1, unused: 1, excluded: 0]
2026-08-12 17:23:25 DEBUG BasicResourcePool:422 - decremented pending_acquires: 1
2026-08-12 17:23:25 DEBUG BasicResourcePool:1644 - trace com.mchange.v2.resourcepool.BasicResourcePool@553294b6 [managed: 1, unused: 0, excluded: 0] (e.g. com.mchange.v2.c3p0.impl.NewPooledConnection@7983e60d)
2026-08-12 17:23:25 DEBUG BasicResourcePool:1644 - trace com.mchange.v2.resourcepool.BasicResourcePool@553294b6 [managed: 2, unused: 1, excluded: 0] (e.g. com.mchange.v2.c3p0.impl.NewPooledConnection@7983e60d)
2026-08-12 17:23:25 DEBUG BasicResourcePool:422 - decremented pending_acquires: 0
2026-08-12 17:23:25 DEBUG BasicResourcePool:1644 - trace com.mchange.v2.resourcepool.BasicResourcePool@553294b6 [managed: 2, unused: 1, excluded: 0] (e.g. com.mchange.v2.c3p0.impl.NewPooledConnection@7983e60d)
2026-08-12 17:23:25 DEBUG BaseModel:130 - Model findBy EmailId End
2026-08-12 17:23:25 DEBUG BaseModel:82 - Model findByPK Started
2026-08-12 17:23:25 DEBUG BasicResourcePool:1644 - trace com.mchange.v2.resourcepool.BasicResourcePool@553294b6 [managed: 2, unused: 1, excluded: 0] (e.g. com.mchange.v2.c3p0.impl.NewPooledConnection@7983e60d)
2026-08-12 17:23:25 DEBUG BasicResourcePool:1644 - trace com.mchange.v2.resourcepool.BasicResourcePool@553294b6 [managed: 2, unused: 1, excluded: 0] (e.g. com.mchange.v2.c3p0.impl.NewPooledConnection@7983e60d)
2026-08-12 17:23:25 DEBUG BaseModel:102 - Model findByPK End
2026-08-12 17:23:33 DEBUG BasicResourcePool:1935 - Checking for expired resources - Wed Aug 12 17:23:33 IST 2026 [com.mchange.v2.resourcepool.BasicResourcePool@553294b6]
2026-08-12 17:23:33 DEBUG BasicResourcePool:1447 - BEGIN check for expired resources.  [com.mchange.v2.resourcepool.BasicResourcePool@553294b6]
2026-08-12 17:23:33 DEBUG BasicResourcePool:1468 - FINISHED check for expired resources.  [com.mchange.v2.resourcepool.BasicResourcePool@553294b6]
2026-08-12 17:23:36 DEBUG BasicResourcePool:1935 - Checking for expired resources - Wed Aug 12 17:23:36 IST 2026 [com.mchange.v2.resourcepool.BasicResourcePool@553294b6]
2026-08-12 17:23:36 DEBUG BasicResourcePool:1447 - BEGIN check for expired resources.  [com.mchange.v2.resourcepool.BasicResourcePool@553294b6]
2026-08-12 17:23:36 DEBUG BasicResourcePool:1529 - EXPIRED idle resource: com.mchange.v2.c3p0.impl.NewPooledConnection@7983e60d ---> idle_time: 10730; max_idle_time: 10000 [com.mchange.v2.resourcepool.BasicResourcePool@553294b6]
2026-08-12 17:23:36 DEBUG BasicResourcePool:1458 - Removing expired resource: com.mchange.v2.c3p0.impl.NewPooledConnection@7983e60d [com.mchange.v2.resourcepool.BasicResourcePool@553294b6]
2026-08-12 17:23:36 DEBUG BasicResourcePool:962 - Preparing to destroy resource: com.mchange.v2.c3p0.impl.NewPooledConnection@7983e60d
2026-08-12 17:23:36 DEBUG BasicResourcePool:1644 - trace com.mchange.v2.resourcepool.BasicResourcePool@553294b6 [managed: 1, unused: 1, excluded: 0] (e.g. com.mchange.v2.c3p0.impl.NewPooledConnection@7983e60d)
2026-08-12 17:23:36 DEBUG C3P0PooledConnectionPool:468 - Preparing to destroy PooledConnection: com.mchange.v2.c3p0.impl.NewPooledConnection@7983e60d
2026-08-12 17:23:36 DEBUG BasicResourcePool:1644 - trace com.mchange.v2.resourcepool.BasicResourcePool@553294b6 [managed: 1, unused: 1, excluded: 0] (e.g. com.mchange.v2.c3p0.impl.NewPooledConnection@7983e60d)
2026-08-12 17:23:36 DEBUG BasicResourcePool:1529 - EXPIRED idle resource: com.mchange.v2.c3p0.impl.NewPooledConnection@17109df7 ---> idle_time: 10919; max_idle_time: 10000 [com.mchange.v2.resourcepool.BasicResourcePool@553294b6]
2026-08-12 17:23:36 DEBUG BasicResourcePool:1458 - Removing expired resource: com.mchange.v2.c3p0.impl.NewPooledConnection@17109df7 [com.mchange.v2.resourcepool.BasicResourcePool@553294b6]
2026-08-12 17:23:36 DEBUG BasicResourcePool:962 - Preparing to destroy resource: com.mchange.v2.c3p0.impl.NewPooledConnection@17109df7
2026-08-12 17:23:36 DEBUG BasicResourcePool:1644 - trace com.mchange.v2.resourcepool.BasicResourcePool@553294b6 [managed: 0, unused: 0, excluded: 0] (e.g. com.mchange.v2.c3p0.impl.NewPooledConnection@7983e60d)
2026-08-12 17:23:36 DEBUG C3P0PooledConnectionPool:468 - Preparing to destroy PooledConnection: com.mchange.v2.c3p0.impl.NewPooledConnection@17109df7
2026-08-12 17:23:36 DEBUG BasicResourcePool:1644 - trace com.mchange.v2.resourcepool.BasicResourcePool@553294b6 [managed: 0, unused: 0, excluded: 0] (e.g. com.mchange.v2.c3p0.impl.NewPooledConnection@7983e60d)
2026-08-12 17:23:36 DEBUG BasicResourcePool:1468 - FINISHED check for expired resources.  [com.mchange.v2.resourcepool.BasicResourcePool@553294b6]
2026-08-12 17:23:36 DEBUG BasicResourcePool:404 - incremented pending_acquires: 1
2026-08-12 17:23:36 DEBUG C3P0PooledConnectionPool:217 - com.mchange.v2.c3p0.impl.C3P0PooledConnectionPool$1PooledConnectionResourcePoolManager@3b5ed0b6.acquireResource() returning. 
2026-08-12 17:23:36 DEBUG BasicResourcePool:1644 - trace com.mchange.v2.resourcepool.BasicResourcePool@553294b6 [managed: 1, unused: 1, excluded: 0] (e.g. com.mchange.v2.c3p0.impl.NewPooledConnection@7983e60d)
2026-08-12 17:23:36 DEBUG BasicResourcePool:422 - decremented pending_acquires: 0
2026-08-12 17:23:36 DEBUG NewPooledConnection:566 - com.mchange.v2.c3p0.impl.NewPooledConnection@7983e60d closed by a client.
java.lang.Exception: DEBUG -- CLOSE BY CLIENT STACK TRACE
	at com.mchange.v2.c3p0.impl.NewPooledConnection.close(NewPooledConnection.java:566) [c3p0-0.9.1.2.jar:0.9.1.2]
	at com.mchange.v2.c3p0.impl.NewPooledConnection.close(NewPooledConnection.java:234) [c3p0-0.9.1.2.jar:0.9.1.2]
	at com.mchange.v2.c3p0.impl.C3P0PooledConnectionPool$1PooledConnectionResourcePoolManager.destroyResource(C3P0PooledConnectionPool.java:470) [c3p0-0.9.1.2.jar:0.9.1.2]
	at com.mchange.v2.resourcepool.BasicResourcePool$1DestroyResourceTask.run(BasicResourcePool.java:964) [c3p0-0.9.1.2.jar:0.9.1.2]
	at com.mchange.v2.async.ThreadPoolAsynchronousRunner$PoolThread.run(ThreadPoolAsynchronousRunner.java:547) [c3p0-0.9.1.2.jar:0.9.1.2]
2026-08-12 17:23:36 DEBUG NewPooledConnection:566 - com.mchange.v2.c3p0.impl.NewPooledConnection@17109df7 closed by a client.
java.lang.Exception: DEBUG -- CLOSE BY CLIENT STACK TRACE
	at com.mchange.v2.c3p0.impl.NewPooledConnection.close(NewPooledConnection.java:566) [c3p0-0.9.1.2.jar:0.9.1.2]
	at com.mchange.v2.c3p0.impl.NewPooledConnection.close(NewPooledConnection.java:234) [c3p0-0.9.1.2.jar:0.9.1.2]
	at com.mchange.v2.c3p0.impl.C3P0PooledConnectionPool$1PooledConnectionResourcePoolManager.destroyResource(C3P0PooledConnectionPool.java:470) [c3p0-0.9.1.2.jar:0.9.1.2]
	at com.mchange.v2.resourcepool.BasicResourcePool$1DestroyResourceTask.run(BasicResourcePool.java:964) [c3p0-0.9.1.2.jar:0.9.1.2]
	at com.mchange.v2.async.ThreadPoolAsynchronousRunner$PoolThread.run(ThreadPoolAsynchronousRunner.java:547) [c3p0-0.9.1.2.jar:0.9.1.2]
2026-08-12 17:23:36 DEBUG C3P0PooledConnectionPool:476 - Successfully destroyed PooledConnection: com.mchange.v2.c3p0.impl.NewPooledConnection@7983e60d
2026-08-12 17:23:36 DEBUG C3P0PooledConnectionPool:476 - Successfully destroyed PooledConnection: com.mchange.v2.c3p0.impl.NewPooledConnection@17109df7
2026-08-12 17:23:36 DEBUG BasicResourcePool:967 - Successfully destroyed resource: com.mchange.v2.c3p0.impl.NewPooledConnection@7983e60d
2026-08-12 17:23:36 DEBUG BasicResourcePool:967 - Successfully destroyed resource: com.mchange.v2.c3p0.impl.NewPooledConnection@17109df7
2026-08-12 17:23:38 DEBUG BasicResourcePool:1935 - Checking for expired resources - Wed Aug 12 17:23:38 IST 2026 [com.mchange.v2.resourcepool.BasicResourcePool@553294b6]
2026-08-12 17:23:38 DEBUG BasicResourcePool:1447 - BEGIN check for expired resources.  [com.mchange.v2.resourcepool.BasicResourcePool@553294b6]
2026-08-12 17:23:38 DEBUG BasicResourcePool:1468 - FINISHED check for expired resources.  [com.mchange.v2.resourcepool.BasicResourcePool@553294b6]
2026-08-12 17:23:41 DEBUG BasicResourcePool:1935 - Checking for expired resources - Wed Aug 12 17:23:41 IST 2026 [com.mchange.v2.resourcepool.BasicResourcePool@553294b6]
2026-08-12 17:23:41 DEBUG BasicResourcePool:1447 - BEGIN check for expired resources.  [com.mchange.v2.resourcepool.BasicResourcePool@553294b6]
2026-08-12 17:23:41 DEBUG BasicResourcePool:1468 - FINISHED check for expired resources.  [com.mchange.v2.resourcepool.BasicResourcePool@553294b6]
2026-08-13 12:38:29 DEBUG LoginCtl:85 - LoginCtl Method populatebean Ended
2026-08-13 12:38:31 DEBUG LoginCtl:85 - LoginCtl Method populatebean Ended
2026-08-13 12:38:31 DEBUG LoginCtl:45 - LoginCtl Method validate Started
2026-08-13 12:38:31 DEBUG LoginCtl:71 - LoginCtl Method validate Ended
2026-08-13 12:38:31 DEBUG LoginCtl:114 -  Method doGet Started
2026-08-13 12:38:31 DEBUG BaseModel:108 - Model findBy EmailId Started
2026-08-13 12:38:31 INFO  MLog:80 - MLog clients using log4j logging.
2026-08-13 12:38:31 INFO  C3P0Registry:204 - Initializing c3p0-0.9.1.2 [built 21-May-2007 15:04:56; debug? true; trace: 10]
2026-08-13 12:38:31 DEBUG DynamicPooledDataSourceManagerMBean:236 - MBean: com.mchange.v2.c3p0:type=PooledDataSource[1hge16bbj1xcowwut7mhbr|7841268] registered.
2026-08-13 12:38:32 DEBUG BasicResourcePool:404 - incremented pending_acquires: 1
2026-08-13 12:38:32 DEBUG BasicResourcePool:289 - com.mchange.v2.resourcepool.BasicResourcePool@21b61687 config: [start -> 1; min -> 1; max -> 5; inc -> 1; num_acq_attempts -> 30; acq_attempt_delay -> 1000; check_idle_resources_delay -> 0; mox_resource_age -> 0; max_idle_time -> 10000; excess_max_idle_time -> 0; destroy_unreturned_resc_time -> 0; expiration_enforcement_delay -> 2500; break_on_acquisition_failure -> false; debug_store_checkout_exceptions -> false]
2026-08-13 12:38:32 INFO  AbstractPoolBackedDataSource:462 - Initializing c3p0 pool... com.mchange.v2.c3p0.ComboPooledDataSource [ acquireIncrement -> 1, acquireRetryAttempts -> 30, acquireRetryDelay -> 1000, autoCommitOnClose -> false, automaticTestTable -> null, breakAfterAcquireFailure -> false, checkoutTimeout -> 0, connectionCustomizerClassName -> null, connectionTesterClassName -> com.mchange.v2.c3p0.impl.DefaultConnectionTester, dataSourceName -> 1hge16bbj1xcowwut7mhbr|7841268, debugUnreturnedConnectionStackTraces -> false, description -> null, driverClass -> com.mysql.cj.jdbc.Driver, factoryClassLocation -> null, forceIgnoreUnresolvedTransactions -> false, identityToken -> 1hge16bbj1xcowwut7mhbr|7841268, idleConnectionTestPeriod -> 0, initialPoolSize -> 1, jdbcUrl -> jdbc:mysql://localhost:3306/p04, maxAdministrativeTaskTime -> 0, maxConnectionAge -> 0, maxIdleTime -> 10, maxIdleTimeExcessConnections -> 0, maxPoolSize -> 5, maxStatements -> 0, maxStatementsPerConnection -> 0, minPoolSize -> 1, numHelperThreads -> 3, numThreadsAwaitingCheckoutDefaultUser -> 0, preferredTestQuery -> null, properties -> {password=******, user=******}, propertyCycle -> 0, testConnectionOnCheckin -> false, testConnectionOnCheckout -> false, unreturnedConnectionTimeout -> 0, usesTraditionalReflectiveProxies -> false ]
2026-08-13 12:38:32 DEBUG BasicResourcePool:538 - acquire test -- pool size: 0; target_pool_size: 1; desired target? 1
2026-08-13 12:38:32 DEBUG BasicResourcePool:404 - incremented pending_acquires: 2
2026-08-13 12:38:32 DEBUG BasicResourcePool:1291 - awaitAvailable(): [unknown]
2026-08-13 12:38:32 DEBUG BasicResourcePool:1644 - trace com.mchange.v2.resourcepool.BasicResourcePool@21b61687 [managed: 0, unused: 0, excluded: 0]
2026-08-13 12:38:33 DEBUG C3P0PooledConnectionPool:217 - com.mchange.v2.c3p0.impl.C3P0PooledConnectionPool$1PooledConnectionResourcePoolManager@62a78fc1.acquireResource() returning. 
2026-08-13 12:38:33 DEBUG C3P0PooledConnectionPool:217 - com.mchange.v2.c3p0.impl.C3P0PooledConnectionPool$1PooledConnectionResourcePoolManager@62a78fc1.acquireResource() returning. 
2026-08-13 12:38:33 DEBUG BasicResourcePool:1644 - trace com.mchange.v2.resourcepool.BasicResourcePool@21b61687 [managed: 1, unused: 1, excluded: 0]
2026-08-13 12:38:33 DEBUG BasicResourcePool:1644 - trace com.mchange.v2.resourcepool.BasicResourcePool@21b61687 [managed: 1, unused: 0, excluded: 0] (e.g. com.mchange.v2.c3p0.impl.NewPooledConnection@5ca8da93)
2026-08-13 12:38:33 DEBUG BasicResourcePool:1644 - trace com.mchange.v2.resourcepool.BasicResourcePool@21b61687 [managed: 2, unused: 1, excluded: 0] (e.g. com.mchange.v2.c3p0.impl.NewPooledConnection@5ca8da93)
2026-08-13 12:38:33 DEBUG BasicResourcePool:422 - decremented pending_acquires: 1
2026-08-13 12:38:33 DEBUG BasicResourcePool:422 - decremented pending_acquires: 0
2026-08-13 12:38:33 DEBUG BasicResourcePool:1644 - trace com.mchange.v2.resourcepool.BasicResourcePool@21b61687 [managed: 2, unused: 1, excluded: 0] (e.g. com.mchange.v2.c3p0.impl.NewPooledConnection@5ca8da93)
2026-08-13 12:38:33 DEBUG BaseModel:130 - Model findBy EmailId End
2026-08-13 12:38:33 DEBUG BaseModel:82 - Model findByPK Started
2026-08-13 12:38:33 DEBUG BasicResourcePool:1644 - trace com.mchange.v2.resourcepool.BasicResourcePool@21b61687 [managed: 2, unused: 1, excluded: 0] (e.g. com.mchange.v2.c3p0.impl.NewPooledConnection@5ca8da93)
2026-08-13 12:38:33 DEBUG BasicResourcePool:1644 - trace com.mchange.v2.resourcepool.BasicResourcePool@21b61687 [managed: 2, unused: 1, excluded: 0] (e.g. com.mchange.v2.c3p0.impl.NewPooledConnection@5ca8da93)
2026-08-13 12:38:33 DEBUG BaseModel:102 - Model findByPK End
2026-08-13 12:38:42 DEBUG BasicResourcePool:1935 - Checking for expired resources - Thu Aug 13 12:38:42 IST 2026 [com.mchange.v2.resourcepool.BasicResourcePool@21b61687]
2026-08-13 12:38:42 DEBUG BasicResourcePool:1447 - BEGIN check for expired resources.  [com.mchange.v2.resourcepool.BasicResourcePool@21b61687]
2026-08-13 12:38:42 DEBUG BasicResourcePool:1468 - FINISHED check for expired resources.  [com.mchange.v2.resourcepool.BasicResourcePool@21b61687]
2026-08-13 12:38:44 DEBUG BasicResourcePool:1935 - Checking for expired resources - Thu Aug 13 12:38:44 IST 2026 [com.mchange.v2.resourcepool.BasicResourcePool@21b61687]
2026-08-13 12:38:44 DEBUG BasicResourcePool:1447 - BEGIN check for expired resources.  [com.mchange.v2.resourcepool.BasicResourcePool@21b61687]
2026-08-13 12:38:44 DEBUG BasicResourcePool:1529 - EXPIRED idle resource: com.mchange.v2.c3p0.impl.NewPooledConnection@5ca8da93 ---> idle_time: 10736; max_idle_time: 10000 [com.mchange.v2.resourcepool.BasicResourcePool@21b61687]
2026-08-13 12:38:44 DEBUG BasicResourcePool:1458 - Removing expired resource: com.mchange.v2.c3p0.impl.NewPooledConnection@5ca8da93 [com.mchange.v2.resourcepool.BasicResourcePool@21b61687]
2026-08-13 12:38:44 DEBUG BasicResourcePool:962 - Preparing to destroy resource: com.mchange.v2.c3p0.impl.NewPooledConnection@5ca8da93
2026-08-13 12:38:44 DEBUG C3P0PooledConnectionPool:468 - Preparing to destroy PooledConnection: com.mchange.v2.c3p0.impl.NewPooledConnection@5ca8da93
2026-08-13 12:38:44 DEBUG BasicResourcePool:1644 - trace com.mchange.v2.resourcepool.BasicResourcePool@21b61687 [managed: 1, unused: 1, excluded: 0] (e.g. com.mchange.v2.c3p0.impl.NewPooledConnection@5ca8da93)
2026-08-13 12:38:44 DEBUG BasicResourcePool:1644 - trace com.mchange.v2.resourcepool.BasicResourcePool@21b61687 [managed: 1, unused: 1, excluded: 0] (e.g. com.mchange.v2.c3p0.impl.NewPooledConnection@5ca8da93)
2026-08-13 12:38:44 DEBUG BasicResourcePool:1529 - EXPIRED idle resource: com.mchange.v2.c3p0.impl.NewPooledConnection@4821dec3 ---> idle_time: 10955; max_idle_time: 10000 [com.mchange.v2.resourcepool.BasicResourcePool@21b61687]
2026-08-13 12:38:44 DEBUG BasicResourcePool:1458 - Removing expired resource: com.mchange.v2.c3p0.impl.NewPooledConnection@4821dec3 [com.mchange.v2.resourcepool.BasicResourcePool@21b61687]
2026-08-13 12:38:44 DEBUG BasicResourcePool:1644 - trace com.mchange.v2.resourcepool.BasicResourcePool@21b61687 [managed: 0, unused: 0, excluded: 0] (e.g. com.mchange.v2.c3p0.impl.NewPooledConnection@5ca8da93)
2026-08-13 12:38:44 DEBUG BasicResourcePool:1644 - trace com.mchange.v2.resourcepool.BasicResourcePool@21b61687 [managed: 0, unused: 0, excluded: 0] (e.g. com.mchange.v2.c3p0.impl.NewPooledConnection@5ca8da93)
2026-08-13 12:38:44 DEBUG BasicResourcePool:962 - Preparing to destroy resource: com.mchange.v2.c3p0.impl.NewPooledConnection@4821dec3
2026-08-13 12:38:44 DEBUG BasicResourcePool:1468 - FINISHED check for expired resources.  [com.mchange.v2.resourcepool.BasicResourcePool@21b61687]
2026-08-13 12:38:44 DEBUG C3P0PooledConnectionPool:468 - Preparing to destroy PooledConnection: com.mchange.v2.c3p0.impl.NewPooledConnection@4821dec3
2026-08-13 12:38:44 DEBUG BasicResourcePool:404 - incremented pending_acquires: 1
2026-08-13 12:38:44 DEBUG NewPooledConnection:566 - com.mchange.v2.c3p0.impl.NewPooledConnection@4821dec3 closed by a client.
java.lang.Exception: DEBUG -- CLOSE BY CLIENT STACK TRACE
	at com.mchange.v2.c3p0.impl.NewPooledConnection.close(NewPooledConnection.java:566) [c3p0-0.9.1.2.jar:0.9.1.2]
	at com.mchange.v2.c3p0.impl.NewPooledConnection.close(NewPooledConnection.java:234) [c3p0-0.9.1.2.jar:0.9.1.2]
	at com.mchange.v2.c3p0.impl.C3P0PooledConnectionPool$1PooledConnectionResourcePoolManager.destroyResource(C3P0PooledConnectionPool.java:470) [c3p0-0.9.1.2.jar:0.9.1.2]
	at com.mchange.v2.resourcepool.BasicResourcePool$1DestroyResourceTask.run(BasicResourcePool.java:964) [c3p0-0.9.1.2.jar:0.9.1.2]
	at com.mchange.v2.async.ThreadPoolAsynchronousRunner$PoolThread.run(ThreadPoolAsynchronousRunner.java:547) [c3p0-0.9.1.2.jar:0.9.1.2]
2026-08-13 12:38:44 DEBUG C3P0PooledConnectionPool:476 - Successfully destroyed PooledConnection: com.mchange.v2.c3p0.impl.NewPooledConnection@4821dec3
2026-08-13 12:38:44 DEBUG C3P0PooledConnectionPool:217 - com.mchange.v2.c3p0.impl.C3P0PooledConnectionPool$1PooledConnectionResourcePoolManager@62a78fc1.acquireResource() returning. 
2026-08-13 12:38:44 DEBUG NewPooledConnection:566 - com.mchange.v2.c3p0.impl.NewPooledConnection@5ca8da93 closed by a client.
java.lang.Exception: DEBUG -- CLOSE BY CLIENT STACK TRACE
	at com.mchange.v2.c3p0.impl.NewPooledConnection.close(NewPooledConnection.java:566) [c3p0-0.9.1.2.jar:0.9.1.2]
	at com.mchange.v2.c3p0.impl.NewPooledConnection.close(NewPooledConnection.java:234) [c3p0-0.9.1.2.jar:0.9.1.2]
	at com.mchange.v2.c3p0.impl.C3P0PooledConnectionPool$1PooledConnectionResourcePoolManager.destroyResource(C3P0PooledConnectionPool.java:470) [c3p0-0.9.1.2.jar:0.9.1.2]
	at com.mchange.v2.resourcepool.BasicResourcePool$1DestroyResourceTask.run(BasicResourcePool.java:964) [c3p0-0.9.1.2.jar:0.9.1.2]
	at com.mchange.v2.async.ThreadPoolAsynchronousRunner$PoolThread.run(ThreadPoolAsynchronousRunner.java:547) [c3p0-0.9.1.2.jar:0.9.1.2]
2026-08-13 12:38:44 DEBUG BasicResourcePool:967 - Successfully destroyed resource: com.mchange.v2.c3p0.impl.NewPooledConnection@4821dec3
2026-08-13 12:38:44 DEBUG BasicResourcePool:1644 - trace com.mchange.v2.resourcepool.BasicResourcePool@21b61687 [managed: 1, unused: 1, excluded: 0] (e.g. com.mchange.v2.c3p0.impl.NewPooledConnection@5ca8da93)
2026-08-13 12:38:44 DEBUG C3P0PooledConnectionPool:476 - Successfully destroyed PooledConnection: com.mchange.v2.c3p0.impl.NewPooledConnection@5ca8da93
2026-08-13 12:38:44 DEBUG BasicResourcePool:422 - decremented pending_acquires: 0
2026-08-13 12:38:44 DEBUG BasicResourcePool:967 - Successfully destroyed resource: com.mchange.v2.c3p0.impl.NewPooledConnection@5ca8da93
2026-08-13 12:38:47 DEBUG BasicResourcePool:1935 - Checking for expired resources - Thu Aug 13 12:38:47 IST 2026 [com.mchange.v2.resourcepool.BasicResourcePool@21b61687]
2026-08-13 12:38:47 DEBUG BasicResourcePool:1447 - BEGIN check for expired resources.  [com.mchange.v2.resourcepool.BasicResourcePool@21b61687]
2026-08-13 12:38:47 DEBUG BasicResourcePool:1468 - FINISHED check for expired resources.  [com.mchange.v2.resourcepool.BasicResourcePool@21b61687]
2026-08-13 12:38:49 DEBUG BasicResourcePool:1935 - Checking for expired resources - Thu Aug 13 12:38:49 IST 2026 [com.mchange.v2.resourcepool.BasicResourcePool@21b61687]
2026-08-13 12:38:49 DEBUG BasicResourcePool:1447 - BEGIN check for expired resources.  [com.mchange.v2.resourcepool.BasicResourcePool@21b61687]
2026-08-13 12:38:49 DEBUG BasicResourcePool:1468 - FINISHED check for expired resources.  [com.mchange.v2.resourcepool.BasicResourcePool@21b61687]
2026-08-13 12:38:52 DEBUG BasicResourcePool:1935 - Checking for expired resources - Thu Aug 13 12:38:52 IST 2026 [com.mchange.v2.resourcepool.BasicResourcePool@21b61687]
2026-08-13 12:38:52 DEBUG BasicResourcePool:1447 - BEGIN check for expired resources.  [com.mchange.v2.resourcepool.BasicResourcePool@21b61687]
2026-08-13 12:38:52 DEBUG BasicResourcePool:1468 - FINISHED check for expired resources.  [com.mchange.v2.resourcepool.BasicResourcePool@21b61687]
2026-08-13 12:44:37 DEBUG LoginCtl:85 - LoginCtl Method populatebean Ended
2026-08-13 12:44:39 DEBUG LoginCtl:85 - LoginCtl Method populatebean Ended
2026-08-13 12:44:39 DEBUG LoginCtl:45 - LoginCtl Method validate Started
2026-08-13 12:44:39 DEBUG LoginCtl:71 - LoginCtl Method validate Ended
2026-08-13 12:44:39 DEBUG LoginCtl:114 -  Method doGet Started
2026-08-13 12:44:39 DEBUG BaseModel:108 - Model findBy EmailId Started
2026-08-13 12:44:39 INFO  MLog:80 - MLog clients using log4j logging.
2026-08-13 12:44:39 INFO  C3P0Registry:204 - Initializing c3p0-0.9.1.2 [built 21-May-2007 15:04:56; debug? true; trace: 10]
2026-08-13 12:44:40 DEBUG DynamicPooledDataSourceManagerMBean:236 - MBean: com.mchange.v2.c3p0:type=PooledDataSource[1hge16bbj1xcwsxew373io|5add70aa] registered.
2026-08-13 12:44:40 DEBUG BasicResourcePool:404 - incremented pending_acquires: 1
2026-08-13 12:44:40 DEBUG BasicResourcePool:289 - com.mchange.v2.resourcepool.BasicResourcePool@27e6cf4c config: [start -> 1; min -> 1; max -> 5; inc -> 1; num_acq_attempts -> 30; acq_attempt_delay -> 1000; check_idle_resources_delay -> 0; mox_resource_age -> 0; max_idle_time -> 10000; excess_max_idle_time -> 0; destroy_unreturned_resc_time -> 0; expiration_enforcement_delay -> 2500; break_on_acquisition_failure -> false; debug_store_checkout_exceptions -> false]
2026-08-13 12:44:40 INFO  AbstractPoolBackedDataSource:462 - Initializing c3p0 pool... com.mchange.v2.c3p0.ComboPooledDataSource [ acquireIncrement -> 1, acquireRetryAttempts -> 30, acquireRetryDelay -> 1000, autoCommitOnClose -> false, automaticTestTable -> null, breakAfterAcquireFailure -> false, checkoutTimeout -> 0, connectionCustomizerClassName -> null, connectionTesterClassName -> com.mchange.v2.c3p0.impl.DefaultConnectionTester, dataSourceName -> 1hge16bbj1xcwsxew373io|5add70aa, debugUnreturnedConnectionStackTraces -> false, description -> null, driverClass -> com.mysql.cj.jdbc.Driver, factoryClassLocation -> null, forceIgnoreUnresolvedTransactions -> false, identityToken -> 1hge16bbj1xcwsxew373io|5add70aa, idleConnectionTestPeriod -> 0, initialPoolSize -> 1, jdbcUrl -> jdbc:mysql://db:3306/p04, maxAdministrativeTaskTime -> 0, maxConnectionAge -> 0, maxIdleTime -> 10, maxIdleTimeExcessConnections -> 0, maxPoolSize -> 5, maxStatements -> 0, maxStatementsPerConnection -> 0, minPoolSize -> 1, numHelperThreads -> 3, numThreadsAwaitingCheckoutDefaultUser -> 0, preferredTestQuery -> null, properties -> {password=******, user=******}, propertyCycle -> 0, testConnectionOnCheckin -> false, testConnectionOnCheckout -> false, unreturnedConnectionTimeout -> 0, usesTraditionalReflectiveProxies -> false ]
2026-08-13 12:44:40 DEBUG BasicResourcePool:538 - acquire test -- pool size: 0; target_pool_size: 1; desired target? 1
2026-08-13 12:44:40 DEBUG BasicResourcePool:404 - incremented pending_acquires: 2
2026-08-13 12:44:40 DEBUG BasicResourcePool:1291 - awaitAvailable(): [unknown]
2026-08-13 12:44:40 DEBUG BasicResourcePool:1644 - trace com.mchange.v2.resourcepool.BasicResourcePool@27e6cf4c [managed: 0, unused: 0, excluded: 0]
2026-08-13 12:44:48 DEBUG BasicResourcePool:1831 - An exception occurred while acquiring a poolable resource. Will retry.
com.mysql.cj.jdbc.exceptions.CommunicationsException: Communications link failure

The last packet sent successfully to the server was 0 milliseconds ago. The driver has not received any packets from the server.
	at com.mysql.cj.jdbc.exceptions.SQLError.createCommunicationsException(SQLError.java:174) ~[mysql-connector-java-8.0.30.jar:8.0.30]
	at com.mysql.cj.jdbc.exceptions.SQLExceptionsMapping.translateException(SQLExceptionsMapping.java:64) ~[mysql-connector-java-8.0.30.jar:8.0.30]
	at com.mysql.cj.jdbc.ConnectionImpl.createNewIO(ConnectionImpl.java:828) ~[mysql-connector-java-8.0.30.jar:8.0.30]
	at com.mysql.cj.jdbc.ConnectionImpl.<init>(ConnectionImpl.java:448) ~[mysql-connector-java-8.0.30.jar:8.0.30]
	at com.mysql.cj.jdbc.ConnectionImpl.getInstance(ConnectionImpl.java:241) ~[mysql-connector-java-8.0.30.jar:8.0.30]
	at com.mysql.cj.jdbc.NonRegisteringDriver.connect(NonRegisteringDriver.java:198) ~[mysql-connector-java-8.0.30.jar:8.0.30]
	at com.mchange.v2.c3p0.DriverManagerDataSource.getConnection(DriverManagerDataSource.java:134) ~[c3p0-0.9.1.2.jar:0.9.1.2]
	at com.mchange.v2.c3p0.WrapperConnectionPoolDataSource.getPooledConnection(WrapperConnectionPoolDataSource.java:182) ~[c3p0-0.9.1.2.jar:0.9.1.2]
	at com.mchange.v2.c3p0.WrapperConnectionPoolDataSource.getPooledConnection(WrapperConnectionPoolDataSource.java:171) ~[c3p0-0.9.1.2.jar:0.9.1.2]
	at com.mchange.v2.c3p0.impl.C3P0PooledConnectionPool$1PooledConnectionResourcePoolManager.acquireResource(C3P0PooledConnectionPool.java:137) ~[c3p0-0.9.1.2.jar:0.9.1.2]
	at com.mchange.v2.resourcepool.BasicResourcePool.doAcquire(BasicResourcePool.java:1014) ~[c3p0-0.9.1.2.jar:0.9.1.2]
	at com.mchange.v2.resourcepool.BasicResourcePool.access$800(BasicResourcePool.java:32) ~[c3p0-0.9.1.2.jar:0.9.1.2]
	at com.mchange.v2.resourcepool.BasicResourcePool$AcquireTask.run(BasicResourcePool.java:1810) [c3p0-0.9.1.2.jar:0.9.1.2]
	at com.mchange.v2.async.ThreadPoolAsynchronousRunner$PoolThread.run(ThreadPoolAsynchronousRunner.java:547) [c3p0-0.9.1.2.jar:0.9.1.2]
Caused by: com.mysql.cj.exceptions.CJCommunicationsException: Communications link failure

The last packet sent successfully to the server was 0 milliseconds ago. The driver has not received any packets from the server.
	at jdk.internal.reflect.NativeConstructorAccessorImpl.newInstance0(Native Method) ~[?:?]
	at jdk.internal.reflect.NativeConstructorAccessorImpl.newInstance(NativeConstructorAccessorImpl.java:77) ~[?:?]
	at jdk.internal.reflect.DelegatingConstructorAccessorImpl.newInstance(DelegatingConstructorAccessorImpl.java:45) ~[?:?]
	at java.lang.reflect.Constructor.newInstanceWithCaller(Constructor.java:499) ~[?:?]
	at java.lang.reflect.Constructor.newInstance(Constructor.java:480) ~[?:?]
	at com.mysql.cj.exceptions.ExceptionFactory.createException(ExceptionFactory.java:61) ~[mysql-connector-java-8.0.30.jar:8.0.30]
	at com.mysql.cj.exceptions.ExceptionFactory.createException(ExceptionFactory.java:105) ~[mysql-connector-java-8.0.30.jar:8.0.30]
	at com.mysql.cj.exceptions.ExceptionFactory.createException(ExceptionFactory.java:151) ~[mysql-connector-java-8.0.30.jar:8.0.30]
	at com.mysql.cj.exceptions.ExceptionFactory.createCommunicationsException(ExceptionFactory.java:167) ~[mysql-connector-java-8.0.30.jar:8.0.30]
	at com.mysql.cj.protocol.a.NativeSocketConnection.connect(NativeSocketConnection.java:89) ~[mysql-connector-java-8.0.30.jar:8.0.30]
	at com.mysql.cj.NativeSession.connect(NativeSession.java:120) ~[mysql-connector-java-8.0.30.jar:8.0.30]
	at com.mysql.cj.jdbc.ConnectionImpl.connectOneTryOnly(ConnectionImpl.java:948) ~[mysql-connector-java-8.0.30.jar:8.0.30]
	at com.mysql.cj.jdbc.ConnectionImpl.createNewIO(ConnectionImpl.java:818) ~[mysql-connector-java-8.0.30.jar:8.0.30]
	... 11 more
Caused by: java.net.UnknownHostException: No such host is known (db)
	at java.net.Inet6AddressImpl.lookupAllHostAddr(Native Method) ~[?:?]
	at java.net.InetAddress$PlatformNameService.lookupAllHostAddr(InetAddress.java:933) ~[?:?]
	at java.net.InetAddress.getAddressesFromNameService(InetAddress.java:1519) ~[?:?]
	at java.net.InetAddress$NameServiceAddresses.get(InetAddress.java:852) ~[?:?]
	at java.net.InetAddress.getAllByName0(InetAddress.java:1509) ~[?:?]
	at java.net.InetAddress.getAllByName(InetAddress.java:1367) ~[?:?]
	at java.net.InetAddress.getAllByName(InetAddress.java:1301) ~[?:?]
	at com.mysql.cj.protocol.StandardSocketFactory.connect(StandardSocketFactory.java:130) ~[mysql-connector-java-8.0.30.jar:8.0.30]
	at com.mysql.cj.protocol.a.NativeSocketConnection.connect(NativeSocketConnection.java:63) ~[mysql-connector-java-8.0.30.jar:8.0.30]
	at com.mysql.cj.NativeSession.connect(NativeSession.java:120) ~[mysql-connector-java-8.0.30.jar:8.0.30]
	at com.mysql.cj.jdbc.ConnectionImpl.connectOneTryOnly(ConnectionImpl.java:948) ~[mysql-connector-java-8.0.30.jar:8.0.30]
	at com.mysql.cj.jdbc.ConnectionImpl.createNewIO(ConnectionImpl.java:818) ~[mysql-connector-java-8.0.30.jar:8.0.30]
	... 11 more
2026-08-13 12:44:48 DEBUG BasicResourcePool:1831 - An exception occurred while acquiring a poolable resource. Will retry.
com.mysql.cj.jdbc.exceptions.CommunicationsException: Communications link failure

The last packet sent successfully to the server was 0 milliseconds ago. The driver has not received any packets from the server.
	at com.mysql.cj.jdbc.exceptions.SQLError.createCommunicationsException(SQLError.java:174) ~[mysql-connector-java-8.0.30.jar:8.0.30]
	at com.mysql.cj.jdbc.exceptions.SQLExceptionsMapping.translateException(SQLExceptionsMapping.java:64) ~[mysql-connector-java-8.0.30.jar:8.0.30]
	at com.mysql.cj.jdbc.ConnectionImpl.createNewIO(ConnectionImpl.java:828) ~[mysql-connector-java-8.0.30.jar:8.0.30]
	at com.mysql.cj.jdbc.ConnectionImpl.<init>(ConnectionImpl.java:448) ~[mysql-connector-java-8.0.30.jar:8.0.30]
	at com.mysql.cj.jdbc.ConnectionImpl.getInstance(ConnectionImpl.java:241) ~[mysql-connector-java-8.0.30.jar:8.0.30]
	at com.mysql.cj.jdbc.NonRegisteringDriver.connect(NonRegisteringDriver.java:198) ~[mysql-connector-java-8.0.30.jar:8.0.30]
	at com.mchange.v2.c3p0.DriverManagerDataSource.getConnection(DriverManagerDataSource.java:134) ~[c3p0-0.9.1.2.jar:0.9.1.2]
	at com.mchange.v2.c3p0.WrapperConnectionPoolDataSource.getPooledConnection(WrapperConnectionPoolDataSource.java:182) ~[c3p0-0.9.1.2.jar:0.9.1.2]
	at com.mchange.v2.c3p0.WrapperConnectionPoolDataSource.getPooledConnection(WrapperConnectionPoolDataSource.java:171) ~[c3p0-0.9.1.2.jar:0.9.1.2]
	at com.mchange.v2.c3p0.impl.C3P0PooledConnectionPool$1PooledConnectionResourcePoolManager.acquireResource(C3P0PooledConnectionPool.java:137) ~[c3p0-0.9.1.2.jar:0.9.1.2]
	at com.mchange.v2.resourcepool.BasicResourcePool.doAcquire(BasicResourcePool.java:1014) ~[c3p0-0.9.1.2.jar:0.9.1.2]
	at com.mchange.v2.resourcepool.BasicResourcePool.access$800(BasicResourcePool.java:32) ~[c3p0-0.9.1.2.jar:0.9.1.2]
	at com.mchange.v2.resourcepool.BasicResourcePool$AcquireTask.run(BasicResourcePool.java:1810) [c3p0-0.9.1.2.jar:0.9.1.2]
	at com.mchange.v2.async.ThreadPoolAsynchronousRunner$PoolThread.run(ThreadPoolAsynchronousRunner.java:547) [c3p0-0.9.1.2.jar:0.9.1.2]
Caused by: com.mysql.cj.exceptions.CJCommunicationsException: Communications link failure

The last packet sent successfully to the server was 0 milliseconds ago. The driver has not received any packets from the server.
	at jdk.internal.reflect.NativeConstructorAccessorImpl.newInstance0(Native Method) ~[?:?]
	at jdk.internal.reflect.NativeConstructorAccessorImpl.newInstance(NativeConstructorAccessorImpl.java:77) ~[?:?]
	at jdk.internal.reflect.DelegatingConstructorAccessorImpl.newInstance(DelegatingConstructorAccessorImpl.java:45) ~[?:?]
	at java.lang.reflect.Constructor.newInstanceWithCaller(Constructor.java:499) ~[?:?]
	at java.lang.reflect.Constructor.newInstance(Constructor.java:480) ~[?:?]
	at com.mysql.cj.exceptions.ExceptionFactory.createException(ExceptionFactory.java:61) ~[mysql-connector-java-8.0.30.jar:8.0.30]
	at com.mysql.cj.exceptions.ExceptionFactory.createException(ExceptionFactory.java:105) ~[mysql-connector-java-8.0.30.jar:8.0.30]
	at com.mysql.cj.exceptions.ExceptionFactory.createException(ExceptionFactory.java:151) ~[mysql-connector-java-8.0.30.jar:8.0.30]
	at com.mysql.cj.exceptions.ExceptionFactory.createCommunicationsException(ExceptionFactory.java:167) ~[mysql-connector-java-8.0.30.jar:8.0.30]
	at com.mysql.cj.protocol.a.NativeSocketConnection.connect(NativeSocketConnection.java:89) ~[mysql-connector-java-8.0.30.jar:8.0.30]
	at com.mysql.cj.NativeSession.connect(NativeSession.java:120) ~[mysql-connector-java-8.0.30.jar:8.0.30]
	at com.mysql.cj.jdbc.ConnectionImpl.connectOneTryOnly(ConnectionImpl.java:948) ~[mysql-connector-java-8.0.30.jar:8.0.30]
	at com.mysql.cj.jdbc.ConnectionImpl.createNewIO(ConnectionImpl.java:818) ~[mysql-connector-java-8.0.30.jar:8.0.30]
	... 11 more
Caused by: java.net.UnknownHostException: db
	at java.net.InetAddress$CachedAddresses.get(InetAddress.java:801) ~[?:?]
	at java.net.InetAddress$NameServiceAddresses.get(InetAddress.java:887) ~[?:?]
	at java.net.InetAddress.getAllByName0(InetAddress.java:1509) ~[?:?]
	at java.net.InetAddress.getAllByName(InetAddress.java:1367) ~[?:?]
	at java.net.InetAddress.getAllByName(InetAddress.java:1301) ~[?:?]
	at com.mysql.cj.protocol.StandardSocketFactory.connect(StandardSocketFactory.java:130) ~[mysql-connector-java-8.0.30.jar:8.0.30]
	at com.mysql.cj.protocol.a.NativeSocketConnection.connect(NativeSocketConnection.java:63) ~[mysql-connector-java-8.0.30.jar:8.0.30]
	at com.mysql.cj.NativeSession.connect(NativeSession.java:120) ~[mysql-connector-java-8.0.30.jar:8.0.30]
	at com.mysql.cj.jdbc.ConnectionImpl.connectOneTryOnly(ConnectionImpl.java:948) ~[mysql-connector-java-8.0.30.jar:8.0.30]
	at com.mysql.cj.jdbc.ConnectionImpl.createNewIO(ConnectionImpl.java:818) ~[mysql-connector-java-8.0.30.jar:8.0.30]
	... 11 more
2026-08-13 12:44:49 DEBUG BasicResourcePool:1831 - An exception occurred while acquiring a poolable resource. Will retry.
com.mysql.cj.jdbc.exceptions.CommunicationsException: Communications link failure

The last packet sent successfully to the server was 0 milliseconds ago. The driver has not received any packets from the server.
	at com.mysql.cj.jdbc.exceptions.SQLError.createCommunicationsException(SQLError.java:174) ~[mysql-connector-java-8.0.30.jar:8.0.30]
	at com.mysql.cj.jdbc.exceptions.SQLExceptionsMapping.translateException(SQLExceptionsMapping.java:64) ~[mysql-connector-java-8.0.30.jar:8.0.30]
	at com.mysql.cj.jdbc.ConnectionImpl.createNewIO(ConnectionImpl.java:828) ~[mysql-connector-java-8.0.30.jar:8.0.30]
	at com.mysql.cj.jdbc.ConnectionImpl.<init>(ConnectionImpl.java:448) ~[mysql-connector-java-8.0.30.jar:8.0.30]
	at com.mysql.cj.jdbc.ConnectionImpl.getInstance(ConnectionImpl.java:241) ~[mysql-connector-java-8.0.30.jar:8.0.30]
	at com.mysql.cj.jdbc.NonRegisteringDriver.connect(NonRegisteringDriver.java:198) ~[mysql-connector-java-8.0.30.jar:8.0.30]
	at com.mchange.v2.c3p0.DriverManagerDataSource.getConnection(DriverManagerDataSource.java:134) ~[c3p0-0.9.1.2.jar:0.9.1.2]
	at com.mchange.v2.c3p0.WrapperConnectionPoolDataSource.getPooledConnection(WrapperConnectionPoolDataSource.java:182) ~[c3p0-0.9.1.2.jar:0.9.1.2]
	at com.mchange.v2.c3p0.WrapperConnectionPoolDataSource.getPooledConnection(WrapperConnectionPoolDataSource.java:171) ~[c3p0-0.9.1.2.jar:0.9.1.2]
	at com.mchange.v2.c3p0.impl.C3P0PooledConnectionPool$1PooledConnectionResourcePoolManager.acquireResource(C3P0PooledConnectionPool.java:137) ~[c3p0-0.9.1.2.jar:0.9.1.2]
	at com.mchange.v2.resourcepool.BasicResourcePool.doAcquire(BasicResourcePool.java:1014) ~[c3p0-0.9.1.2.jar:0.9.1.2]
	at com.mchange.v2.resourcepool.BasicResourcePool.access$800(BasicResourcePool.java:32) ~[c3p0-0.9.1.2.jar:0.9.1.2]
	at com.mchange.v2.resourcepool.BasicResourcePool$AcquireTask.run(BasicResourcePool.java:1810) [c3p0-0.9.1.2.jar:0.9.1.2]
	at com.mchange.v2.async.ThreadPoolAsynchronousRunner$PoolThread.run(ThreadPoolAsynchronousRunner.java:547) [c3p0-0.9.1.2.jar:0.9.1.2]
Caused by: com.mysql.cj.exceptions.CJCommunicationsException: Communications link failure

The last packet sent successfully to the server was 0 milliseconds ago. The driver has not received any packets from the server.
	at jdk.internal.reflect.NativeConstructorAccessorImpl.newInstance0(Native Method) ~[?:?]
	at jdk.internal.reflect.NativeConstructorAccessorImpl.newInstance(NativeConstructorAccessorImpl.java:77) ~[?:?]
	at jdk.internal.reflect.DelegatingConstructorAccessorImpl.newInstance(DelegatingConstructorAccessorImpl.java:45) ~[?:?]
	at java.lang.reflect.Constructor.newInstanceWithCaller(Constructor.java:499) ~[?:?]
	at java.lang.reflect.Constructor.newInstance(Constructor.java:480) ~[?:?]
	at com.mysql.cj.exceptions.ExceptionFactory.createException(ExceptionFactory.java:61) ~[mysql-connector-java-8.0.30.jar:8.0.30]
	at com.mysql.cj.exceptions.ExceptionFactory.createException(ExceptionFactory.java:105) ~[mysql-connector-java-8.0.30.jar:8.0.30]
	at com.mysql.cj.exceptions.ExceptionFactory.createException(ExceptionFactory.java:151) ~[mysql-connector-java-8.0.30.jar:8.0.30]
	at com.mysql.cj.exceptions.ExceptionFactory.createCommunicationsException(ExceptionFactory.java:167) ~[mysql-connector-java-8.0.30.jar:8.0.30]
	at com.mysql.cj.protocol.a.NativeSocketConnection.connect(NativeSocketConnection.java:89) ~[mysql-connector-java-8.0.30.jar:8.0.30]
	at com.mysql.cj.NativeSession.connect(NativeSession.java:120) ~[mysql-connector-java-8.0.30.jar:8.0.30]
	at com.mysql.cj.jdbc.ConnectionImpl.connectOneTryOnly(ConnectionImpl.java:948) ~[mysql-connector-java-8.0.30.jar:8.0.30]
	at com.mysql.cj.jdbc.ConnectionImpl.createNewIO(ConnectionImpl.java:818) ~[mysql-connector-java-8.0.30.jar:8.0.30]
	... 11 more
Caused by: java.net.UnknownHostException: db
	at java.net.InetAddress$CachedAddresses.get(InetAddress.java:801) ~[?:?]
	at java.net.InetAddress.getAllByName0(InetAddress.java:1509) ~[?:?]
	at java.net.InetAddress.getAllByName(InetAddress.java:1367) ~[?:?]
	at java.net.InetAddress.getAllByName(InetAddress.java:1301) ~[?:?]
	at com.mysql.cj.protocol.StandardSocketFactory.connect(StandardSocketFactory.java:130) ~[mysql-connector-java-8.0.30.jar:8.0.30]
	at com.mysql.cj.protocol.a.NativeSocketConnection.connect(NativeSocketConnection.java:63) ~[mysql-connector-java-8.0.30.jar:8.0.30]
	at com.mysql.cj.NativeSession.connect(NativeSession.java:120) ~[mysql-connector-java-8.0.30.jar:8.0.30]
	at com.mysql.cj.jdbc.ConnectionImpl.connectOneTryOnly(ConnectionImpl.java:948) ~[mysql-connector-java-8.0.30.jar:8.0.30]
	at com.mysql.cj.jdbc.ConnectionImpl.createNewIO(ConnectionImpl.java:818) ~[mysql-connector-java-8.0.30.jar:8.0.30]
	... 11 more
2026-08-13 12:44:49 DEBUG BasicResourcePool:1831 - An exception occurred while acquiring a poolable resource. Will retry.
com.mysql.cj.jdbc.exceptions.CommunicationsException: Communications link failure

The last packet sent successfully to the server was 0 milliseconds ago. The driver has not received any packets from the server.
	at com.mysql.cj.jdbc.exceptions.SQLError.createCommunicationsException(SQLError.java:174) ~[mysql-connector-java-8.0.30.jar:8.0.30]
	at com.mysql.cj.jdbc.exceptions.SQLExceptionsMapping.translateException(SQLExceptionsMapping.java:64) ~[mysql-connector-java-8.0.30.jar:8.0.30]
	at com.mysql.cj.jdbc.ConnectionImpl.createNewIO(ConnectionImpl.java:828) ~[mysql-connector-java-8.0.30.jar:8.0.30]
	at com.mysql.cj.jdbc.ConnectionImpl.<init>(ConnectionImpl.java:448) ~[mysql-connector-java-8.0.30.jar:8.0.30]
	at com.mysql.cj.jdbc.ConnectionImpl.getInstance(ConnectionImpl.java:241) ~[mysql-connector-java-8.0.30.jar:8.0.30]
	at com.mysql.cj.jdbc.NonRegisteringDriver.connect(NonRegisteringDriver.java:198) ~[mysql-connector-java-8.0.30.jar:8.0.30]
	at com.mchange.v2.c3p0.DriverManagerDataSource.getConnection(DriverManagerDataSource.java:134) ~[c3p0-0.9.1.2.jar:0.9.1.2]
	at com.mchange.v2.c3p0.WrapperConnectionPoolDataSource.getPooledConnection(WrapperConnectionPoolDataSource.java:182) ~[c3p0-0.9.1.2.jar:0.9.1.2]
	at com.mchange.v2.c3p0.WrapperConnectionPoolDataSource.getPooledConnection(WrapperConnectionPoolDataSource.java:171) ~[c3p0-0.9.1.2.jar:0.9.1.2]
	at com.mchange.v2.c3p0.impl.C3P0PooledConnectionPool$1PooledConnectionResourcePoolManager.acquireResource(C3P0PooledConnectionPool.java:137) ~[c3p0-0.9.1.2.jar:0.9.1.2]
	at com.mchange.v2.resourcepool.BasicResourcePool.doAcquire(BasicResourcePool.java:1014) ~[c3p0-0.9.1.2.jar:0.9.1.2]
	at com.mchange.v2.resourcepool.BasicResourcePool.access$800(BasicResourcePool.java:32) ~[c3p0-0.9.1.2.jar:0.9.1.2]
	at com.mchange.v2.resourcepool.BasicResourcePool$AcquireTask.run(BasicResourcePool.java:1810) [c3p0-0.9.1.2.jar:0.9.1.2]
	at com.mchange.v2.async.ThreadPoolAsynchronousRunner$PoolThread.run(ThreadPoolAsynchronousRunner.java:547) [c3p0-0.9.1.2.jar:0.9.1.2]
Caused by: com.mysql.cj.exceptions.CJCommunicationsException: Communications link failure

The last packet sent successfully to the server was 0 milliseconds ago. The driver has not received any packets from the server.
	at jdk.internal.reflect.NativeConstructorAccessorImpl.newInstance0(Native Method) ~[?:?]
	at jdk.internal.reflect.NativeConstructorAccessorImpl.newInstance(NativeConstructorAccessorImpl.java:77) ~[?:?]
	at jdk.internal.reflect.DelegatingConstructorAccessorImpl.newInstance(DelegatingConstructorAccessorImpl.java:45) ~[?:?]
	at java.lang.reflect.Constructor.newInstanceWithCaller(Constructor.java:499) ~[?:?]
	at java.lang.reflect.Constructor.newInstance(Constructor.java:480) ~[?:?]
	at com.mysql.cj.exceptions.ExceptionFactory.createException(ExceptionFactory.java:61) ~[mysql-connector-java-8.0.30.jar:8.0.30]
	at com.mysql.cj.exceptions.ExceptionFactory.createException(ExceptionFactory.java:105) ~[mysql-connector-java-8.0.30.jar:8.0.30]
	at com.mysql.cj.exceptions.ExceptionFactory.createException(ExceptionFactory.java:151) ~[mysql-connector-java-8.0.30.jar:8.0.30]
	at com.mysql.cj.exceptions.ExceptionFactory.createCommunicationsException(ExceptionFactory.java:167) ~[mysql-connector-java-8.0.30.jar:8.0.30]
	at com.mysql.cj.protocol.a.NativeSocketConnection.connect(NativeSocketConnection.java:89) ~[mysql-connector-java-8.0.30.jar:8.0.30]
	at com.mysql.cj.NativeSession.connect(NativeSession.java:120) ~[mysql-connector-java-8.0.30.jar:8.0.30]
	at com.mysql.cj.jdbc.ConnectionImpl.connectOneTryOnly(ConnectionImpl.java:948) ~[mysql-connector-java-8.0.30.jar:8.0.30]
	at com.mysql.cj.jdbc.ConnectionImpl.createNewIO(ConnectionImpl.java:818) ~[mysql-connector-java-8.0.30.jar:8.0.30]
	... 11 more
Caused by: java.net.UnknownHostException: db
	at java.net.InetAddress$CachedAddresses.get(InetAddress.java:801) ~[?:?]
	at java.net.InetAddress.getAllByName0(InetAddress.java:1509) ~[?:?]
	at java.net.InetAddress.getAllByName(InetAddress.java:1367) ~[?:?]
	at java.net.InetAddress.getAllByName(InetAddress.java:1301) ~[?:?]
	at com.mysql.cj.protocol.StandardSocketFactory.connect(StandardSocketFactory.java:130) ~[mysql-connector-java-8.0.30.jar:8.0.30]
	at com.mysql.cj.protocol.a.NativeSocketConnection.connect(NativeSocketConnection.java:63) ~[mysql-connector-java-8.0.30.jar:8.0.30]
	at com.mysql.cj.NativeSession.connect(NativeSession.java:120) ~[mysql-connector-java-8.0.30.jar:8.0.30]
	at com.mysql.cj.jdbc.ConnectionImpl.connectOneTryOnly(ConnectionImpl.java:948) ~[mysql-connector-java-8.0.30.jar:8.0.30]
	at com.mysql.cj.jdbc.ConnectionImpl.createNewIO(ConnectionImpl.java:818) ~[mysql-connector-java-8.0.30.jar:8.0.30]
	... 11 more
2026-08-13 12:44:50 DEBUG BasicResourcePool:1831 - An exception occurred while acquiring a poolable resource. Will retry.
com.mysql.cj.jdbc.exceptions.CommunicationsException: Communications link failure

The last packet sent successfully to the server was 0 milliseconds ago. The driver has not received any packets from the server.
	at com.mysql.cj.jdbc.exceptions.SQLError.createCommunicationsException(SQLError.java:174) ~[mysql-connector-java-8.0.30.jar:8.0.30]
	at com.mysql.cj.jdbc.exceptions.SQLExceptionsMapping.translateException(SQLExceptionsMapping.java:64) ~[mysql-connector-java-8.0.30.jar:8.0.30]
	at com.mysql.cj.jdbc.ConnectionImpl.createNewIO(ConnectionImpl.java:828) ~[mysql-connector-java-8.0.30.jar:8.0.30]
	at com.mysql.cj.jdbc.ConnectionImpl.<init>(ConnectionImpl.java:448) ~[mysql-connector-java-8.0.30.jar:8.0.30]
	at com.mysql.cj.jdbc.ConnectionImpl.getInstance(ConnectionImpl.java:241) ~[mysql-connector-java-8.0.30.jar:8.0.30]
	at com.mysql.cj.jdbc.NonRegisteringDriver.connect(NonRegisteringDriver.java:198) ~[mysql-connector-java-8.0.30.jar:8.0.30]
	at com.mchange.v2.c3p0.DriverManagerDataSource.getConnection(DriverManagerDataSource.java:134) ~[c3p0-0.9.1.2.jar:0.9.1.2]
	at com.mchange.v2.c3p0.WrapperConnectionPoolDataSource.getPooledConnection(WrapperConnectionPoolDataSource.java:182) ~[c3p0-0.9.1.2.jar:0.9.1.2]
	at com.mchange.v2.c3p0.WrapperConnectionPoolDataSource.getPooledConnection(WrapperConnectionPoolDataSource.java:171) ~[c3p0-0.9.1.2.jar:0.9.1.2]
	at com.mchange.v2.c3p0.impl.C3P0PooledConnectionPool$1PooledConnectionResourcePoolManager.acquireResource(C3P0PooledConnectionPool.java:137) ~[c3p0-0.9.1.2.jar:0.9.1.2]
	at com.mchange.v2.resourcepool.BasicResourcePool.doAcquire(BasicResourcePool.java:1014) ~[c3p0-0.9.1.2.jar:0.9.1.2]
	at com.mchange.v2.resourcepool.BasicResourcePool.access$800(BasicResourcePool.java:32) ~[c3p0-0.9.1.2.jar:0.9.1.2]
	at com.mchange.v2.resourcepool.BasicResourcePool$AcquireTask.run(BasicResourcePool.java:1810) [c3p0-0.9.1.2.jar:0.9.1.2]
	at com.mchange.v2.async.ThreadPoolAsynchronousRunner$PoolThread.run(ThreadPoolAsynchronousRunner.java:547) [c3p0-0.9.1.2.jar:0.9.1.2]
Caused by: com.mysql.cj.exceptions.CJCommunicationsException: Communications link failure

The last packet sent successfully to the server was 0 milliseconds ago. The driver has not received any packets from the server.
	at jdk.internal.reflect.NativeConstructorAccessorImpl.newInstance0(Native Method) ~[?:?]
	at jdk.internal.reflect.NativeConstructorAccessorImpl.newInstance(NativeConstructorAccessorImpl.java:77) ~[?:?]
	at jdk.internal.reflect.DelegatingConstructorAccessorImpl.newInstance(DelegatingConstructorAccessorImpl.java:45) ~[?:?]
	at java.lang.reflect.Constructor.newInstanceWithCaller(Constructor.java:499) ~[?:?]
	at java.lang.reflect.Constructor.newInstance(Constructor.java:480) ~[?:?]
	at com.mysql.cj.exceptions.ExceptionFactory.createException(ExceptionFactory.java:61) ~[mysql-connector-java-8.0.30.jar:8.0.30]
	at com.mysql.cj.exceptions.ExceptionFactory.createException(ExceptionFactory.java:105) ~[mysql-connector-java-8.0.30.jar:8.0.30]
	at com.mysql.cj.exceptions.ExceptionFactory.createException(ExceptionFactory.java:151) ~[mysql-connector-java-8.0.30.jar:8.0.30]
	at com.mysql.cj.exceptions.ExceptionFactory.createCommunicationsException(ExceptionFactory.java:167) ~[mysql-connector-java-8.0.30.jar:8.0.30]
	at com.mysql.cj.protocol.a.NativeSocketConnection.connect(NativeSocketConnection.java:89) ~[mysql-connector-java-8.0.30.jar:8.0.30]
	at com.mysql.cj.NativeSession.connect(NativeSession.java:120) ~[mysql-connector-java-8.0.30.jar:8.0.30]
	at com.mysql.cj.jdbc.ConnectionImpl.connectOneTryOnly(ConnectionImpl.java:948) ~[mysql-connector-java-8.0.30.jar:8.0.30]
	at com.mysql.cj.jdbc.ConnectionImpl.createNewIO(ConnectionImpl.java:818) ~[mysql-connector-java-8.0.30.jar:8.0.30]
	... 11 more
Caused by: java.net.UnknownHostException: db
	at java.net.InetAddress$CachedAddresses.get(InetAddress.java:801) ~[?:?]
	at java.net.InetAddress.getAllByName0(InetAddress.java:1509) ~[?:?]
	at java.net.InetAddress.getAllByName(InetAddress.java:1367) ~[?:?]
	at java.net.InetAddress.getAllByName(InetAddress.java:1301) ~[?:?]
	at com.mysql.cj.protocol.StandardSocketFactory.connect(StandardSocketFactory.java:130) ~[mysql-connector-java-8.0.30.jar:8.0.30]
	at com.mysql.cj.protocol.a.NativeSocketConnection.connect(NativeSocketConnection.java:63) ~[mysql-connector-java-8.0.30.jar:8.0.30]
	at com.mysql.cj.NativeSession.connect(NativeSession.java:120) ~[mysql-connector-java-8.0.30.jar:8.0.30]
	at com.mysql.cj.jdbc.ConnectionImpl.connectOneTryOnly(ConnectionImpl.java:948) ~[mysql-connector-java-8.0.30.jar:8.0.30]
	at com.mysql.cj.jdbc.ConnectionImpl.createNewIO(ConnectionImpl.java:818) ~[mysql-connector-java-8.0.30.jar:8.0.30]
	... 11 more
2026-08-13 12:44:50 DEBUG BasicResourcePool:1831 - An exception occurred while acquiring a poolable resource. Will retry.
com.mysql.cj.jdbc.exceptions.CommunicationsException: Communications link failure

The last packet sent successfully to the server was 0 milliseconds ago. The driver has not received any packets from the server.
	at com.mysql.cj.jdbc.exceptions.SQLError.createCommunicationsException(SQLError.java:174) ~[mysql-connector-java-8.0.30.jar:8.0.30]
	at com.mysql.cj.jdbc.exceptions.SQLExceptionsMapping.translateException(SQLExceptionsMapping.java:64) ~[mysql-connector-java-8.0.30.jar:8.0.30]
	at com.mysql.cj.jdbc.ConnectionImpl.createNewIO(ConnectionImpl.java:828) ~[mysql-connector-java-8.0.30.jar:8.0.30]
	at com.mysql.cj.jdbc.ConnectionImpl.<init>(ConnectionImpl.java:448) ~[mysql-connector-java-8.0.30.jar:8.0.30]
	at com.mysql.cj.jdbc.ConnectionImpl.getInstance(ConnectionImpl.java:241) ~[mysql-connector-java-8.0.30.jar:8.0.30]
	at com.mysql.cj.jdbc.NonRegisteringDriver.connect(NonRegisteringDriver.java:198) ~[mysql-connector-java-8.0.30.jar:8.0.30]
	at com.mchange.v2.c3p0.DriverManagerDataSource.getConnection(DriverManagerDataSource.java:134) ~[c3p0-0.9.1.2.jar:0.9.1.2]
	at com.mchange.v2.c3p0.WrapperConnectionPoolDataSource.getPooledConnection(WrapperConnectionPoolDataSource.java:182) ~[c3p0-0.9.1.2.jar:0.9.1.2]
	at com.mchange.v2.c3p0.WrapperConnectionPoolDataSource.getPooledConnection(WrapperConnectionPoolDataSource.java:171) ~[c3p0-0.9.1.2.jar:0.9.1.2]
	at com.mchange.v2.c3p0.impl.C3P0PooledConnectionPool$1PooledConnectionResourcePoolManager.acquireResource(C3P0PooledConnectionPool.java:137) ~[c3p0-0.9.1.2.jar:0.9.1.2]
	at com.mchange.v2.resourcepool.BasicResourcePool.doAcquire(BasicResourcePool.java:1014) ~[c3p0-0.9.1.2.jar:0.9.1.2]
	at com.mchange.v2.resourcepool.BasicResourcePool.access$800(BasicResourcePool.java:32) ~[c3p0-0.9.1.2.jar:0.9.1.2]
	at com.mchange.v2.resourcepool.BasicResourcePool$AcquireTask.run(BasicResourcePool.java:1810) [c3p0-0.9.1.2.jar:0.9.1.2]
	at com.mchange.v2.async.ThreadPoolAsynchronousRunner$PoolThread.run(ThreadPoolAsynchronousRunner.java:547) [c3p0-0.9.1.2.jar:0.9.1.2]
Caused by: com.mysql.cj.exceptions.CJCommunicationsException: Communications link failure

The last packet sent successfully to the server was 0 milliseconds ago. The driver has not received any packets from the server.
	at jdk.internal.reflect.NativeConstructorAccessorImpl.newInstance0(Native Method) ~[?:?]
	at jdk.internal.reflect.NativeConstructorAccessorImpl.newInstance(NativeConstructorAccessorImpl.java:77) ~[?:?]
	at jdk.internal.reflect.DelegatingConstructorAccessorImpl.newInstance(DelegatingConstructorAccessorImpl.java:45) ~[?:?]
	at java.lang.reflect.Constructor.newInstanceWithCaller(Constructor.java:499) ~[?:?]
	at java.lang.reflect.Constructor.newInstance(Constructor.java:480) ~[?:?]
	at com.mysql.cj.exceptions.ExceptionFactory.createException(ExceptionFactory.java:61) ~[mysql-connector-java-8.0.30.jar:8.0.30]
	at com.mysql.cj.exceptions.ExceptionFactory.createException(ExceptionFactory.java:105) ~[mysql-connector-java-8.0.30.jar:8.0.30]
	at com.mysql.cj.exceptions.ExceptionFactory.createException(ExceptionFactory.java:151) ~[mysql-connector-java-8.0.30.jar:8.0.30]
	at com.mysql.cj.exceptions.ExceptionFactory.createCommunicationsException(ExceptionFactory.java:167) ~[mysql-connector-java-8.0.30.jar:8.0.30]
	at com.mysql.cj.protocol.a.NativeSocketConnection.connect(NativeSocketConnection.java:89) ~[mysql-connector-java-8.0.30.jar:8.0.30]
	at com.mysql.cj.NativeSession.connect(NativeSession.java:120) ~[mysql-connector-java-8.0.30.jar:8.0.30]
	at com.mysql.cj.jdbc.ConnectionImpl.connectOneTryOnly(ConnectionImpl.java:948) ~[mysql-connector-java-8.0.30.jar:8.0.30]
	at com.mysql.cj.jdbc.ConnectionImpl.createNewIO(ConnectionImpl.java:818) ~[mysql-connector-java-8.0.30.jar:8.0.30]
	... 11 more
Caused by: java.net.UnknownHostException: db
	at java.net.InetAddress$CachedAddresses.get(InetAddress.java:801) ~[?:?]
	at java.net.InetAddress.getAllByName0(InetAddress.java:1509) ~[?:?]
	at java.net.InetAddress.getAllByName(InetAddress.java:1367) ~[?:?]
	at java.net.InetAddress.getAllByName(InetAddress.java:1301) ~[?:?]
	at com.mysql.cj.protocol.StandardSocketFactory.connect(StandardSocketFactory.java:130) ~[mysql-connector-java-8.0.30.jar:8.0.30]
	at com.mysql.cj.protocol.a.NativeSocketConnection.connect(NativeSocketConnection.java:63) ~[mysql-connector-java-8.0.30.jar:8.0.30]
	at com.mysql.cj.NativeSession.connect(NativeSession.java:120) ~[mysql-connector-java-8.0.30.jar:8.0.30]
	at com.mysql.cj.jdbc.ConnectionImpl.connectOneTryOnly(ConnectionImpl.java:948) ~[mysql-connector-java-8.0.30.jar:8.0.30]
	at com.mysql.cj.jdbc.ConnectionImpl.createNewIO(ConnectionImpl.java:818) ~[mysql-connector-java-8.0.30.jar:8.0.30]
	... 11 more
2026-08-13 12:44:50 DEBUG BasicResourcePool:1935 - Checking for expired resources - Thu Aug 13 12:44:50 IST 2026 [com.mchange.v2.resourcepool.BasicResourcePool@27e6cf4c]
2026-08-13 12:44:50 DEBUG BasicResourcePool:1447 - BEGIN check for expired resources.  [com.mchange.v2.resourcepool.BasicResourcePool@27e6cf4c]
2026-08-13 12:44:50 DEBUG BasicResourcePool:1468 - FINISHED check for expired resources.  [com.mchange.v2.resourcepool.BasicResourcePool@27e6cf4c]
2026-08-13 12:44:51 DEBUG BasicResourcePool:1831 - An exception occurred while acquiring a poolable resource. Will retry.
com.mysql.cj.jdbc.exceptions.CommunicationsException: Communications link failure

The last packet sent successfully to the server was 0 milliseconds ago. The driver has not received any packets from the server.
	at com.mysql.cj.jdbc.exceptions.SQLError.createCommunicationsException(SQLError.java:174) ~[mysql-connector-java-8.0.30.jar:8.0.30]
	at com.mysql.cj.jdbc.exceptions.SQLExceptionsMapping.translateException(SQLExceptionsMapping.java:64) ~[mysql-connector-java-8.0.30.jar:8.0.30]
	at com.mysql.cj.jdbc.ConnectionImpl.createNewIO(ConnectionImpl.java:828) ~[mysql-connector-java-8.0.30.jar:8.0.30]
	at com.mysql.cj.jdbc.ConnectionImpl.<init>(ConnectionImpl.java:448) ~[mysql-connector-java-8.0.30.jar:8.0.30]
	at com.mysql.cj.jdbc.ConnectionImpl.getInstance(ConnectionImpl.java:241) ~[mysql-connector-java-8.0.30.jar:8.0.30]
	at com.mysql.cj.jdbc.NonRegisteringDriver.connect(NonRegisteringDriver.java:198) ~[mysql-connector-java-8.0.30.jar:8.0.30]
	at com.mchange.v2.c3p0.DriverManagerDataSource.getConnection(DriverManagerDataSource.java:134) ~[c3p0-0.9.1.2.jar:0.9.1.2]
	at com.mchange.v2.c3p0.WrapperConnectionPoolDataSource.getPooledConnection(WrapperConnectionPoolDataSource.java:182) ~[c3p0-0.9.1.2.jar:0.9.1.2]
	at com.mchange.v2.c3p0.WrapperConnectionPoolDataSource.getPooledConnection(WrapperConnectionPoolDataSource.java:171) ~[c3p0-0.9.1.2.jar:0.9.1.2]
	at com.mchange.v2.c3p0.impl.C3P0PooledConnectionPool$1PooledConnectionResourcePoolManager.acquireResource(C3P0PooledConnectionPool.java:137) ~[c3p0-0.9.1.2.jar:0.9.1.2]
	at com.mchange.v2.resourcepool.BasicResourcePool.doAcquire(BasicResourcePool.java:1014) ~[c3p0-0.9.1.2.jar:0.9.1.2]
	at com.mchange.v2.resourcepool.BasicResourcePool.access$800(BasicResourcePool.java:32) ~[c3p0-0.9.1.2.jar:0.9.1.2]
	at com.mchange.v2.resourcepool.BasicResourcePool$AcquireTask.run(BasicResourcePool.java:1810) [c3p0-0.9.1.2.jar:0.9.1.2]
	at com.mchange.v2.async.ThreadPoolAsynchronousRunner$PoolThread.run(ThreadPoolAsynchronousRunner.java:547) [c3p0-0.9.1.2.jar:0.9.1.2]
Caused by: com.mysql.cj.exceptions.CJCommunicationsException: Communications link failure

The last packet sent successfully to the server was 0 milliseconds ago. The driver has not received any packets from the server.
	at jdk.internal.reflect.NativeConstructorAccessorImpl.newInstance0(Native Method) ~[?:?]
	at jdk.internal.reflect.NativeConstructorAccessorImpl.newInstance(NativeConstructorAccessorImpl.java:77) ~[?:?]
	at jdk.internal.reflect.DelegatingConstructorAccessorImpl.newInstance(DelegatingConstructorAccessorImpl.java:45) ~[?:?]
	at java.lang.reflect.Constructor.newInstanceWithCaller(Constructor.java:499) ~[?:?]
	at java.lang.reflect.Constructor.newInstance(Constructor.java:480) ~[?:?]
	at com.mysql.cj.exceptions.ExceptionFactory.createException(ExceptionFactory.java:61) ~[mysql-connector-java-8.0.30.jar:8.0.30]
	at com.mysql.cj.exceptions.ExceptionFactory.createException(ExceptionFactory.java:105) ~[mysql-connector-java-8.0.30.jar:8.0.30]
	at com.mysql.cj.exceptions.ExceptionFactory.createException(ExceptionFactory.java:151) ~[mysql-connector-java-8.0.30.jar:8.0.30]
	at com.mysql.cj.exceptions.ExceptionFactory.createCommunicationsException(ExceptionFactory.java:167) ~[mysql-connector-java-8.0.30.jar:8.0.30]
	at com.mysql.cj.protocol.a.NativeSocketConnection.connect(NativeSocketConnection.java:89) ~[mysql-connector-java-8.0.30.jar:8.0.30]
	at com.mysql.cj.NativeSession.connect(NativeSession.java:120) ~[mysql-connector-java-8.0.30.jar:8.0.30]
	at com.mysql.cj.jdbc.ConnectionImpl.connectOneTryOnly(ConnectionImpl.java:948) ~[mysql-connector-java-8.0.30.jar:8.0.30]
	at com.mysql.cj.jdbc.ConnectionImpl.createNewIO(ConnectionImpl.java:818) ~[mysql-connector-java-8.0.30.jar:8.0.30]
	... 11 more
Caused by: java.net.UnknownHostException: db
	at java.net.InetAddress$CachedAddresses.get(InetAddress.java:801) ~[?:?]
	at java.net.InetAddress.getAllByName0(InetAddress.java:1509) ~[?:?]
	at java.net.InetAddress.getAllByName(InetAddress.java:1367) ~[?:?]
	at java.net.InetAddress.getAllByName(InetAddress.java:1301) ~[?:?]
	at com.mysql.cj.protocol.StandardSocketFactory.connect(StandardSocketFactory.java:130) ~[mysql-connector-java-8.0.30.jar:8.0.30]
	at com.mysql.cj.protocol.a.NativeSocketConnection.connect(NativeSocketConnection.java:63) ~[mysql-connector-java-8.0.30.jar:8.0.30]
	at com.mysql.cj.NativeSession.connect(NativeSession.java:120) ~[mysql-connector-java-8.0.30.jar:8.0.30]
	at com.mysql.cj.jdbc.ConnectionImpl.connectOneTryOnly(ConnectionImpl.java:948) ~[mysql-connector-java-8.0.30.jar:8.0.30]
	at com.mysql.cj.jdbc.ConnectionImpl.createNewIO(ConnectionImpl.java:818) ~[mysql-connector-java-8.0.30.jar:8.0.30]
	... 11 more
2026-08-13 12:44:51 DEBUG BasicResourcePool:1831 - An exception occurred while acquiring a poolable resource. Will retry.
com.mysql.cj.jdbc.exceptions.CommunicationsException: Communications link failure

The last packet sent successfully to the server was 0 milliseconds ago. The driver has not received any packets from the server.
	at com.mysql.cj.jdbc.exceptions.SQLError.createCommunicationsException(SQLError.java:174) ~[mysql-connector-java-8.0.30.jar:8.0.30]
	at com.mysql.cj.jdbc.exceptions.SQLExceptionsMapping.translateException(SQLExceptionsMapping.java:64) ~[mysql-connector-java-8.0.30.jar:8.0.30]
	at com.mysql.cj.jdbc.ConnectionImpl.createNewIO(ConnectionImpl.java:828) ~[mysql-connector-java-8.0.30.jar:8.0.30]
	at com.mysql.cj.jdbc.ConnectionImpl.<init>(ConnectionImpl.java:448) ~[mysql-connector-java-8.0.30.jar:8.0.30]
	at com.mysql.cj.jdbc.ConnectionImpl.getInstance(ConnectionImpl.java:241) ~[mysql-connector-java-8.0.30.jar:8.0.30]
	at com.mysql.cj.jdbc.NonRegisteringDriver.connect(NonRegisteringDriver.java:198) ~[mysql-connector-java-8.0.30.jar:8.0.30]
	at com.mchange.v2.c3p0.DriverManagerDataSource.getConnection(DriverManagerDataSource.java:134) ~[c3p0-0.9.1.2.jar:0.9.1.2]
	at com.mchange.v2.c3p0.WrapperConnectionPoolDataSource.getPooledConnection(WrapperConnectionPoolDataSource.java:182) ~[c3p0-0.9.1.2.jar:0.9.1.2]
	at com.mchange.v2.c3p0.WrapperConnectionPoolDataSource.getPooledConnection(WrapperConnectionPoolDataSource.java:171) ~[c3p0-0.9.1.2.jar:0.9.1.2]
	at com.mchange.v2.c3p0.impl.C3P0PooledConnectionPool$1PooledConnectionResourcePoolManager.acquireResource(C3P0PooledConnectionPool.java:137) ~[c3p0-0.9.1.2.jar:0.9.1.2]
	at com.mchange.v2.resourcepool.BasicResourcePool.doAcquire(BasicResourcePool.java:1014) ~[c3p0-0.9.1.2.jar:0.9.1.2]
	at com.mchange.v2.resourcepool.BasicResourcePool.access$800(BasicResourcePool.java:32) ~[c3p0-0.9.1.2.jar:0.9.1.2]
	at com.mchange.v2.resourcepool.BasicResourcePool$AcquireTask.run(BasicResourcePool.java:1810) [c3p0-0.9.1.2.jar:0.9.1.2]
	at com.mchange.v2.async.ThreadPoolAsynchronousRunner$PoolThread.run(ThreadPoolAsynchronousRunner.java:547) [c3p0-0.9.1.2.jar:0.9.1.2]
Caused by: com.mysql.cj.exceptions.CJCommunicationsException: Communications link failure

The last packet sent successfully to the server was 0 milliseconds ago. The driver has not received any packets from the server.
	at jdk.internal.reflect.NativeConstructorAccessorImpl.newInstance0(Native Method) ~[?:?]
	at jdk.internal.reflect.NativeConstructorAccessorImpl.newInstance(NativeConstructorAccessorImpl.java:77) ~[?:?]
	at jdk.internal.reflect.DelegatingConstructorAccessorImpl.newInstance(DelegatingConstructorAccessorImpl.java:45) ~[?:?]
	at java.lang.reflect.Constructor.newInstanceWithCaller(Constructor.java:499) ~[?:?]
	at java.lang.reflect.Constructor.newInstance(Constructor.java:480) ~[?:?]
	at com.mysql.cj.exceptions.ExceptionFactory.createException(ExceptionFactory.java:61) ~[mysql-connector-java-8.0.30.jar:8.0.30]
	at com.mysql.cj.exceptions.ExceptionFactory.createException(ExceptionFactory.java:105) ~[mysql-connector-java-8.0.30.jar:8.0.30]
	at com.mysql.cj.exceptions.ExceptionFactory.createException(ExceptionFactory.java:151) ~[mysql-connector-java-8.0.30.jar:8.0.30]
	at com.mysql.cj.exceptions.ExceptionFactory.createCommunicationsException(ExceptionFactory.java:167) ~[mysql-connector-java-8.0.30.jar:8.0.30]
	at com.mysql.cj.protocol.a.NativeSocketConnection.connect(NativeSocketConnection.java:89) ~[mysql-connector-java-8.0.30.jar:8.0.30]
	at com.mysql.cj.NativeSession.connect(NativeSession.java:120) ~[mysql-connector-java-8.0.30.jar:8.0.30]
	at com.mysql.cj.jdbc.ConnectionImpl.connectOneTryOnly(ConnectionImpl.java:948) ~[mysql-connector-java-8.0.30.jar:8.0.30]
	at com.mysql.cj.jdbc.ConnectionImpl.createNewIO(ConnectionImpl.java:818) ~[mysql-connector-java-8.0.30.jar:8.0.30]
	... 11 more
Caused by: java.net.UnknownHostException: db
	at java.net.InetAddress$CachedAddresses.get(InetAddress.java:801) ~[?:?]
	at java.net.InetAddress.getAllByName0(InetAddress.java:1509) ~[?:?]
	at java.net.InetAddress.getAllByName(InetAddress.java:1367) ~[?:?]
	at java.net.InetAddress.getAllByName(InetAddress.java:1301) ~[?:?]
	at com.mysql.cj.protocol.StandardSocketFactory.connect(StandardSocketFactory.java:130) ~[mysql-connector-java-8.0.30.jar:8.0.30]
	at com.mysql.cj.protocol.a.NativeSocketConnection.connect(NativeSocketConnection.java:63) ~[mysql-connector-java-8.0.30.jar:8.0.30]
	at com.mysql.cj.NativeSession.connect(NativeSession.java:120) ~[mysql-connector-java-8.0.30.jar:8.0.30]
	at com.mysql.cj.jdbc.ConnectionImpl.connectOneTryOnly(ConnectionImpl.java:948) ~[mysql-connector-java-8.0.30.jar:8.0.30]
	at com.mysql.cj.jdbc.ConnectionImpl.createNewIO(ConnectionImpl.java:818) ~[mysql-connector-java-8.0.30.jar:8.0.30]
	... 11 more
2026-08-13 12:44:52 DEBUG BasicResourcePool:1831 - An exception occurred while acquiring a poolable resource. Will retry.
com.mysql.cj.jdbc.exceptions.CommunicationsException: Communications link failure

The last packet sent successfully to the server was 0 milliseconds ago. The driver has not received any packets from the server.
	at com.mysql.cj.jdbc.exceptions.SQLError.createCommunicationsException(SQLError.java:174) ~[mysql-connector-java-8.0.30.jar:8.0.30]
	at com.mysql.cj.jdbc.exceptions.SQLExceptionsMapping.translateException(SQLExceptionsMapping.java:64) ~[mysql-connector-java-8.0.30.jar:8.0.30]
	at com.mysql.cj.jdbc.ConnectionImpl.createNewIO(ConnectionImpl.java:828) ~[mysql-connector-java-8.0.30.jar:8.0.30]
	at com.mysql.cj.jdbc.ConnectionImpl.<init>(ConnectionImpl.java:448) ~[mysql-connector-java-8.0.30.jar:8.0.30]
	at com.mysql.cj.jdbc.ConnectionImpl.getInstance(ConnectionImpl.java:241) ~[mysql-connector-java-8.0.30.jar:8.0.30]
	at com.mysql.cj.jdbc.NonRegisteringDriver.connect(NonRegisteringDriver.java:198) ~[mysql-connector-java-8.0.30.jar:8.0.30]
	at com.mchange.v2.c3p0.DriverManagerDataSource.getConnection(DriverManagerDataSource.java:134) ~[c3p0-0.9.1.2.jar:0.9.1.2]
	at com.mchange.v2.c3p0.WrapperConnectionPoolDataSource.getPooledConnection(WrapperConnectionPoolDataSource.java:182) ~[c3p0-0.9.1.2.jar:0.9.1.2]
	at com.mchange.v2.c3p0.WrapperConnectionPoolDataSource.getPooledConnection(WrapperConnectionPoolDataSource.java:171) ~[c3p0-0.9.1.2.jar:0.9.1.2]
	at com.mchange.v2.c3p0.impl.C3P0PooledConnectionPool$1PooledConnectionResourcePoolManager.acquireResource(C3P0PooledConnectionPool.java:137) ~[c3p0-0.9.1.2.jar:0.9.1.2]
	at com.mchange.v2.resourcepool.BasicResourcePool.doAcquire(BasicResourcePool.java:1014) ~[c3p0-0.9.1.2.jar:0.9.1.2]
	at com.mchange.v2.resourcepool.BasicResourcePool.access$800(BasicResourcePool.java:32) ~[c3p0-0.9.1.2.jar:0.9.1.2]
	at com.mchange.v2.resourcepool.BasicResourcePool$AcquireTask.run(BasicResourcePool.java:1810) [c3p0-0.9.1.2.jar:0.9.1.2]
	at com.mchange.v2.async.ThreadPoolAsynchronousRunner$PoolThread.run(ThreadPoolAsynchronousRunner.java:547) [c3p0-0.9.1.2.jar:0.9.1.2]
Caused by: com.mysql.cj.exceptions.CJCommunicationsException: Communications link failure

The last packet sent successfully to the server was 0 milliseconds ago. The driver has not received any packets from the server.
	at jdk.internal.reflect.NativeConstructorAccessorImpl.newInstance0(Native Method) ~[?:?]
	at jdk.internal.reflect.NativeConstructorAccessorImpl.newInstance(NativeConstructorAccessorImpl.java:77) ~[?:?]
	at jdk.internal.reflect.DelegatingConstructorAccessorImpl.newInstance(DelegatingConstructorAccessorImpl.java:45) ~[?:?]
	at java.lang.reflect.Constructor.newInstanceWithCaller(Constructor.java:499) ~[?:?]
	at java.lang.reflect.Constructor.newInstance(Constructor.java:480) ~[?:?]
	at com.mysql.cj.exceptions.ExceptionFactory.createException(ExceptionFactory.java:61) ~[mysql-connector-java-8.0.30.jar:8.0.30]
	at com.mysql.cj.exceptions.ExceptionFactory.createException(ExceptionFactory.java:105) ~[mysql-connector-java-8.0.30.jar:8.0.30]
	at com.mysql.cj.exceptions.ExceptionFactory.createException(ExceptionFactory.java:151) ~[mysql-connector-java-8.0.30.jar:8.0.30]
	at com.mysql.cj.exceptions.ExceptionFactory.createCommunicationsException(ExceptionFactory.java:167) ~[mysql-connector-java-8.0.30.jar:8.0.30]
	at com.mysql.cj.protocol.a.NativeSocketConnection.connect(NativeSocketConnection.java:89) ~[mysql-connector-java-8.0.30.jar:8.0.30]
	at com.mysql.cj.NativeSession.connect(NativeSession.java:120) ~[mysql-connector-java-8.0.30.jar:8.0.30]
	at com.mysql.cj.jdbc.ConnectionImpl.connectOneTryOnly(ConnectionImpl.java:948) ~[mysql-connector-java-8.0.30.jar:8.0.30]
	at com.mysql.cj.jdbc.ConnectionImpl.createNewIO(ConnectionImpl.java:818) ~[mysql-connector-java-8.0.30.jar:8.0.30]
	... 11 more
Caused by: java.net.UnknownHostException: db
	at java.net.InetAddress$CachedAddresses.get(InetAddress.java:801) ~[?:?]
	at java.net.InetAddress.getAllByName0(InetAddress.java:1509) ~[?:?]
	at java.net.InetAddress.getAllByName(InetAddress.java:1367) ~[?:?]
	at java.net.InetAddress.getAllByName(InetAddress.java:1301) ~[?:?]
	at com.mysql.cj.protocol.StandardSocketFactory.connect(StandardSocketFactory.java:130) ~[mysql-connector-java-8.0.30.jar:8.0.30]
	at com.mysql.cj.protocol.a.NativeSocketConnection.connect(NativeSocketConnection.java:63) ~[mysql-connector-java-8.0.30.jar:8.0.30]
	at com.mysql.cj.NativeSession.connect(NativeSession.java:120) ~[mysql-connector-java-8.0.30.jar:8.0.30]
	at com.mysql.cj.jdbc.ConnectionImpl.connectOneTryOnly(ConnectionImpl.java:948) ~[mysql-connector-java-8.0.30.jar:8.0.30]
	at com.mysql.cj.jdbc.ConnectionImpl.createNewIO(ConnectionImpl.java:818) ~[mysql-connector-java-8.0.30.jar:8.0.30]
	... 11 more
2026-08-13 12:44:52 DEBUG BasicResourcePool:1831 - An exception occurred while acquiring a poolable resource. Will retry.
com.mysql.cj.jdbc.exceptions.CommunicationsException: Communications link failure

The last packet sent successfully to the server was 0 milliseconds ago. The driver has not received any packets from the server.
	at com.mysql.cj.jdbc.exceptions.SQLError.createCommunicationsException(SQLError.java:174) ~[mysql-connector-java-8.0.30.jar:8.0.30]
	at com.mysql.cj.jdbc.exceptions.SQLExceptionsMapping.translateException(SQLExceptionsMapping.java:64) ~[mysql-connector-java-8.0.30.jar:8.0.30]
	at com.mysql.cj.jdbc.ConnectionImpl.createNewIO(ConnectionImpl.java:828) ~[mysql-connector-java-8.0.30.jar:8.0.30]
	at com.mysql.cj.jdbc.ConnectionImpl.<init>(ConnectionImpl.java:448) ~[mysql-connector-java-8.0.30.jar:8.0.30]
	at com.mysql.cj.jdbc.ConnectionImpl.getInstance(ConnectionImpl.java:241) ~[mysql-connector-java-8.0.30.jar:8.0.30]
	at com.mysql.cj.jdbc.NonRegisteringDriver.connect(NonRegisteringDriver.java:198) ~[mysql-connector-java-8.0.30.jar:8.0.30]
	at com.mchange.v2.c3p0.DriverManagerDataSource.getConnection(DriverManagerDataSource.java:134) ~[c3p0-0.9.1.2.jar:0.9.1.2]
	at com.mchange.v2.c3p0.WrapperConnectionPoolDataSource.getPooledConnection(WrapperConnectionPoolDataSource.java:182) ~[c3p0-0.9.1.2.jar:0.9.1.2]
	at com.mchange.v2.c3p0.WrapperConnectionPoolDataSource.getPooledConnection(WrapperConnectionPoolDataSource.java:171) ~[c3p0-0.9.1.2.jar:0.9.1.2]
	at com.mchange.v2.c3p0.impl.C3P0PooledConnectionPool$1PooledConnectionResourcePoolManager.acquireResource(C3P0PooledConnectionPool.java:137) ~[c3p0-0.9.1.2.jar:0.9.1.2]
	at com.mchange.v2.resourcepool.BasicResourcePool.doAcquire(BasicResourcePool.java:1014) ~[c3p0-0.9.1.2.jar:0.9.1.2]
	at com.mchange.v2.resourcepool.BasicResourcePool.access$800(BasicResourcePool.java:32) ~[c3p0-0.9.1.2.jar:0.9.1.2]
	at com.mchange.v2.resourcepool.BasicResourcePool$AcquireTask.run(BasicResourcePool.java:1810) [c3p0-0.9.1.2.jar:0.9.1.2]
	at com.mchange.v2.async.ThreadPoolAsynchronousRunner$PoolThread.run(ThreadPoolAsynchronousRunner.java:547) [c3p0-0.9.1.2.jar:0.9.1.2]
Caused by: com.mysql.cj.exceptions.CJCommunicationsException: Communications link failure

The last packet sent successfully to the server was 0 milliseconds ago. The driver has not received any packets from the server.
	at jdk.internal.reflect.NativeConstructorAccessorImpl.newInstance0(Native Method) ~[?:?]
	at jdk.internal.reflect.NativeConstructorAccessorImpl.newInstance(NativeConstructorAccessorImpl.java:77) ~[?:?]
	at jdk.internal.reflect.DelegatingConstructorAccessorImpl.newInstance(DelegatingConstructorAccessorImpl.java:45) ~[?:?]
	at java.lang.reflect.Constructor.newInstanceWithCaller(Constructor.java:499) ~[?:?]
	at java.lang.reflect.Constructor.newInstance(Constructor.java:480) ~[?:?]
	at com.mysql.cj.exceptions.ExceptionFactory.createException(ExceptionFactory.java:61) ~[mysql-connector-java-8.0.30.jar:8.0.30]
	at com.mysql.cj.exceptions.ExceptionFactory.createException(ExceptionFactory.java:105) ~[mysql-connector-java-8.0.30.jar:8.0.30]
	at com.mysql.cj.exceptions.ExceptionFactory.createException(ExceptionFactory.java:151) ~[mysql-connector-java-8.0.30.jar:8.0.30]
	at com.mysql.cj.exceptions.ExceptionFactory.createCommunicationsException(ExceptionFactory.java:167) ~[mysql-connector-java-8.0.30.jar:8.0.30]
	at com.mysql.cj.protocol.a.NativeSocketConnection.connect(NativeSocketConnection.java:89) ~[mysql-connector-java-8.0.30.jar:8.0.30]
	at com.mysql.cj.NativeSession.connect(NativeSession.java:120) ~[mysql-connector-java-8.0.30.jar:8.0.30]
	at com.mysql.cj.jdbc.ConnectionImpl.connectOneTryOnly(ConnectionImpl.java:948) ~[mysql-connector-java-8.0.30.jar:8.0.30]
	at com.mysql.cj.jdbc.ConnectionImpl.createNewIO(ConnectionImpl.java:818) ~[mysql-connector-java-8.0.30.jar:8.0.30]
	... 11 more
Caused by: java.net.UnknownHostException: db
	at java.net.InetAddress$CachedAddresses.get(InetAddress.java:801) ~[?:?]
	at java.net.InetAddress.getAllByName0(InetAddress.java:1509) ~[?:?]
	at java.net.InetAddress.getAllByName(InetAddress.java:1367) ~[?:?]
	at java.net.InetAddress.getAllByName(InetAddress.java:1301) ~[?:?]
	at com.mysql.cj.protocol.StandardSocketFactory.connect(StandardSocketFactory.java:130) ~[mysql-connector-java-8.0.30.jar:8.0.30]
	at com.mysql.cj.protocol.a.NativeSocketConnection.connect(NativeSocketConnection.java:63) ~[mysql-connector-java-8.0.30.jar:8.0.30]
	at com.mysql.cj.NativeSession.connect(NativeSession.java:120) ~[mysql-connector-java-8.0.30.jar:8.0.30]
	at com.mysql.cj.jdbc.ConnectionImpl.connectOneTryOnly(ConnectionImpl.java:948) ~[mysql-connector-java-8.0.30.jar:8.0.30]
	at com.mysql.cj.jdbc.ConnectionImpl.createNewIO(ConnectionImpl.java:818) ~[mysql-connector-java-8.0.30.jar:8.0.30]
	... 11 more
2026-08-13 12:44:52 DEBUG BasicResourcePool:1935 - Checking for expired resources - Thu Aug 13 12:44:52 IST 2026 [com.mchange.v2.resourcepool.BasicResourcePool@27e6cf4c]
2026-08-13 12:44:52 DEBUG BasicResourcePool:1447 - BEGIN check for expired resources.  [com.mchange.v2.resourcepool.BasicResourcePool@27e6cf4c]
2026-08-13 12:44:52 DEBUG BasicResourcePool:1468 - FINISHED check for expired resources.  [com.mchange.v2.resourcepool.BasicResourcePool@27e6cf4c]
2026-08-13 12:44:53 DEBUG BasicResourcePool:1831 - An exception occurred while acquiring a poolable resource. Will retry.
com.mysql.cj.jdbc.exceptions.CommunicationsException: Communications link failure

The last packet sent successfully to the server was 0 milliseconds ago. The driver has not received any packets from the server.
	at com.mysql.cj.jdbc.exceptions.SQLError.createCommunicationsException(SQLError.java:174) ~[mysql-connector-java-8.0.30.jar:8.0.30]
	at com.mysql.cj.jdbc.exceptions.SQLExceptionsMapping.translateException(SQLExceptionsMapping.java:64) ~[mysql-connector-java-8.0.30.jar:8.0.30]
	at com.mysql.cj.jdbc.ConnectionImpl.createNewIO(ConnectionImpl.java:828) ~[mysql-connector-java-8.0.30.jar:8.0.30]
	at com.mysql.cj.jdbc.ConnectionImpl.<init>(ConnectionImpl.java:448) ~[mysql-connector-java-8.0.30.jar:8.0.30]
	at com.mysql.cj.jdbc.ConnectionImpl.getInstance(ConnectionImpl.java:241) ~[mysql-connector-java-8.0.30.jar:8.0.30]
	at com.mysql.cj.jdbc.NonRegisteringDriver.connect(NonRegisteringDriver.java:198) ~[mysql-connector-java-8.0.30.jar:8.0.30]
	at com.mchange.v2.c3p0.DriverManagerDataSource.getConnection(DriverManagerDataSource.java:134) ~[c3p0-0.9.1.2.jar:0.9.1.2]
	at com.mchange.v2.c3p0.WrapperConnectionPoolDataSource.getPooledConnection(WrapperConnectionPoolDataSource.java:182) ~[c3p0-0.9.1.2.jar:0.9.1.2]
	at com.mchange.v2.c3p0.WrapperConnectionPoolDataSource.getPooledConnection(WrapperConnectionPoolDataSource.java:171) ~[c3p0-0.9.1.2.jar:0.9.1.2]
	at com.mchange.v2.c3p0.impl.C3P0PooledConnectionPool$1PooledConnectionResourcePoolManager.acquireResource(C3P0PooledConnectionPool.java:137) ~[c3p0-0.9.1.2.jar:0.9.1.2]
	at com.mchange.v2.resourcepool.BasicResourcePool.doAcquire(BasicResourcePool.java:1014) ~[c3p0-0.9.1.2.jar:0.9.1.2]
	at com.mchange.v2.resourcepool.BasicResourcePool.access$800(BasicResourcePool.java:32) ~[c3p0-0.9.1.2.jar:0.9.1.2]
	at com.mchange.v2.resourcepool.BasicResourcePool$AcquireTask.run(BasicResourcePool.java:1810) [c3p0-0.9.1.2.jar:0.9.1.2]
	at com.mchange.v2.async.ThreadPoolAsynchronousRunner$PoolThread.run(ThreadPoolAsynchronousRunner.java:547) [c3p0-0.9.1.2.jar:0.9.1.2]
Caused by: com.mysql.cj.exceptions.CJCommunicationsException: Communications link failure

The last packet sent successfully to the server was 0 milliseconds ago. The driver has not received any packets from the server.
	at jdk.internal.reflect.NativeConstructorAccessorImpl.newInstance0(Native Method) ~[?:?]
	at jdk.internal.reflect.NativeConstructorAccessorImpl.newInstance(NativeConstructorAccessorImpl.java:77) ~[?:?]
	at jdk.internal.reflect.DelegatingConstructorAccessorImpl.newInstance(DelegatingConstructorAccessorImpl.java:45) ~[?:?]
	at java.lang.reflect.Constructor.newInstanceWithCaller(Constructor.java:499) ~[?:?]
	at java.lang.reflect.Constructor.newInstance(Constructor.java:480) ~[?:?]
	at com.mysql.cj.exceptions.ExceptionFactory.createException(ExceptionFactory.java:61) ~[mysql-connector-java-8.0.30.jar:8.0.30]
	at com.mysql.cj.exceptions.ExceptionFactory.createException(ExceptionFactory.java:105) ~[mysql-connector-java-8.0.30.jar:8.0.30]
	at com.mysql.cj.exceptions.ExceptionFactory.createException(ExceptionFactory.java:151) ~[mysql-connector-java-8.0.30.jar:8.0.30]
	at com.mysql.cj.exceptions.ExceptionFactory.createCommunicationsException(ExceptionFactory.java:167) ~[mysql-connector-java-8.0.30.jar:8.0.30]
	at com.mysql.cj.protocol.a.NativeSocketConnection.connect(NativeSocketConnection.java:89) ~[mysql-connector-java-8.0.30.jar:8.0.30]
	at com.mysql.cj.NativeSession.connect(NativeSession.java:120) ~[mysql-connector-java-8.0.30.jar:8.0.30]
	at com.mysql.cj.jdbc.ConnectionImpl.connectOneTryOnly(ConnectionImpl.java:948) ~[mysql-connector-java-8.0.30.jar:8.0.30]
	at com.mysql.cj.jdbc.ConnectionImpl.createNewIO(ConnectionImpl.java:818) ~[mysql-connector-java-8.0.30.jar:8.0.30]
	... 11 more
Caused by: java.net.UnknownHostException: db
	at java.net.InetAddress$CachedAddresses.get(InetAddress.java:801) ~[?:?]
	at java.net.InetAddress.getAllByName0(InetAddress.java:1509) ~[?:?]
	at java.net.InetAddress.getAllByName(InetAddress.java:1367) ~[?:?]
	at java.net.InetAddress.getAllByName(InetAddress.java:1301) ~[?:?]
	at com.mysql.cj.protocol.StandardSocketFactory.connect(StandardSocketFactory.java:130) ~[mysql-connector-java-8.0.30.jar:8.0.30]
	at com.mysql.cj.protocol.a.NativeSocketConnection.connect(NativeSocketConnection.java:63) ~[mysql-connector-java-8.0.30.jar:8.0.30]
	at com.mysql.cj.NativeSession.connect(NativeSession.java:120) ~[mysql-connector-java-8.0.30.jar:8.0.30]
	at com.mysql.cj.jdbc.ConnectionImpl.connectOneTryOnly(ConnectionImpl.java:948) ~[mysql-connector-java-8.0.30.jar:8.0.30]
	at com.mysql.cj.jdbc.ConnectionImpl.createNewIO(ConnectionImpl.java:818) ~[mysql-connector-java-8.0.30.jar:8.0.30]
	... 11 more
2026-08-13 12:44:53 DEBUG BasicResourcePool:1831 - An exception occurred while acquiring a poolable resource. Will retry.
com.mysql.cj.jdbc.exceptions.CommunicationsException: Communications link failure

The last packet sent successfully to the server was 0 milliseconds ago. The driver has not received any packets from the server.
	at com.mysql.cj.jdbc.exceptions.SQLError.createCommunicationsException(SQLError.java:174) ~[mysql-connector-java-8.0.30.jar:8.0.30]
	at com.mysql.cj.jdbc.exceptions.SQLExceptionsMapping.translateException(SQLExceptionsMapping.java:64) ~[mysql-connector-java-8.0.30.jar:8.0.30]
	at com.mysql.cj.jdbc.ConnectionImpl.createNewIO(ConnectionImpl.java:828) ~[mysql-connector-java-8.0.30.jar:8.0.30]
	at com.mysql.cj.jdbc.ConnectionImpl.<init>(ConnectionImpl.java:448) ~[mysql-connector-java-8.0.30.jar:8.0.30]
	at com.mysql.cj.jdbc.ConnectionImpl.getInstance(ConnectionImpl.java:241) ~[mysql-connector-java-8.0.30.jar:8.0.30]
	at com.mysql.cj.jdbc.NonRegisteringDriver.connect(NonRegisteringDriver.java:198) ~[mysql-connector-java-8.0.30.jar:8.0.30]
	at com.mchange.v2.c3p0.DriverManagerDataSource.getConnection(DriverManagerDataSource.java:134) ~[c3p0-0.9.1.2.jar:0.9.1.2]
	at com.mchange.v2.c3p0.WrapperConnectionPoolDataSource.getPooledConnection(WrapperConnectionPoolDataSource.java:182) ~[c3p0-0.9.1.2.jar:0.9.1.2]
	at com.mchange.v2.c3p0.WrapperConnectionPoolDataSource.getPooledConnection(WrapperConnectionPoolDataSource.java:171) ~[c3p0-0.9.1.2.jar:0.9.1.2]
	at com.mchange.v2.c3p0.impl.C3P0PooledConnectionPool$1PooledConnectionResourcePoolManager.acquireResource(C3P0PooledConnectionPool.java:137) ~[c3p0-0.9.1.2.jar:0.9.1.2]
	at com.mchange.v2.resourcepool.BasicResourcePool.doAcquire(BasicResourcePool.java:1014) ~[c3p0-0.9.1.2.jar:0.9.1.2]
	at com.mchange.v2.resourcepool.BasicResourcePool.access$800(BasicResourcePool.java:32) ~[c3p0-0.9.1.2.jar:0.9.1.2]
	at com.mchange.v2.resourcepool.BasicResourcePool$AcquireTask.run(BasicResourcePool.java:1810) [c3p0-0.9.1.2.jar:0.9.1.2]
	at com.mchange.v2.async.ThreadPoolAsynchronousRunner$PoolThread.run(ThreadPoolAsynchronousRunner.java:547) [c3p0-0.9.1.2.jar:0.9.1.2]
Caused by: com.mysql.cj.exceptions.CJCommunicationsException: Communications link failure

The last packet sent successfully to the server was 0 milliseconds ago. The driver has not received any packets from the server.
	at jdk.internal.reflect.NativeConstructorAccessorImpl.newInstance0(Native Method) ~[?:?]
	at jdk.internal.reflect.NativeConstructorAccessorImpl.newInstance(NativeConstructorAccessorImpl.java:77) ~[?:?]
	at jdk.internal.reflect.DelegatingConstructorAccessorImpl.newInstance(DelegatingConstructorAccessorImpl.java:45) ~[?:?]
	at java.lang.reflect.Constructor.newInstanceWithCaller(Constructor.java:499) ~[?:?]
	at java.lang.reflect.Constructor.newInstance(Constructor.java:480) ~[?:?]
	at com.mysql.cj.exceptions.ExceptionFactory.createException(ExceptionFactory.java:61) ~[mysql-connector-java-8.0.30.jar:8.0.30]
	at com.mysql.cj.exceptions.ExceptionFactory.createException(ExceptionFactory.java:105) ~[mysql-connector-java-8.0.30.jar:8.0.30]
	at com.mysql.cj.exceptions.ExceptionFactory.createException(ExceptionFactory.java:151) ~[mysql-connector-java-8.0.30.jar:8.0.30]
	at com.mysql.cj.exceptions.ExceptionFactory.createCommunicationsException(ExceptionFactory.java:167) ~[mysql-connector-java-8.0.30.jar:8.0.30]
	at com.mysql.cj.protocol.a.NativeSocketConnection.connect(NativeSocketConnection.java:89) ~[mysql-connector-java-8.0.30.jar:8.0.30]
	at com.mysql.cj.NativeSession.connect(NativeSession.java:120) ~[mysql-connector-java-8.0.30.jar:8.0.30]
	at com.mysql.cj.jdbc.ConnectionImpl.connectOneTryOnly(ConnectionImpl.java:948) ~[mysql-connector-java-8.0.30.jar:8.0.30]
	at com.mysql.cj.jdbc.ConnectionImpl.createNewIO(ConnectionImpl.java:818) ~[mysql-connector-java-8.0.30.jar:8.0.30]
	... 11 more
Caused by: java.net.UnknownHostException: db
	at java.net.InetAddress$CachedAddresses.get(InetAddress.java:801) ~[?:?]
	at java.net.InetAddress.getAllByName0(InetAddress.java:1509) ~[?:?]
	at java.net.InetAddress.getAllByName(InetAddress.java:1367) ~[?:?]
	at java.net.InetAddress.getAllByName(InetAddress.java:1301) ~[?:?]
	at com.mysql.cj.protocol.StandardSocketFactory.connect(StandardSocketFactory.java:130) ~[mysql-connector-java-8.0.30.jar:8.0.30]
	at com.mysql.cj.protocol.a.NativeSocketConnection.connect(NativeSocketConnection.java:63) ~[mysql-connector-java-8.0.30.jar:8.0.30]
	at com.mysql.cj.NativeSession.connect(NativeSession.java:120) ~[mysql-connector-java-8.0.30.jar:8.0.30]
	at com.mysql.cj.jdbc.ConnectionImpl.connectOneTryOnly(ConnectionImpl.java:948) ~[mysql-connector-java-8.0.30.jar:8.0.30]
	at com.mysql.cj.jdbc.ConnectionImpl.createNewIO(ConnectionImpl.java:818) ~[mysql-connector-java-8.0.30.jar:8.0.30]
	... 11 more
2026-08-13 12:44:54 DEBUG BasicResourcePool:1831 - An exception occurred while acquiring a poolable resource. Will retry.
com.mysql.cj.jdbc.exceptions.CommunicationsException: Communications link failure

The last packet sent successfully to the server was 0 milliseconds ago. The driver has not received any packets from the server.
	at com.mysql.cj.jdbc.exceptions.SQLError.createCommunicationsException(SQLError.java:174) ~[mysql-connector-java-8.0.30.jar:8.0.30]
	at com.mysql.cj.jdbc.exceptions.SQLExceptionsMapping.translateException(SQLExceptionsMapping.java:64) ~[mysql-connector-java-8.0.30.jar:8.0.30]
	at com.mysql.cj.jdbc.ConnectionImpl.createNewIO(ConnectionImpl.java:828) ~[mysql-connector-java-8.0.30.jar:8.0.30]
	at com.mysql.cj.jdbc.ConnectionImpl.<init>(ConnectionImpl.java:448) ~[mysql-connector-java-8.0.30.jar:8.0.30]
	at com.mysql.cj.jdbc.ConnectionImpl.getInstance(ConnectionImpl.java:241) ~[mysql-connector-java-8.0.30.jar:8.0.30]
	at com.mysql.cj.jdbc.NonRegisteringDriver.connect(NonRegisteringDriver.java:198) ~[mysql-connector-java-8.0.30.jar:8.0.30]
	at com.mchange.v2.c3p0.DriverManagerDataSource.getConnection(DriverManagerDataSource.java:134) ~[c3p0-0.9.1.2.jar:0.9.1.2]
	at com.mchange.v2.c3p0.WrapperConnectionPoolDataSource.getPooledConnection(WrapperConnectionPoolDataSource.java:182) ~[c3p0-0.9.1.2.jar:0.9.1.2]
	at com.mchange.v2.c3p0.WrapperConnectionPoolDataSource.getPooledConnection(WrapperConnectionPoolDataSource.java:171) ~[c3p0-0.9.1.2.jar:0.9.1.2]
	at com.mchange.v2.c3p0.impl.C3P0PooledConnectionPool$1PooledConnectionResourcePoolManager.acquireResource(C3P0PooledConnectionPool.java:137) ~[c3p0-0.9.1.2.jar:0.9.1.2]
	at com.mchange.v2.resourcepool.BasicResourcePool.doAcquire(BasicResourcePool.java:1014) ~[c3p0-0.9.1.2.jar:0.9.1.2]
	at com.mchange.v2.resourcepool.BasicResourcePool.access$800(BasicResourcePool.java:32) ~[c3p0-0.9.1.2.jar:0.9.1.2]
	at com.mchange.v2.resourcepool.BasicResourcePool$AcquireTask.run(BasicResourcePool.java:1810) [c3p0-0.9.1.2.jar:0.9.1.2]
	at com.mchange.v2.async.ThreadPoolAsynchronousRunner$PoolThread.run(ThreadPoolAsynchronousRunner.java:547) [c3p0-0.9.1.2.jar:0.9.1.2]
Caused by: com.mysql.cj.exceptions.CJCommunicationsException: Communications link failure

The last packet sent successfully to the server was 0 milliseconds ago. The driver has not received any packets from the server.
	at jdk.internal.reflect.NativeConstructorAccessorImpl.newInstance0(Native Method) ~[?:?]
	at jdk.internal.reflect.NativeConstructorAccessorImpl.newInstance(NativeConstructorAccessorImpl.java:77) ~[?:?]
	at jdk.internal.reflect.DelegatingConstructorAccessorImpl.newInstance(DelegatingConstructorAccessorImpl.java:45) ~[?:?]
	at java.lang.reflect.Constructor.newInstanceWithCaller(Constructor.java:499) ~[?:?]
	at java.lang.reflect.Constructor.newInstance(Constructor.java:480) ~[?:?]
	at com.mysql.cj.exceptions.ExceptionFactory.createException(ExceptionFactory.java:61) ~[mysql-connector-java-8.0.30.jar:8.0.30]
	at com.mysql.cj.exceptions.ExceptionFactory.createException(ExceptionFactory.java:105) ~[mysql-connector-java-8.0.30.jar:8.0.30]
	at com.mysql.cj.exceptions.ExceptionFactory.createException(ExceptionFactory.java:151) ~[mysql-connector-java-8.0.30.jar:8.0.30]
	at com.mysql.cj.exceptions.ExceptionFactory.createCommunicationsException(ExceptionFactory.java:167) ~[mysql-connector-java-8.0.30.jar:8.0.30]
	at com.mysql.cj.protocol.a.NativeSocketConnection.connect(NativeSocketConnection.java:89) ~[mysql-connector-java-8.0.30.jar:8.0.30]
	at com.mysql.cj.NativeSession.connect(NativeSession.java:120) ~[mysql-connector-java-8.0.30.jar:8.0.30]
	at com.mysql.cj.jdbc.ConnectionImpl.connectOneTryOnly(ConnectionImpl.java:948) ~[mysql-connector-java-8.0.30.jar:8.0.30]
	at com.mysql.cj.jdbc.ConnectionImpl.createNewIO(ConnectionImpl.java:818) ~[mysql-connector-java-8.0.30.jar:8.0.30]
	... 11 more
Caused by: java.net.UnknownHostException: db
	at java.net.InetAddress$CachedAddresses.get(InetAddress.java:801) ~[?:?]
	at java.net.InetAddress.getAllByName0(InetAddress.java:1509) ~[?:?]
	at java.net.InetAddress.getAllByName(InetAddress.java:1367) ~[?:?]
	at java.net.InetAddress.getAllByName(InetAddress.java:1301) ~[?:?]
	at com.mysql.cj.protocol.StandardSocketFactory.connect(StandardSocketFactory.java:130) ~[mysql-connector-java-8.0.30.jar:8.0.30]
	at com.mysql.cj.protocol.a.NativeSocketConnection.connect(NativeSocketConnection.java:63) ~[mysql-connector-java-8.0.30.jar:8.0.30]
	at com.mysql.cj.NativeSession.connect(NativeSession.java:120) ~[mysql-connector-java-8.0.30.jar:8.0.30]
	at com.mysql.cj.jdbc.ConnectionImpl.connectOneTryOnly(ConnectionImpl.java:948) ~[mysql-connector-java-8.0.30.jar:8.0.30]
	at com.mysql.cj.jdbc.ConnectionImpl.createNewIO(ConnectionImpl.java:818) ~[mysql-connector-java-8.0.30.jar:8.0.30]
	... 11 more
2026-08-13 12:44:54 DEBUG BasicResourcePool:1831 - An exception occurred while acquiring a poolable resource. Will retry.
com.mysql.cj.jdbc.exceptions.CommunicationsException: Communications link failure

The last packet sent successfully to the server was 0 milliseconds ago. The driver has not received any packets from the server.
	at com.mysql.cj.jdbc.exceptions.SQLError.createCommunicationsException(SQLError.java:174) ~[mysql-connector-java-8.0.30.jar:8.0.30]
	at com.mysql.cj.jdbc.exceptions.SQLExceptionsMapping.translateException(SQLExceptionsMapping.java:64) ~[mysql-connector-java-8.0.30.jar:8.0.30]
	at com.mysql.cj.jdbc.ConnectionImpl.createNewIO(ConnectionImpl.java:828) ~[mysql-connector-java-8.0.30.jar:8.0.30]
	at com.mysql.cj.jdbc.ConnectionImpl.<init>(ConnectionImpl.java:448) ~[mysql-connector-java-8.0.30.jar:8.0.30]
	at com.mysql.cj.jdbc.ConnectionImpl.getInstance(ConnectionImpl.java:241) ~[mysql-connector-java-8.0.30.jar:8.0.30]
	at com.mysql.cj.jdbc.NonRegisteringDriver.connect(NonRegisteringDriver.java:198) ~[mysql-connector-java-8.0.30.jar:8.0.30]
	at com.mchange.v2.c3p0.DriverManagerDataSource.getConnection(DriverManagerDataSource.java:134) ~[c3p0-0.9.1.2.jar:0.9.1.2]
	at com.mchange.v2.c3p0.WrapperConnectionPoolDataSource.getPooledConnection(WrapperConnectionPoolDataSource.java:182) ~[c3p0-0.9.1.2.jar:0.9.1.2]
	at com.mchange.v2.c3p0.WrapperConnectionPoolDataSource.getPooledConnection(WrapperConnectionPoolDataSource.java:171) ~[c3p0-0.9.1.2.jar:0.9.1.2]
	at com.mchange.v2.c3p0.impl.C3P0PooledConnectionPool$1PooledConnectionResourcePoolManager.acquireResource(C3P0PooledConnectionPool.java:137) ~[c3p0-0.9.1.2.jar:0.9.1.2]
	at com.mchange.v2.resourcepool.BasicResourcePool.doAcquire(BasicResourcePool.java:1014) ~[c3p0-0.9.1.2.jar:0.9.1.2]
	at com.mchange.v2.resourcepool.BasicResourcePool.access$800(BasicResourcePool.java:32) ~[c3p0-0.9.1.2.jar:0.9.1.2]
	at com.mchange.v2.resourcepool.BasicResourcePool$AcquireTask.run(BasicResourcePool.java:1810) [c3p0-0.9.1.2.jar:0.9.1.2]
	at com.mchange.v2.async.ThreadPoolAsynchronousRunner$PoolThread.run(ThreadPoolAsynchronousRunner.java:547) [c3p0-0.9.1.2.jar:0.9.1.2]
Caused by: com.mysql.cj.exceptions.CJCommunicationsException: Communications link failure

The last packet sent successfully to the server was 0 milliseconds ago. The driver has not received any packets from the server.
	at jdk.internal.reflect.NativeConstructorAccessorImpl.newInstance0(Native Method) ~[?:?]
	at jdk.internal.reflect.NativeConstructorAccessorImpl.newInstance(NativeConstructorAccessorImpl.java:77) ~[?:?]
	at jdk.internal.reflect.DelegatingConstructorAccessorImpl.newInstance(DelegatingConstructorAccessorImpl.java:45) ~[?:?]
	at java.lang.reflect.Constructor.newInstanceWithCaller(Constructor.java:499) ~[?:?]
	at java.lang.reflect.Constructor.newInstance(Constructor.java:480) ~[?:?]
	at com.mysql.cj.exceptions.ExceptionFactory.createException(ExceptionFactory.java:61) ~[mysql-connector-java-8.0.30.jar:8.0.30]
	at com.mysql.cj.exceptions.ExceptionFactory.createException(ExceptionFactory.java:105) ~[mysql-connector-java-8.0.30.jar:8.0.30]
	at com.mysql.cj.exceptions.ExceptionFactory.createException(ExceptionFactory.java:151) ~[mysql-connector-java-8.0.30.jar:8.0.30]
	at com.mysql.cj.exceptions.ExceptionFactory.createCommunicationsException(ExceptionFactory.java:167) ~[mysql-connector-java-8.0.30.jar:8.0.30]
	at com.mysql.cj.protocol.a.NativeSocketConnection.connect(NativeSocketConnection.java:89) ~[mysql-connector-java-8.0.30.jar:8.0.30]
	at com.mysql.cj.NativeSession.connect(NativeSession.java:120) ~[mysql-connector-java-8.0.30.jar:8.0.30]
	at com.mysql.cj.jdbc.ConnectionImpl.connectOneTryOnly(ConnectionImpl.java:948) ~[mysql-connector-java-8.0.30.jar:8.0.30]
	at com.mysql.cj.jdbc.ConnectionImpl.createNewIO(ConnectionImpl.java:818) ~[mysql-connector-java-8.0.30.jar:8.0.30]
	... 11 more
Caused by: java.net.UnknownHostException: db
	at java.net.InetAddress$CachedAddresses.get(InetAddress.java:801) ~[?:?]
	at java.net.InetAddress.getAllByName0(InetAddress.java:1509) ~[?:?]
	at java.net.InetAddress.getAllByName(InetAddress.java:1367) ~[?:?]
	at java.net.InetAddress.getAllByName(InetAddress.java:1301) ~[?:?]
	at com.mysql.cj.protocol.StandardSocketFactory.connect(StandardSocketFactory.java:130) ~[mysql-connector-java-8.0.30.jar:8.0.30]
	at com.mysql.cj.protocol.a.NativeSocketConnection.connect(NativeSocketConnection.java:63) ~[mysql-connector-java-8.0.30.jar:8.0.30]
	at com.mysql.cj.NativeSession.connect(NativeSession.java:120) ~[mysql-connector-java-8.0.30.jar:8.0.30]
	at com.mysql.cj.jdbc.ConnectionImpl.connectOneTryOnly(ConnectionImpl.java:948) ~[mysql-connector-java-8.0.30.jar:8.0.30]
	at com.mysql.cj.jdbc.ConnectionImpl.createNewIO(ConnectionImpl.java:818) ~[mysql-connector-java-8.0.30.jar:8.0.30]
	... 11 more
2026-08-13 12:44:55 DEBUG BasicResourcePool:1935 - Checking for expired resources - Thu Aug 13 12:44:55 IST 2026 [com.mchange.v2.resourcepool.BasicResourcePool@27e6cf4c]
2026-08-13 12:44:55 DEBUG BasicResourcePool:1447 - BEGIN check for expired resources.  [com.mchange.v2.resourcepool.BasicResourcePool@27e6cf4c]
2026-08-13 12:44:55 DEBUG BasicResourcePool:1831 - An exception occurred while acquiring a poolable resource. Will retry.
com.mysql.cj.jdbc.exceptions.CommunicationsException: Communications link failure

The last packet sent successfully to the server was 0 milliseconds ago. The driver has not received any packets from the server.
	at com.mysql.cj.jdbc.exceptions.SQLError.createCommunicationsException(SQLError.java:174) ~[mysql-connector-java-8.0.30.jar:8.0.30]
	at com.mysql.cj.jdbc.exceptions.SQLExceptionsMapping.translateException(SQLExceptionsMapping.java:64) ~[mysql-connector-java-8.0.30.jar:8.0.30]
	at com.mysql.cj.jdbc.ConnectionImpl.createNewIO(ConnectionImpl.java:828) ~[mysql-connector-java-8.0.30.jar:8.0.30]
	at com.mysql.cj.jdbc.ConnectionImpl.<init>(ConnectionImpl.java:448) ~[mysql-connector-java-8.0.30.jar:8.0.30]
	at com.mysql.cj.jdbc.ConnectionImpl.getInstance(ConnectionImpl.java:241) ~[mysql-connector-java-8.0.30.jar:8.0.30]
	at com.mysql.cj.jdbc.NonRegisteringDriver.connect(NonRegisteringDriver.java:198) ~[mysql-connector-java-8.0.30.jar:8.0.30]
	at com.mchange.v2.c3p0.DriverManagerDataSource.getConnection(DriverManagerDataSource.java:134) ~[c3p0-0.9.1.2.jar:0.9.1.2]
	at com.mchange.v2.c3p0.WrapperConnectionPoolDataSource.getPooledConnection(WrapperConnectionPoolDataSource.java:182) ~[c3p0-0.9.1.2.jar:0.9.1.2]
	at com.mchange.v2.c3p0.WrapperConnectionPoolDataSource.getPooledConnection(WrapperConnectionPoolDataSource.java:171) ~[c3p0-0.9.1.2.jar:0.9.1.2]
	at com.mchange.v2.c3p0.impl.C3P0PooledConnectionPool$1PooledConnectionResourcePoolManager.acquireResource(C3P0PooledConnectionPool.java:137) ~[c3p0-0.9.1.2.jar:0.9.1.2]
	at com.mchange.v2.resourcepool.BasicResourcePool.doAcquire(BasicResourcePool.java:1014) ~[c3p0-0.9.1.2.jar:0.9.1.2]
	at com.mchange.v2.resourcepool.BasicResourcePool.access$800(BasicResourcePool.java:32) ~[c3p0-0.9.1.2.jar:0.9.1.2]
	at com.mchange.v2.resourcepool.BasicResourcePool$AcquireTask.run(BasicResourcePool.java:1810) [c3p0-0.9.1.2.jar:0.9.1.2]
	at com.mchange.v2.async.ThreadPoolAsynchronousRunner$PoolThread.run(ThreadPoolAsynchronousRunner.java:547) [c3p0-0.9.1.2.jar:0.9.1.2]
Caused by: com.mysql.cj.exceptions.CJCommunicationsException: Communications link failure

The last packet sent successfully to the server was 0 milliseconds ago. The driver has not received any packets from the server.
	at jdk.internal.reflect.NativeConstructorAccessorImpl.newInstance0(Native Method) ~[?:?]
	at jdk.internal.reflect.NativeConstructorAccessorImpl.newInstance(NativeConstructorAccessorImpl.java:77) ~[?:?]
	at jdk.internal.reflect.DelegatingConstructorAccessorImpl.newInstance(DelegatingConstructorAccessorImpl.java:45) ~[?:?]
	at java.lang.reflect.Constructor.newInstanceWithCaller(Constructor.java:499) ~[?:?]
	at java.lang.reflect.Constructor.newInstance(Constructor.java:480) ~[?:?]
	at com.mysql.cj.exceptions.ExceptionFactory.createException(ExceptionFactory.java:61) ~[mysql-connector-java-8.0.30.jar:8.0.30]
	at com.mysql.cj.exceptions.ExceptionFactory.createException(ExceptionFactory.java:105) ~[mysql-connector-java-8.0.30.jar:8.0.30]
	at com.mysql.cj.exceptions.ExceptionFactory.createException(ExceptionFactory.java:151) ~[mysql-connector-java-8.0.30.jar:8.0.30]
	at com.mysql.cj.exceptions.ExceptionFactory.createCommunicationsException(ExceptionFactory.java:167) ~[mysql-connector-java-8.0.30.jar:8.0.30]
	at com.mysql.cj.protocol.a.NativeSocketConnection.connect(NativeSocketConnection.java:89) ~[mysql-connector-java-8.0.30.jar:8.0.30]
	at com.mysql.cj.NativeSession.connect(NativeSession.java:120) ~[mysql-connector-java-8.0.30.jar:8.0.30]
	at com.mysql.cj.jdbc.ConnectionImpl.connectOneTryOnly(ConnectionImpl.java:948) ~[mysql-connector-java-8.0.30.jar:8.0.30]
	at com.mysql.cj.jdbc.ConnectionImpl.createNewIO(ConnectionImpl.java:818) ~[mysql-connector-java-8.0.30.jar:8.0.30]
	... 11 more
Caused by: java.net.UnknownHostException: db
	at java.net.InetAddress$CachedAddresses.get(InetAddress.java:801) ~[?:?]
	at java.net.InetAddress.getAllByName0(InetAddress.java:1509) ~[?:?]
	at java.net.InetAddress.getAllByName(InetAddress.java:1367) ~[?:?]
	at java.net.InetAddress.getAllByName(InetAddress.java:1301) ~[?:?]
	at com.mysql.cj.protocol.StandardSocketFactory.connect(StandardSocketFactory.java:130) ~[mysql-connector-java-8.0.30.jar:8.0.30]
	at com.mysql.cj.protocol.a.NativeSocketConnection.connect(NativeSocketConnection.java:63) ~[mysql-connector-java-8.0.30.jar:8.0.30]
	at com.mysql.cj.NativeSession.connect(NativeSession.java:120) ~[mysql-connector-java-8.0.30.jar:8.0.30]
	at com.mysql.cj.jdbc.ConnectionImpl.connectOneTryOnly(ConnectionImpl.java:948) ~[mysql-connector-java-8.0.30.jar:8.0.30]
	at com.mysql.cj.jdbc.ConnectionImpl.createNewIO(ConnectionImpl.java:818) ~[mysql-connector-java-8.0.30.jar:8.0.30]
	... 11 more
2026-08-13 12:44:55 DEBUG BasicResourcePool:1468 - FINISHED check for expired resources.  [com.mchange.v2.resourcepool.BasicResourcePool@27e6cf4c]
2026-08-13 12:44:55 DEBUG BasicResourcePool:1831 - An exception occurred while acquiring a poolable resource. Will retry.
com.mysql.cj.jdbc.exceptions.CommunicationsException: Communications link failure

The last packet sent successfully to the server was 0 milliseconds ago. The driver has not received any packets from the server.
	at com.mysql.cj.jdbc.exceptions.SQLError.createCommunicationsException(SQLError.java:174) ~[mysql-connector-java-8.0.30.jar:8.0.30]
	at com.mysql.cj.jdbc.exceptions.SQLExceptionsMapping.translateException(SQLExceptionsMapping.java:64) ~[mysql-connector-java-8.0.30.jar:8.0.30]
	at com.mysql.cj.jdbc.ConnectionImpl.createNewIO(ConnectionImpl.java:828) ~[mysql-connector-java-8.0.30.jar:8.0.30]
	at com.mysql.cj.jdbc.ConnectionImpl.<init>(ConnectionImpl.java:448) ~[mysql-connector-java-8.0.30.jar:8.0.30]
	at com.mysql.cj.jdbc.ConnectionImpl.getInstance(ConnectionImpl.java:241) ~[mysql-connector-java-8.0.30.jar:8.0.30]
	at com.mysql.cj.jdbc.NonRegisteringDriver.connect(NonRegisteringDriver.java:198) ~[mysql-connector-java-8.0.30.jar:8.0.30]
	at com.mchange.v2.c3p0.DriverManagerDataSource.getConnection(DriverManagerDataSource.java:134) ~[c3p0-0.9.1.2.jar:0.9.1.2]
	at com.mchange.v2.c3p0.WrapperConnectionPoolDataSource.getPooledConnection(WrapperConnectionPoolDataSource.java:182) ~[c3p0-0.9.1.2.jar:0.9.1.2]
	at com.mchange.v2.c3p0.WrapperConnectionPoolDataSource.getPooledConnection(WrapperConnectionPoolDataSource.java:171) ~[c3p0-0.9.1.2.jar:0.9.1.2]
	at com.mchange.v2.c3p0.impl.C3P0PooledConnectionPool$1PooledConnectionResourcePoolManager.acquireResource(C3P0PooledConnectionPool.java:137) ~[c3p0-0.9.1.2.jar:0.9.1.2]
	at com.mchange.v2.resourcepool.BasicResourcePool.doAcquire(BasicResourcePool.java:1014) ~[c3p0-0.9.1.2.jar:0.9.1.2]
	at com.mchange.v2.resourcepool.BasicResourcePool.access$800(BasicResourcePool.java:32) ~[c3p0-0.9.1.2.jar:0.9.1.2]
	at com.mchange.v2.resourcepool.BasicResourcePool$AcquireTask.run(BasicResourcePool.java:1810) [c3p0-0.9.1.2.jar:0.9.1.2]
	at com.mchange.v2.async.ThreadPoolAsynchronousRunner$PoolThread.run(ThreadPoolAsynchronousRunner.java:547) [c3p0-0.9.1.2.jar:0.9.1.2]
Caused by: com.mysql.cj.exceptions.CJCommunicationsException: Communications link failure

The last packet sent successfully to the server was 0 milliseconds ago. The driver has not received any packets from the server.
	at jdk.internal.reflect.NativeConstructorAccessorImpl.newInstance0(Native Method) ~[?:?]
	at jdk.internal.reflect.NativeConstructorAccessorImpl.newInstance(NativeConstructorAccessorImpl.java:77) ~[?:?]
	at jdk.internal.reflect.DelegatingConstructorAccessorImpl.newInstance(DelegatingConstructorAccessorImpl.java:45) ~[?:?]
	at java.lang.reflect.Constructor.newInstanceWithCaller(Constructor.java:499) ~[?:?]
	at java.lang.reflect.Constructor.newInstance(Constructor.java:480) ~[?:?]
	at com.mysql.cj.exceptions.ExceptionFactory.createException(ExceptionFactory.java:61) ~[mysql-connector-java-8.0.30.jar:8.0.30]
	at com.mysql.cj.exceptions.ExceptionFactory.createException(ExceptionFactory.java:105) ~[mysql-connector-java-8.0.30.jar:8.0.30]
	at com.mysql.cj.exceptions.ExceptionFactory.createException(ExceptionFactory.java:151) ~[mysql-connector-java-8.0.30.jar:8.0.30]
	at com.mysql.cj.exceptions.ExceptionFactory.createCommunicationsException(ExceptionFactory.java:167) ~[mysql-connector-java-8.0.30.jar:8.0.30]
	at com.mysql.cj.protocol.a.NativeSocketConnection.connect(NativeSocketConnection.java:89) ~[mysql-connector-java-8.0.30.jar:8.0.30]
	at com.mysql.cj.NativeSession.connect(NativeSession.java:120) ~[mysql-connector-java-8.0.30.jar:8.0.30]
	at com.mysql.cj.jdbc.ConnectionImpl.connectOneTryOnly(ConnectionImpl.java:948) ~[mysql-connector-java-8.0.30.jar:8.0.30]
	at com.mysql.cj.jdbc.ConnectionImpl.createNewIO(ConnectionImpl.java:818) ~[mysql-connector-java-8.0.30.jar:8.0.30]
	... 11 more
Caused by: java.net.UnknownHostException: db
	at java.net.InetAddress$CachedAddresses.get(InetAddress.java:801) ~[?:?]
	at java.net.InetAddress.getAllByName0(InetAddress.java:1509) ~[?:?]
	at java.net.InetAddress.getAllByName(InetAddress.java:1367) ~[?:?]
	at java.net.InetAddress.getAllByName(InetAddress.java:1301) ~[?:?]
	at com.mysql.cj.protocol.StandardSocketFactory.connect(StandardSocketFactory.java:130) ~[mysql-connector-java-8.0.30.jar:8.0.30]
	at com.mysql.cj.protocol.a.NativeSocketConnection.connect(NativeSocketConnection.java:63) ~[mysql-connector-java-8.0.30.jar:8.0.30]
	at com.mysql.cj.NativeSession.connect(NativeSession.java:120) ~[mysql-connector-java-8.0.30.jar:8.0.30]
	at com.mysql.cj.jdbc.ConnectionImpl.connectOneTryOnly(ConnectionImpl.java:948) ~[mysql-connector-java-8.0.30.jar:8.0.30]
	at com.mysql.cj.jdbc.ConnectionImpl.createNewIO(ConnectionImpl.java:818) ~[mysql-connector-java-8.0.30.jar:8.0.30]
	... 11 more
2026-08-13 12:44:56 DEBUG BasicResourcePool:1831 - An exception occurred while acquiring a poolable resource. Will retry.
com.mysql.cj.jdbc.exceptions.CommunicationsException: Communications link failure

The last packet sent successfully to the server was 0 milliseconds ago. The driver has not received any packets from the server.
	at com.mysql.cj.jdbc.exceptions.SQLError.createCommunicationsException(SQLError.java:174) ~[mysql-connector-java-8.0.30.jar:8.0.30]
	at com.mysql.cj.jdbc.exceptions.SQLExceptionsMapping.translateException(SQLExceptionsMapping.java:64) ~[mysql-connector-java-8.0.30.jar:8.0.30]
	at com.mysql.cj.jdbc.ConnectionImpl.createNewIO(ConnectionImpl.java:828) ~[mysql-connector-java-8.0.30.jar:8.0.30]
	at com.mysql.cj.jdbc.ConnectionImpl.<init>(ConnectionImpl.java:448) ~[mysql-connector-java-8.0.30.jar:8.0.30]
	at com.mysql.cj.jdbc.ConnectionImpl.getInstance(ConnectionImpl.java:241) ~[mysql-connector-java-8.0.30.jar:8.0.30]
	at com.mysql.cj.jdbc.NonRegisteringDriver.connect(NonRegisteringDriver.java:198) ~[mysql-connector-java-8.0.30.jar:8.0.30]
	at com.mchange.v2.c3p0.DriverManagerDataSource.getConnection(DriverManagerDataSource.java:134) ~[c3p0-0.9.1.2.jar:0.9.1.2]
	at com.mchange.v2.c3p0.WrapperConnectionPoolDataSource.getPooledConnection(WrapperConnectionPoolDataSource.java:182) ~[c3p0-0.9.1.2.jar:0.9.1.2]
	at com.mchange.v2.c3p0.WrapperConnectionPoolDataSource.getPooledConnection(WrapperConnectionPoolDataSource.java:171) ~[c3p0-0.9.1.2.jar:0.9.1.2]
	at com.mchange.v2.c3p0.impl.C3P0PooledConnectionPool$1PooledConnectionResourcePoolManager.acquireResource(C3P0PooledConnectionPool.java:137) ~[c3p0-0.9.1.2.jar:0.9.1.2]
	at com.mchange.v2.resourcepool.BasicResourcePool.doAcquire(BasicResourcePool.java:1014) ~[c3p0-0.9.1.2.jar:0.9.1.2]
	at com.mchange.v2.resourcepool.BasicResourcePool.access$800(BasicResourcePool.java:32) ~[c3p0-0.9.1.2.jar:0.9.1.2]
	at com.mchange.v2.resourcepool.BasicResourcePool$AcquireTask.run(BasicResourcePool.java:1810) [c3p0-0.9.1.2.jar:0.9.1.2]
	at com.mchange.v2.async.ThreadPoolAsynchronousRunner$PoolThread.run(ThreadPoolAsynchronousRunner.java:547) [c3p0-0.9.1.2.jar:0.9.1.2]
Caused by: com.mysql.cj.exceptions.CJCommunicationsException: Communications link failure

The last packet sent successfully to the server was 0 milliseconds ago. The driver has not received any packets from the server.
	at jdk.internal.reflect.NativeConstructorAccessorImpl.newInstance0(Native Method) ~[?:?]
	at jdk.internal.reflect.NativeConstructorAccessorImpl.newInstance(NativeConstructorAccessorImpl.java:77) ~[?:?]
	at jdk.internal.reflect.DelegatingConstructorAccessorImpl.newInstance(DelegatingConstructorAccessorImpl.java:45) ~[?:?]
	at java.lang.reflect.Constructor.newInstanceWithCaller(Constructor.java:499) ~[?:?]
	at java.lang.reflect.Constructor.newInstance(Constructor.java:480) ~[?:?]
	at com.mysql.cj.exceptions.ExceptionFactory.createException(ExceptionFactory.java:61) ~[mysql-connector-java-8.0.30.jar:8.0.30]
	at com.mysql.cj.exceptions.ExceptionFactory.createException(ExceptionFactory.java:105) ~[mysql-connector-java-8.0.30.jar:8.0.30]
	at com.mysql.cj.exceptions.ExceptionFactory.createException(ExceptionFactory.java:151) ~[mysql-connector-java-8.0.30.jar:8.0.30]
	at com.mysql.cj.exceptions.ExceptionFactory.createCommunicationsException(ExceptionFactory.java:167) ~[mysql-connector-java-8.0.30.jar:8.0.30]
	at com.mysql.cj.protocol.a.NativeSocketConnection.connect(NativeSocketConnection.java:89) ~[mysql-connector-java-8.0.30.jar:8.0.30]
	at com.mysql.cj.NativeSession.connect(NativeSession.java:120) ~[mysql-connector-java-8.0.30.jar:8.0.30]
	at com.mysql.cj.jdbc.ConnectionImpl.connectOneTryOnly(ConnectionImpl.java:948) ~[mysql-connector-java-8.0.30.jar:8.0.30]
	at com.mysql.cj.jdbc.ConnectionImpl.createNewIO(ConnectionImpl.java:818) ~[mysql-connector-java-8.0.30.jar:8.0.30]
	... 11 more
Caused by: java.net.UnknownHostException: db
	at java.net.InetAddress$CachedAddresses.get(InetAddress.java:801) ~[?:?]
	at java.net.InetAddress.getAllByName0(InetAddress.java:1509) ~[?:?]
	at java.net.InetAddress.getAllByName(InetAddress.java:1367) ~[?:?]
	at java.net.InetAddress.getAllByName(InetAddress.java:1301) ~[?:?]
	at com.mysql.cj.protocol.StandardSocketFactory.connect(StandardSocketFactory.java:130) ~[mysql-connector-java-8.0.30.jar:8.0.30]
	at com.mysql.cj.protocol.a.NativeSocketConnection.connect(NativeSocketConnection.java:63) ~[mysql-connector-java-8.0.30.jar:8.0.30]
	at com.mysql.cj.NativeSession.connect(NativeSession.java:120) ~[mysql-connector-java-8.0.30.jar:8.0.30]
	at com.mysql.cj.jdbc.ConnectionImpl.connectOneTryOnly(ConnectionImpl.java:948) ~[mysql-connector-java-8.0.30.jar:8.0.30]
	at com.mysql.cj.jdbc.ConnectionImpl.createNewIO(ConnectionImpl.java:818) ~[mysql-connector-java-8.0.30.jar:8.0.30]
	... 11 more
2026-08-13 12:44:56 DEBUG BasicResourcePool:1831 - An exception occurred while acquiring a poolable resource. Will retry.
com.mysql.cj.jdbc.exceptions.CommunicationsException: Communications link failure

The last packet sent successfully to the server was 0 milliseconds ago. The driver has not received any packets from the server.
	at com.mysql.cj.jdbc.exceptions.SQLError.createCommunicationsException(SQLError.java:174) ~[mysql-connector-java-8.0.30.jar:8.0.30]
	at com.mysql.cj.jdbc.exceptions.SQLExceptionsMapping.translateException(SQLExceptionsMapping.java:64) ~[mysql-connector-java-8.0.30.jar:8.0.30]
	at com.mysql.cj.jdbc.ConnectionImpl.createNewIO(ConnectionImpl.java:828) ~[mysql-connector-java-8.0.30.jar:8.0.30]
	at com.mysql.cj.jdbc.ConnectionImpl.<init>(ConnectionImpl.java:448) ~[mysql-connector-java-8.0.30.jar:8.0.30]
	at com.mysql.cj.jdbc.ConnectionImpl.getInstance(ConnectionImpl.java:241) ~[mysql-connector-java-8.0.30.jar:8.0.30]
	at com.mysql.cj.jdbc.NonRegisteringDriver.connect(NonRegisteringDriver.java:198) ~[mysql-connector-java-8.0.30.jar:8.0.30]
	at com.mchange.v2.c3p0.DriverManagerDataSource.getConnection(DriverManagerDataSource.java:134) ~[c3p0-0.9.1.2.jar:0.9.1.2]
	at com.mchange.v2.c3p0.WrapperConnectionPoolDataSource.getPooledConnection(WrapperConnectionPoolDataSource.java:182) ~[c3p0-0.9.1.2.jar:0.9.1.2]
	at com.mchange.v2.c3p0.WrapperConnectionPoolDataSource.getPooledConnection(WrapperConnectionPoolDataSource.java:171) ~[c3p0-0.9.1.2.jar:0.9.1.2]
	at com.mchange.v2.c3p0.impl.C3P0PooledConnectionPool$1PooledConnectionResourcePoolManager.acquireResource(C3P0PooledConnectionPool.java:137) ~[c3p0-0.9.1.2.jar:0.9.1.2]
	at com.mchange.v2.resourcepool.BasicResourcePool.doAcquire(BasicResourcePool.java:1014) ~[c3p0-0.9.1.2.jar:0.9.1.2]
	at com.mchange.v2.resourcepool.BasicResourcePool.access$800(BasicResourcePool.java:32) ~[c3p0-0.9.1.2.jar:0.9.1.2]
	at com.mchange.v2.resourcepool.BasicResourcePool$AcquireTask.run(BasicResourcePool.java:1810) [c3p0-0.9.1.2.jar:0.9.1.2]
	at com.mchange.v2.async.ThreadPoolAsynchronousRunner$PoolThread.run(ThreadPoolAsynchronousRunner.java:547) [c3p0-0.9.1.2.jar:0.9.1.2]
Caused by: com.mysql.cj.exceptions.CJCommunicationsException: Communications link failure

The last packet sent successfully to the server was 0 milliseconds ago. The driver has not received any packets from the server.
	at jdk.internal.reflect.GeneratedConstructorAccessor21.newInstance(Unknown Source) ~[?:?]
	at jdk.internal.reflect.DelegatingConstructorAccessorImpl.newInstance(DelegatingConstructorAccessorImpl.java:45) ~[?:?]
	at java.lang.reflect.Constructor.newInstanceWithCaller(Constructor.java:499) ~[?:?]
	at java.lang.reflect.Constructor.newInstance(Constructor.java:480) ~[?:?]
	at com.mysql.cj.exceptions.ExceptionFactory.createException(ExceptionFactory.java:61) ~[mysql-connector-java-8.0.30.jar:8.0.30]
	at com.mysql.cj.exceptions.ExceptionFactory.createException(ExceptionFactory.java:105) ~[mysql-connector-java-8.0.30.jar:8.0.30]
	at com.mysql.cj.exceptions.ExceptionFactory.createException(ExceptionFactory.java:151) ~[mysql-connector-java-8.0.30.jar:8.0.30]
	at com.mysql.cj.exceptions.ExceptionFactory.createCommunicationsException(ExceptionFactory.java:167) ~[mysql-connector-java-8.0.30.jar:8.0.30]
	at com.mysql.cj.protocol.a.NativeSocketConnection.connect(NativeSocketConnection.java:89) ~[mysql-connector-java-8.0.30.jar:8.0.30]
	at com.mysql.cj.NativeSession.connect(NativeSession.java:120) ~[mysql-connector-java-8.0.30.jar:8.0.30]
	at com.mysql.cj.jdbc.ConnectionImpl.connectOneTryOnly(ConnectionImpl.java:948) ~[mysql-connector-java-8.0.30.jar:8.0.30]
	at com.mysql.cj.jdbc.ConnectionImpl.createNewIO(ConnectionImpl.java:818) ~[mysql-connector-java-8.0.30.jar:8.0.30]
	... 11 more
Caused by: java.net.UnknownHostException: db
	at java.net.InetAddress$CachedAddresses.get(InetAddress.java:801) ~[?:?]
	at java.net.InetAddress.getAllByName0(InetAddress.java:1509) ~[?:?]
	at java.net.InetAddress.getAllByName(InetAddress.java:1367) ~[?:?]
	at java.net.InetAddress.getAllByName(InetAddress.java:1301) ~[?:?]
	at com.mysql.cj.protocol.StandardSocketFactory.connect(StandardSocketFactory.java:130) ~[mysql-connector-java-8.0.30.jar:8.0.30]
	at com.mysql.cj.protocol.a.NativeSocketConnection.connect(NativeSocketConnection.java:63) ~[mysql-connector-java-8.0.30.jar:8.0.30]
	at com.mysql.cj.NativeSession.connect(NativeSession.java:120) ~[mysql-connector-java-8.0.30.jar:8.0.30]
	at com.mysql.cj.jdbc.ConnectionImpl.connectOneTryOnly(ConnectionImpl.java:948) ~[mysql-connector-java-8.0.30.jar:8.0.30]
	at com.mysql.cj.jdbc.ConnectionImpl.createNewIO(ConnectionImpl.java:818) ~[mysql-connector-java-8.0.30.jar:8.0.30]
	... 11 more
2026-08-13 12:44:57 DEBUG BasicResourcePool:1831 - An exception occurred while acquiring a poolable resource. Will retry.
com.mysql.cj.jdbc.exceptions.CommunicationsException: Communications link failure

The last packet sent successfully to the server was 0 milliseconds ago. The driver has not received any packets from the server.
	at com.mysql.cj.jdbc.exceptions.SQLError.createCommunicationsException(SQLError.java:174) ~[mysql-connector-java-8.0.30.jar:8.0.30]
	at com.mysql.cj.jdbc.exceptions.SQLExceptionsMapping.translateException(SQLExceptionsMapping.java:64) ~[mysql-connector-java-8.0.30.jar:8.0.30]
	at com.mysql.cj.jdbc.ConnectionImpl.createNewIO(ConnectionImpl.java:828) ~[mysql-connector-java-8.0.30.jar:8.0.30]
	at com.mysql.cj.jdbc.ConnectionImpl.<init>(ConnectionImpl.java:448) ~[mysql-connector-java-8.0.30.jar:8.0.30]
	at com.mysql.cj.jdbc.ConnectionImpl.getInstance(ConnectionImpl.java:241) ~[mysql-connector-java-8.0.30.jar:8.0.30]
	at com.mysql.cj.jdbc.NonRegisteringDriver.connect(NonRegisteringDriver.java:198) ~[mysql-connector-java-8.0.30.jar:8.0.30]
	at com.mchange.v2.c3p0.DriverManagerDataSource.getConnection(DriverManagerDataSource.java:134) ~[c3p0-0.9.1.2.jar:0.9.1.2]
	at com.mchange.v2.c3p0.WrapperConnectionPoolDataSource.getPooledConnection(WrapperConnectionPoolDataSource.java:182) ~[c3p0-0.9.1.2.jar:0.9.1.2]
	at com.mchange.v2.c3p0.WrapperConnectionPoolDataSource.getPooledConnection(WrapperConnectionPoolDataSource.java:171) ~[c3p0-0.9.1.2.jar:0.9.1.2]
	at com.mchange.v2.c3p0.impl.C3P0PooledConnectionPool$1PooledConnectionResourcePoolManager.acquireResource(C3P0PooledConnectionPool.java:137) ~[c3p0-0.9.1.2.jar:0.9.1.2]
	at com.mchange.v2.resourcepool.BasicResourcePool.doAcquire(BasicResourcePool.java:1014) ~[c3p0-0.9.1.2.jar:0.9.1.2]
	at com.mchange.v2.resourcepool.BasicResourcePool.access$800(BasicResourcePool.java:32) ~[c3p0-0.9.1.2.jar:0.9.1.2]
	at com.mchange.v2.resourcepool.BasicResourcePool$AcquireTask.run(BasicResourcePool.java:1810) [c3p0-0.9.1.2.jar:0.9.1.2]
	at com.mchange.v2.async.ThreadPoolAsynchronousRunner$PoolThread.run(ThreadPoolAsynchronousRunner.java:547) [c3p0-0.9.1.2.jar:0.9.1.2]
Caused by: com.mysql.cj.exceptions.CJCommunicationsException: Communications link failure

The last packet sent successfully to the server was 0 milliseconds ago. The driver has not received any packets from the server.
	at jdk.internal.reflect.GeneratedConstructorAccessor21.newInstance(Unknown Source) ~[?:?]
	at jdk.internal.reflect.DelegatingConstructorAccessorImpl.newInstance(DelegatingConstructorAccessorImpl.java:45) ~[?:?]
	at java.lang.reflect.Constructor.newInstanceWithCaller(Constructor.java:499) ~[?:?]
	at java.lang.reflect.Constructor.newInstance(Constructor.java:480) ~[?:?]
	at com.mysql.cj.exceptions.ExceptionFactory.createException(ExceptionFactory.java:61) ~[mysql-connector-java-8.0.30.jar:8.0.30]
	at com.mysql.cj.exceptions.ExceptionFactory.createException(ExceptionFactory.java:105) ~[mysql-connector-java-8.0.30.jar:8.0.30]
	at com.mysql.cj.exceptions.ExceptionFactory.createException(ExceptionFactory.java:151) ~[mysql-connector-java-8.0.30.jar:8.0.30]
	at com.mysql.cj.exceptions.ExceptionFactory.createCommunicationsException(ExceptionFactory.java:167) ~[mysql-connector-java-8.0.30.jar:8.0.30]
	at com.mysql.cj.protocol.a.NativeSocketConnection.connect(NativeSocketConnection.java:89) ~[mysql-connector-java-8.0.30.jar:8.0.30]
	at com.mysql.cj.NativeSession.connect(NativeSession.java:120) ~[mysql-connector-java-8.0.30.jar:8.0.30]
	at com.mysql.cj.jdbc.ConnectionImpl.connectOneTryOnly(ConnectionImpl.java:948) ~[mysql-connector-java-8.0.30.jar:8.0.30]
	at com.mysql.cj.jdbc.ConnectionImpl.createNewIO(ConnectionImpl.java:818) ~[mysql-connector-java-8.0.30.jar:8.0.30]
	... 11 more
Caused by: java.net.UnknownHostException: db
	at java.net.InetAddress$CachedAddresses.get(InetAddress.java:801) ~[?:?]
	at java.net.InetAddress.getAllByName0(InetAddress.java:1509) ~[?:?]
	at java.net.InetAddress.getAllByName(InetAddress.java:1367) ~[?:?]
	at java.net.InetAddress.getAllByName(InetAddress.java:1301) ~[?:?]
	at com.mysql.cj.protocol.StandardSocketFactory.connect(StandardSocketFactory.java:130) ~[mysql-connector-java-8.0.30.jar:8.0.30]
	at com.mysql.cj.protocol.a.NativeSocketConnection.connect(NativeSocketConnection.java:63) ~[mysql-connector-java-8.0.30.jar:8.0.30]
	at com.mysql.cj.NativeSession.connect(NativeSession.java:120) ~[mysql-connector-java-8.0.30.jar:8.0.30]
	at com.mysql.cj.jdbc.ConnectionImpl.connectOneTryOnly(ConnectionImpl.java:948) ~[mysql-connector-java-8.0.30.jar:8.0.30]
	at com.mysql.cj.jdbc.ConnectionImpl.createNewIO(ConnectionImpl.java:818) ~[mysql-connector-java-8.0.30.jar:8.0.30]
	... 11 more
2026-08-13 12:44:57 DEBUG BasicResourcePool:1831 - An exception occurred while acquiring a poolable resource. Will retry.
com.mysql.cj.jdbc.exceptions.CommunicationsException: Communications link failure

The last packet sent successfully to the server was 0 milliseconds ago. The driver has not received any packets from the server.
	at com.mysql.cj.jdbc.exceptions.SQLError.createCommunicationsException(SQLError.java:174) ~[mysql-connector-java-8.0.30.jar:8.0.30]
	at com.mysql.cj.jdbc.exceptions.SQLExceptionsMapping.translateException(SQLExceptionsMapping.java:64) ~[mysql-connector-java-8.0.30.jar:8.0.30]
	at com.mysql.cj.jdbc.ConnectionImpl.createNewIO(ConnectionImpl.java:828) ~[mysql-connector-java-8.0.30.jar:8.0.30]
	at com.mysql.cj.jdbc.ConnectionImpl.<init>(ConnectionImpl.java:448) ~[mysql-connector-java-8.0.30.jar:8.0.30]
	at com.mysql.cj.jdbc.ConnectionImpl.getInstance(ConnectionImpl.java:241) ~[mysql-connector-java-8.0.30.jar:8.0.30]
	at com.mysql.cj.jdbc.NonRegisteringDriver.connect(NonRegisteringDriver.java:198) ~[mysql-connector-java-8.0.30.jar:8.0.30]
	at com.mchange.v2.c3p0.DriverManagerDataSource.getConnection(DriverManagerDataSource.java:134) ~[c3p0-0.9.1.2.jar:0.9.1.2]
	at com.mchange.v2.c3p0.WrapperConnectionPoolDataSource.getPooledConnection(WrapperConnectionPoolDataSource.java:182) ~[c3p0-0.9.1.2.jar:0.9.1.2]
	at com.mchange.v2.c3p0.WrapperConnectionPoolDataSource.getPooledConnection(WrapperConnectionPoolDataSource.java:171) ~[c3p0-0.9.1.2.jar:0.9.1.2]
	at com.mchange.v2.c3p0.impl.C3P0PooledConnectionPool$1PooledConnectionResourcePoolManager.acquireResource(C3P0PooledConnectionPool.java:137) ~[c3p0-0.9.1.2.jar:0.9.1.2]
	at com.mchange.v2.resourcepool.BasicResourcePool.doAcquire(BasicResourcePool.java:1014) ~[c3p0-0.9.1.2.jar:0.9.1.2]
	at com.mchange.v2.resourcepool.BasicResourcePool.access$800(BasicResourcePool.java:32) ~[c3p0-0.9.1.2.jar:0.9.1.2]
	at com.mchange.v2.resourcepool.BasicResourcePool$AcquireTask.run(BasicResourcePool.java:1810) [c3p0-0.9.1.2.jar:0.9.1.2]
	at com.mchange.v2.async.ThreadPoolAsynchronousRunner$PoolThread.run(ThreadPoolAsynchronousRunner.java:547) [c3p0-0.9.1.2.jar:0.9.1.2]
Caused by: com.mysql.cj.exceptions.CJCommunicationsException: Communications link failure

The last packet sent successfully to the server was 0 milliseconds ago. The driver has not received any packets from the server.
	at jdk.internal.reflect.GeneratedConstructorAccessor21.newInstance(Unknown Source) ~[?:?]
	at jdk.internal.reflect.DelegatingConstructorAccessorImpl.newInstance(DelegatingConstructorAccessorImpl.java:45) ~[?:?]
	at java.lang.reflect.Constructor.newInstanceWithCaller(Constructor.java:499) ~[?:?]
	at java.lang.reflect.Constructor.newInstance(Constructor.java:480) ~[?:?]
	at com.mysql.cj.exceptions.ExceptionFactory.createException(ExceptionFactory.java:61) ~[mysql-connector-java-8.0.30.jar:8.0.30]
	at com.mysql.cj.exceptions.ExceptionFactory.createException(ExceptionFactory.java:105) ~[mysql-connector-java-8.0.30.jar:8.0.30]
	at com.mysql.cj.exceptions.ExceptionFactory.createException(ExceptionFactory.java:151) ~[mysql-connector-java-8.0.30.jar:8.0.30]
	at com.mysql.cj.exceptions.ExceptionFactory.createCommunicationsException(ExceptionFactory.java:167) ~[mysql-connector-java-8.0.30.jar:8.0.30]
	at com.mysql.cj.protocol.a.NativeSocketConnection.connect(NativeSocketConnection.java:89) ~[mysql-connector-java-8.0.30.jar:8.0.30]
	at com.mysql.cj.NativeSession.connect(NativeSession.java:120) ~[mysql-connector-java-8.0.30.jar:8.0.30]
	at com.mysql.cj.jdbc.ConnectionImpl.connectOneTryOnly(ConnectionImpl.java:948) ~[mysql-connector-java-8.0.30.jar:8.0.30]
	at com.mysql.cj.jdbc.ConnectionImpl.createNewIO(ConnectionImpl.java:818) ~[mysql-connector-java-8.0.30.jar:8.0.30]
	... 11 more
Caused by: java.net.UnknownHostException: db
	at java.net.InetAddress$CachedAddresses.get(InetAddress.java:801) ~[?:?]
	at java.net.InetAddress.getAllByName0(InetAddress.java:1509) ~[?:?]
	at java.net.InetAddress.getAllByName(InetAddress.java:1367) ~[?:?]
	at java.net.InetAddress.getAllByName(InetAddress.java:1301) ~[?:?]
	at com.mysql.cj.protocol.StandardSocketFactory.connect(StandardSocketFactory.java:130) ~[mysql-connector-java-8.0.30.jar:8.0.30]
	at com.mysql.cj.protocol.a.NativeSocketConnection.connect(NativeSocketConnection.java:63) ~[mysql-connector-java-8.0.30.jar:8.0.30]
	at com.mysql.cj.NativeSession.connect(NativeSession.java:120) ~[mysql-connector-java-8.0.30.jar:8.0.30]
	at com.mysql.cj.jdbc.ConnectionImpl.connectOneTryOnly(ConnectionImpl.java:948) ~[mysql-connector-java-8.0.30.jar:8.0.30]
	at com.mysql.cj.jdbc.ConnectionImpl.createNewIO(ConnectionImpl.java:818) ~[mysql-connector-java-8.0.30.jar:8.0.30]
	... 11 more
2026-08-13 12:44:57 DEBUG BasicResourcePool:1935 - Checking for expired resources - Thu Aug 13 12:44:57 IST 2026 [com.mchange.v2.resourcepool.BasicResourcePool@27e6cf4c]
2026-08-13 12:44:57 DEBUG BasicResourcePool:1447 - BEGIN check for expired resources.  [com.mchange.v2.resourcepool.BasicResourcePool@27e6cf4c]
2026-08-13 12:44:57 DEBUG BasicResourcePool:1468 - FINISHED check for expired resources.  [com.mchange.v2.resourcepool.BasicResourcePool@27e6cf4c]
2026-08-13 12:45:00 DEBUG BasicResourcePool:1935 - Checking for expired resources - Thu Aug 13 12:45:00 IST 2026 [com.mchange.v2.resourcepool.BasicResourcePool@27e6cf4c]
2026-08-13 12:45:00 DEBUG BasicResourcePool:1447 - BEGIN check for expired resources.  [com.mchange.v2.resourcepool.BasicResourcePool@27e6cf4c]
2026-08-13 12:45:00 DEBUG BasicResourcePool:1468 - FINISHED check for expired resources.  [com.mchange.v2.resourcepool.BasicResourcePool@27e6cf4c]
2026-08-13 12:45:01 DEBUG BasicResourcePool:1831 - An exception occurred while acquiring a poolable resource. Will retry.
com.mysql.cj.jdbc.exceptions.CommunicationsException: Communications link failure

The last packet sent successfully to the server was 0 milliseconds ago. The driver has not received any packets from the server.
	at com.mysql.cj.jdbc.exceptions.SQLError.createCommunicationsException(SQLError.java:174) ~[mysql-connector-java-8.0.30.jar:8.0.30]
	at com.mysql.cj.jdbc.exceptions.SQLExceptionsMapping.translateException(SQLExceptionsMapping.java:64) ~[mysql-connector-java-8.0.30.jar:8.0.30]
	at com.mysql.cj.jdbc.ConnectionImpl.createNewIO(ConnectionImpl.java:828) ~[mysql-connector-java-8.0.30.jar:8.0.30]
	at com.mysql.cj.jdbc.ConnectionImpl.<init>(ConnectionImpl.java:448) ~[mysql-connector-java-8.0.30.jar:8.0.30]
	at com.mysql.cj.jdbc.ConnectionImpl.getInstance(ConnectionImpl.java:241) ~[mysql-connector-java-8.0.30.jar:8.0.30]
	at com.mysql.cj.jdbc.NonRegisteringDriver.connect(NonRegisteringDriver.java:198) ~[mysql-connector-java-8.0.30.jar:8.0.30]
	at com.mchange.v2.c3p0.DriverManagerDataSource.getConnection(DriverManagerDataSource.java:134) ~[c3p0-0.9.1.2.jar:0.9.1.2]
	at com.mchange.v2.c3p0.WrapperConnectionPoolDataSource.getPooledConnection(WrapperConnectionPoolDataSource.java:182) ~[c3p0-0.9.1.2.jar:0.9.1.2]
	at com.mchange.v2.c3p0.WrapperConnectionPoolDataSource.getPooledConnection(WrapperConnectionPoolDataSource.java:171) ~[c3p0-0.9.1.2.jar:0.9.1.2]
	at com.mchange.v2.c3p0.impl.C3P0PooledConnectionPool$1PooledConnectionResourcePoolManager.acquireResource(C3P0PooledConnectionPool.java:137) ~[c3p0-0.9.1.2.jar:0.9.1.2]
	at com.mchange.v2.resourcepool.BasicResourcePool.doAcquire(BasicResourcePool.java:1014) ~[c3p0-0.9.1.2.jar:0.9.1.2]
	at com.mchange.v2.resourcepool.BasicResourcePool.access$800(BasicResourcePool.java:32) ~[c3p0-0.9.1.2.jar:0.9.1.2]
	at com.mchange.v2.resourcepool.BasicResourcePool$AcquireTask.run(BasicResourcePool.java:1810) [c3p0-0.9.1.2.jar:0.9.1.2]
	at com.mchange.v2.async.ThreadPoolAsynchronousRunner$PoolThread.run(ThreadPoolAsynchronousRunner.java:547) [c3p0-0.9.1.2.jar:0.9.1.2]
Caused by: com.mysql.cj.exceptions.CJCommunicationsException: Communications link failure

The last packet sent successfully to the server was 0 milliseconds ago. The driver has not received any packets from the server.
	at jdk.internal.reflect.GeneratedConstructorAccessor21.newInstance(Unknown Source) ~[?:?]
	at jdk.internal.reflect.DelegatingConstructorAccessorImpl.newInstance(DelegatingConstructorAccessorImpl.java:45) ~[?:?]
	at java.lang.reflect.Constructor.newInstanceWithCaller(Constructor.java:499) ~[?:?]
	at java.lang.reflect.Constructor.newInstance(Constructor.java:480) ~[?:?]
	at com.mysql.cj.exceptions.ExceptionFactory.createException(ExceptionFactory.java:61) ~[mysql-connector-java-8.0.30.jar:8.0.30]
	at com.mysql.cj.exceptions.ExceptionFactory.createException(ExceptionFactory.java:105) ~[mysql-connector-java-8.0.30.jar:8.0.30]
	at com.mysql.cj.exceptions.ExceptionFactory.createException(ExceptionFactory.java:151) ~[mysql-connector-java-8.0.30.jar:8.0.30]
	at com.mysql.cj.exceptions.ExceptionFactory.createCommunicationsException(ExceptionFactory.java:167) ~[mysql-connector-java-8.0.30.jar:8.0.30]
	at com.mysql.cj.protocol.a.NativeSocketConnection.connect(NativeSocketConnection.java:89) ~[mysql-connector-java-8.0.30.jar:8.0.30]
	at com.mysql.cj.NativeSession.connect(NativeSession.java:120) ~[mysql-connector-java-8.0.30.jar:8.0.30]
	at com.mysql.cj.jdbc.ConnectionImpl.connectOneTryOnly(ConnectionImpl.java:948) ~[mysql-connector-java-8.0.30.jar:8.0.30]
	at com.mysql.cj.jdbc.ConnectionImpl.createNewIO(ConnectionImpl.java:818) ~[mysql-connector-java-8.0.30.jar:8.0.30]
	... 11 more
Caused by: java.net.UnknownHostException: No such host is known (db)
	at java.net.Inet6AddressImpl.lookupAllHostAddr(Native Method) ~[?:?]
	at java.net.InetAddress$PlatformNameService.lookupAllHostAddr(InetAddress.java:933) ~[?:?]
	at java.net.InetAddress.getAddressesFromNameService(InetAddress.java:1519) ~[?:?]
	at java.net.InetAddress$NameServiceAddresses.get(InetAddress.java:852) ~[?:?]
	at java.net.InetAddress.getAllByName0(InetAddress.java:1509) ~[?:?]
	at java.net.InetAddress.getAllByName(InetAddress.java:1367) ~[?:?]
	at java.net.InetAddress.getAllByName(InetAddress.java:1301) ~[?:?]
	at com.mysql.cj.protocol.StandardSocketFactory.connect(StandardSocketFactory.java:130) ~[mysql-connector-java-8.0.30.jar:8.0.30]
	at com.mysql.cj.protocol.a.NativeSocketConnection.connect(NativeSocketConnection.java:63) ~[mysql-connector-java-8.0.30.jar:8.0.30]
	at com.mysql.cj.NativeSession.connect(NativeSession.java:120) ~[mysql-connector-java-8.0.30.jar:8.0.30]
	at com.mysql.cj.jdbc.ConnectionImpl.connectOneTryOnly(ConnectionImpl.java:948) ~[mysql-connector-java-8.0.30.jar:8.0.30]
	at com.mysql.cj.jdbc.ConnectionImpl.createNewIO(ConnectionImpl.java:818) ~[mysql-connector-java-8.0.30.jar:8.0.30]
	... 11 more
2026-08-13 12:45:01 DEBUG BasicResourcePool:1831 - An exception occurred while acquiring a poolable resource. Will retry.
com.mysql.cj.jdbc.exceptions.CommunicationsException: Communications link failure

The last packet sent successfully to the server was 0 milliseconds ago. The driver has not received any packets from the server.
	at com.mysql.cj.jdbc.exceptions.SQLError.createCommunicationsException(SQLError.java:174) ~[mysql-connector-java-8.0.30.jar:8.0.30]
	at com.mysql.cj.jdbc.exceptions.SQLExceptionsMapping.translateException(SQLExceptionsMapping.java:64) ~[mysql-connector-java-8.0.30.jar:8.0.30]
	at com.mysql.cj.jdbc.ConnectionImpl.createNewIO(ConnectionImpl.java:828) ~[mysql-connector-java-8.0.30.jar:8.0.30]
	at com.mysql.cj.jdbc.ConnectionImpl.<init>(ConnectionImpl.java:448) ~[mysql-connector-java-8.0.30.jar:8.0.30]
	at com.mysql.cj.jdbc.ConnectionImpl.getInstance(ConnectionImpl.java:241) ~[mysql-connector-java-8.0.30.jar:8.0.30]
	at com.mysql.cj.jdbc.NonRegisteringDriver.connect(NonRegisteringDriver.java:198) ~[mysql-connector-java-8.0.30.jar:8.0.30]
	at com.mchange.v2.c3p0.DriverManagerDataSource.getConnection(DriverManagerDataSource.java:134) ~[c3p0-0.9.1.2.jar:0.9.1.2]
	at com.mchange.v2.c3p0.WrapperConnectionPoolDataSource.getPooledConnection(WrapperConnectionPoolDataSource.java:182) ~[c3p0-0.9.1.2.jar:0.9.1.2]
	at com.mchange.v2.c3p0.WrapperConnectionPoolDataSource.getPooledConnection(WrapperConnectionPoolDataSource.java:171) ~[c3p0-0.9.1.2.jar:0.9.1.2]
	at com.mchange.v2.c3p0.impl.C3P0PooledConnectionPool$1PooledConnectionResourcePoolManager.acquireResource(C3P0PooledConnectionPool.java:137) ~[c3p0-0.9.1.2.jar:0.9.1.2]
	at com.mchange.v2.resourcepool.BasicResourcePool.doAcquire(BasicResourcePool.java:1014) ~[c3p0-0.9.1.2.jar:0.9.1.2]
	at com.mchange.v2.resourcepool.BasicResourcePool.access$800(BasicResourcePool.java:32) ~[c3p0-0.9.1.2.jar:0.9.1.2]
	at com.mchange.v2.resourcepool.BasicResourcePool$AcquireTask.run(BasicResourcePool.java:1810) [c3p0-0.9.1.2.jar:0.9.1.2]
	at com.mchange.v2.async.ThreadPoolAsynchronousRunner$PoolThread.run(ThreadPoolAsynchronousRunner.java:547) [c3p0-0.9.1.2.jar:0.9.1.2]
Caused by: com.mysql.cj.exceptions.CJCommunicationsException: Communications link failure

The last packet sent successfully to the server was 0 milliseconds ago. The driver has not received any packets from the server.
	at jdk.internal.reflect.GeneratedConstructorAccessor21.newInstance(Unknown Source) ~[?:?]
	at jdk.internal.reflect.DelegatingConstructorAccessorImpl.newInstance(DelegatingConstructorAccessorImpl.java:45) ~[?:?]
	at java.lang.reflect.Constructor.newInstanceWithCaller(Constructor.java:499) ~[?:?]
	at java.lang.reflect.Constructor.newInstance(Constructor.java:480) ~[?:?]
	at com.mysql.cj.exceptions.ExceptionFactory.createException(ExceptionFactory.java:61) ~[mysql-connector-java-8.0.30.jar:8.0.30]
	at com.mysql.cj.exceptions.ExceptionFactory.createException(ExceptionFactory.java:105) ~[mysql-connector-java-8.0.30.jar:8.0.30]
	at com.mysql.cj.exceptions.ExceptionFactory.createException(ExceptionFactory.java:151) ~[mysql-connector-java-8.0.30.jar:8.0.30]
	at com.mysql.cj.exceptions.ExceptionFactory.createCommunicationsException(ExceptionFactory.java:167) ~[mysql-connector-java-8.0.30.jar:8.0.30]
	at com.mysql.cj.protocol.a.NativeSocketConnection.connect(NativeSocketConnection.java:89) ~[mysql-connector-java-8.0.30.jar:8.0.30]
	at com.mysql.cj.NativeSession.connect(NativeSession.java:120) ~[mysql-connector-java-8.0.30.jar:8.0.30]
	at com.mysql.cj.jdbc.ConnectionImpl.connectOneTryOnly(ConnectionImpl.java:948) ~[mysql-connector-java-8.0.30.jar:8.0.30]
	at com.mysql.cj.jdbc.ConnectionImpl.createNewIO(ConnectionImpl.java:818) ~[mysql-connector-java-8.0.30.jar:8.0.30]
	... 11 more
Caused by: java.net.UnknownHostException: db
	at java.net.InetAddress$CachedAddresses.get(InetAddress.java:801) ~[?:?]
	at java.net.InetAddress$NameServiceAddresses.get(InetAddress.java:887) ~[?:?]
	at java.net.InetAddress.getAllByName0(InetAddress.java:1509) ~[?:?]
	at java.net.InetAddress.getAllByName(InetAddress.java:1367) ~[?:?]
	at java.net.InetAddress.getAllByName(InetAddress.java:1301) ~[?:?]
	at com.mysql.cj.protocol.StandardSocketFactory.connect(StandardSocketFactory.java:130) ~[mysql-connector-java-8.0.30.jar:8.0.30]
	at com.mysql.cj.protocol.a.NativeSocketConnection.connect(NativeSocketConnection.java:63) ~[mysql-connector-java-8.0.30.jar:8.0.30]
	at com.mysql.cj.NativeSession.connect(NativeSession.java:120) ~[mysql-connector-java-8.0.30.jar:8.0.30]
	at com.mysql.cj.jdbc.ConnectionImpl.connectOneTryOnly(ConnectionImpl.java:948) ~[mysql-connector-java-8.0.30.jar:8.0.30]
	at com.mysql.cj.jdbc.ConnectionImpl.createNewIO(ConnectionImpl.java:818) ~[mysql-connector-java-8.0.30.jar:8.0.30]
	... 11 more
2026-08-13 12:45:02 DEBUG BasicResourcePool:1831 - An exception occurred while acquiring a poolable resource. Will retry.
com.mysql.cj.jdbc.exceptions.CommunicationsException: Communications link failure

The last packet sent successfully to the server was 0 milliseconds ago. The driver has not received any packets from the server.
	at com.mysql.cj.jdbc.exceptions.SQLError.createCommunicationsException(SQLError.java:174) ~[mysql-connector-java-8.0.30.jar:8.0.30]
	at com.mysql.cj.jdbc.exceptions.SQLExceptionsMapping.translateException(SQLExceptionsMapping.java:64) ~[mysql-connector-java-8.0.30.jar:8.0.30]
	at com.mysql.cj.jdbc.ConnectionImpl.createNewIO(ConnectionImpl.java:828) ~[mysql-connector-java-8.0.30.jar:8.0.30]
	at com.mysql.cj.jdbc.ConnectionImpl.<init>(ConnectionImpl.java:448) ~[mysql-connector-java-8.0.30.jar:8.0.30]
	at com.mysql.cj.jdbc.ConnectionImpl.getInstance(ConnectionImpl.java:241) ~[mysql-connector-java-8.0.30.jar:8.0.30]
	at com.mysql.cj.jdbc.NonRegisteringDriver.connect(NonRegisteringDriver.java:198) ~[mysql-connector-java-8.0.30.jar:8.0.30]
	at com.mchange.v2.c3p0.DriverManagerDataSource.getConnection(DriverManagerDataSource.java:134) ~[c3p0-0.9.1.2.jar:0.9.1.2]
	at com.mchange.v2.c3p0.WrapperConnectionPoolDataSource.getPooledConnection(WrapperConnectionPoolDataSource.java:182) ~[c3p0-0.9.1.2.jar:0.9.1.2]
	at com.mchange.v2.c3p0.WrapperConnectionPoolDataSource.getPooledConnection(WrapperConnectionPoolDataSource.java:171) ~[c3p0-0.9.1.2.jar:0.9.1.2]
	at com.mchange.v2.c3p0.impl.C3P0PooledConnectionPool$1PooledConnectionResourcePoolManager.acquireResource(C3P0PooledConnectionPool.java:137) ~[c3p0-0.9.1.2.jar:0.9.1.2]
	at com.mchange.v2.resourcepool.BasicResourcePool.doAcquire(BasicResourcePool.java:1014) ~[c3p0-0.9.1.2.jar:0.9.1.2]
	at com.mchange.v2.resourcepool.BasicResourcePool.access$800(BasicResourcePool.java:32) ~[c3p0-0.9.1.2.jar:0.9.1.2]
	at com.mchange.v2.resourcepool.BasicResourcePool$AcquireTask.run(BasicResourcePool.java:1810) [c3p0-0.9.1.2.jar:0.9.1.2]
	at com.mchange.v2.async.ThreadPoolAsynchronousRunner$PoolThread.run(ThreadPoolAsynchronousRunner.java:547) [c3p0-0.9.1.2.jar:0.9.1.2]
Caused by: com.mysql.cj.exceptions.CJCommunicationsException: Communications link failure

The last packet sent successfully to the server was 0 milliseconds ago. The driver has not received any packets from the server.
	at jdk.internal.reflect.GeneratedConstructorAccessor21.newInstance(Unknown Source) ~[?:?]
	at jdk.internal.reflect.DelegatingConstructorAccessorImpl.newInstance(DelegatingConstructorAccessorImpl.java:45) ~[?:?]
	at java.lang.reflect.Constructor.newInstanceWithCaller(Constructor.java:499) ~[?:?]
	at java.lang.reflect.Constructor.newInstance(Constructor.java:480) ~[?:?]
	at com.mysql.cj.exceptions.ExceptionFactory.createException(ExceptionFactory.java:61) ~[mysql-connector-java-8.0.30.jar:8.0.30]
	at com.mysql.cj.exceptions.ExceptionFactory.createException(ExceptionFactory.java:105) ~[mysql-connector-java-8.0.30.jar:8.0.30]
	at com.mysql.cj.exceptions.ExceptionFactory.createException(ExceptionFactory.java:151) ~[mysql-connector-java-8.0.30.jar:8.0.30]
	at com.mysql.cj.exceptions.ExceptionFactory.createCommunicationsException(ExceptionFactory.java:167) ~[mysql-connector-java-8.0.30.jar:8.0.30]
	at com.mysql.cj.protocol.a.NativeSocketConnection.connect(NativeSocketConnection.java:89) ~[mysql-connector-java-8.0.30.jar:8.0.30]
	at com.mysql.cj.NativeSession.connect(NativeSession.java:120) ~[mysql-connector-java-8.0.30.jar:8.0.30]
	at com.mysql.cj.jdbc.ConnectionImpl.connectOneTryOnly(ConnectionImpl.java:948) ~[mysql-connector-java-8.0.30.jar:8.0.30]
	at com.mysql.cj.jdbc.ConnectionImpl.createNewIO(ConnectionImpl.java:818) ~[mysql-connector-java-8.0.30.jar:8.0.30]
	... 11 more
Caused by: java.net.UnknownHostException: db
	at java.net.InetAddress$CachedAddresses.get(InetAddress.java:801) ~[?:?]
	at java.net.InetAddress.getAllByName0(InetAddress.java:1509) ~[?:?]
	at java.net.InetAddress.getAllByName(InetAddress.java:1367) ~[?:?]
	at java.net.InetAddress.getAllByName(InetAddress.java:1301) ~[?:?]
	at com.mysql.cj.protocol.StandardSocketFactory.connect(StandardSocketFactory.java:130) ~[mysql-connector-java-8.0.30.jar:8.0.30]
	at com.mysql.cj.protocol.a.NativeSocketConnection.connect(NativeSocketConnection.java:63) ~[mysql-connector-java-8.0.30.jar:8.0.30]
	at com.mysql.cj.NativeSession.connect(NativeSession.java:120) ~[mysql-connector-java-8.0.30.jar:8.0.30]
	at com.mysql.cj.jdbc.ConnectionImpl.connectOneTryOnly(ConnectionImpl.java:948) ~[mysql-connector-java-8.0.30.jar:8.0.30]
	at com.mysql.cj.jdbc.ConnectionImpl.createNewIO(ConnectionImpl.java:818) ~[mysql-connector-java-8.0.30.jar:8.0.30]
	... 11 more
2026-08-13 12:45:02 DEBUG BasicResourcePool:1831 - An exception occurred while acquiring a poolable resource. Will retry.
com.mysql.cj.jdbc.exceptions.CommunicationsException: Communications link failure

The last packet sent successfully to the server was 0 milliseconds ago. The driver has not received any packets from the server.
	at com.mysql.cj.jdbc.exceptions.SQLError.createCommunicationsException(SQLError.java:174) ~[mysql-connector-java-8.0.30.jar:8.0.30]
	at com.mysql.cj.jdbc.exceptions.SQLExceptionsMapping.translateException(SQLExceptionsMapping.java:64) ~[mysql-connector-java-8.0.30.jar:8.0.30]
	at com.mysql.cj.jdbc.ConnectionImpl.createNewIO(ConnectionImpl.java:828) ~[mysql-connector-java-8.0.30.jar:8.0.30]
	at com.mysql.cj.jdbc.ConnectionImpl.<init>(ConnectionImpl.java:448) ~[mysql-connector-java-8.0.30.jar:8.0.30]
	at com.mysql.cj.jdbc.ConnectionImpl.getInstance(ConnectionImpl.java:241) ~[mysql-connector-java-8.0.30.jar:8.0.30]
	at com.mysql.cj.jdbc.NonRegisteringDriver.connect(NonRegisteringDriver.java:198) ~[mysql-connector-java-8.0.30.jar:8.0.30]
	at com.mchange.v2.c3p0.DriverManagerDataSource.getConnection(DriverManagerDataSource.java:134) ~[c3p0-0.9.1.2.jar:0.9.1.2]
	at com.mchange.v2.c3p0.WrapperConnectionPoolDataSource.getPooledConnection(WrapperConnectionPoolDataSource.java:182) ~[c3p0-0.9.1.2.jar:0.9.1.2]
	at com.mchange.v2.c3p0.WrapperConnectionPoolDataSource.getPooledConnection(WrapperConnectionPoolDataSource.java:171) ~[c3p0-0.9.1.2.jar:0.9.1.2]
	at com.mchange.v2.c3p0.impl.C3P0PooledConnectionPool$1PooledConnectionResourcePoolManager.acquireResource(C3P0PooledConnectionPool.java:137) ~[c3p0-0.9.1.2.jar:0.9.1.2]
	at com.mchange.v2.resourcepool.BasicResourcePool.doAcquire(BasicResourcePool.java:1014) ~[c3p0-0.9.1.2.jar:0.9.1.2]
	at com.mchange.v2.resourcepool.BasicResourcePool.access$800(BasicResourcePool.java:32) ~[c3p0-0.9.1.2.jar:0.9.1.2]
	at com.mchange.v2.resourcepool.BasicResourcePool$AcquireTask.run(BasicResourcePool.java:1810) [c3p0-0.9.1.2.jar:0.9.1.2]
	at com.mchange.v2.async.ThreadPoolAsynchronousRunner$PoolThread.run(ThreadPoolAsynchronousRunner.java:547) [c3p0-0.9.1.2.jar:0.9.1.2]
Caused by: com.mysql.cj.exceptions.CJCommunicationsException: Communications link failure

The last packet sent successfully to the server was 0 milliseconds ago. The driver has not received any packets from the server.
	at jdk.internal.reflect.GeneratedConstructorAccessor21.newInstance(Unknown Source) ~[?:?]
	at jdk.internal.reflect.DelegatingConstructorAccessorImpl.newInstance(DelegatingConstructorAccessorImpl.java:45) ~[?:?]
	at java.lang.reflect.Constructor.newInstanceWithCaller(Constructor.java:499) ~[?:?]
	at java.lang.reflect.Constructor.newInstance(Constructor.java:480) ~[?:?]
	at com.mysql.cj.exceptions.ExceptionFactory.createException(ExceptionFactory.java:61) ~[mysql-connector-java-8.0.30.jar:8.0.30]
	at com.mysql.cj.exceptions.ExceptionFactory.createException(ExceptionFactory.java:105) ~[mysql-connector-java-8.0.30.jar:8.0.30]
	at com.mysql.cj.exceptions.ExceptionFactory.createException(ExceptionFactory.java:151) ~[mysql-connector-java-8.0.30.jar:8.0.30]
	at com.mysql.cj.exceptions.ExceptionFactory.createCommunicationsException(ExceptionFactory.java:167) ~[mysql-connector-java-8.0.30.jar:8.0.30]
	at com.mysql.cj.protocol.a.NativeSocketConnection.connect(NativeSocketConnection.java:89) ~[mysql-connector-java-8.0.30.jar:8.0.30]
	at com.mysql.cj.NativeSession.connect(NativeSession.java:120) ~[mysql-connector-java-8.0.30.jar:8.0.30]
	at com.mysql.cj.jdbc.ConnectionImpl.connectOneTryOnly(ConnectionImpl.java:948) ~[mysql-connector-java-8.0.30.jar:8.0.30]
	at com.mysql.cj.jdbc.ConnectionImpl.createNewIO(ConnectionImpl.java:818) ~[mysql-connector-java-8.0.30.jar:8.0.30]
	... 11 more
Caused by: java.net.UnknownHostException: db
	at java.net.InetAddress$CachedAddresses.get(InetAddress.java:801) ~[?:?]
	at java.net.InetAddress.getAllByName0(InetAddress.java:1509) ~[?:?]
	at java.net.InetAddress.getAllByName(InetAddress.java:1367) ~[?:?]
	at java.net.InetAddress.getAllByName(InetAddress.java:1301) ~[?:?]
	at com.mysql.cj.protocol.StandardSocketFactory.connect(StandardSocketFactory.java:130) ~[mysql-connector-java-8.0.30.jar:8.0.30]
	at com.mysql.cj.protocol.a.NativeSocketConnection.connect(NativeSocketConnection.java:63) ~[mysql-connector-java-8.0.30.jar:8.0.30]
	at com.mysql.cj.NativeSession.connect(NativeSession.java:120) ~[mysql-connector-java-8.0.30.jar:8.0.30]
	at com.mysql.cj.jdbc.ConnectionImpl.connectOneTryOnly(ConnectionImpl.java:948) ~[mysql-connector-java-8.0.30.jar:8.0.30]
	at com.mysql.cj.jdbc.ConnectionImpl.createNewIO(ConnectionImpl.java:818) ~[mysql-connector-java-8.0.30.jar:8.0.30]
	... 11 more
2026-08-13 12:45:02 DEBUG BasicResourcePool:1935 - Checking for expired resources - Thu Aug 13 12:45:02 IST 2026 [com.mchange.v2.resourcepool.BasicResourcePool@27e6cf4c]
2026-08-13 12:45:02 DEBUG BasicResourcePool:1447 - BEGIN check for expired resources.  [com.mchange.v2.resourcepool.BasicResourcePool@27e6cf4c]
2026-08-13 12:45:02 DEBUG BasicResourcePool:1468 - FINISHED check for expired resources.  [com.mchange.v2.resourcepool.BasicResourcePool@27e6cf4c]
2026-08-13 12:45:03 DEBUG BasicResourcePool:1831 - An exception occurred while acquiring a poolable resource. Will retry.
com.mysql.cj.jdbc.exceptions.CommunicationsException: Communications link failure

The last packet sent successfully to the server was 0 milliseconds ago. The driver has not received any packets from the server.
	at com.mysql.cj.jdbc.exceptions.SQLError.createCommunicationsException(SQLError.java:174) ~[mysql-connector-java-8.0.30.jar:8.0.30]
	at com.mysql.cj.jdbc.exceptions.SQLExceptionsMapping.translateException(SQLExceptionsMapping.java:64) ~[mysql-connector-java-8.0.30.jar:8.0.30]
	at com.mysql.cj.jdbc.ConnectionImpl.createNewIO(ConnectionImpl.java:828) ~[mysql-connector-java-8.0.30.jar:8.0.30]
	at com.mysql.cj.jdbc.ConnectionImpl.<init>(ConnectionImpl.java:448) ~[mysql-connector-java-8.0.30.jar:8.0.30]
	at com.mysql.cj.jdbc.ConnectionImpl.getInstance(ConnectionImpl.java:241) ~[mysql-connector-java-8.0.30.jar:8.0.30]
	at com.mysql.cj.jdbc.NonRegisteringDriver.connect(NonRegisteringDriver.java:198) ~[mysql-connector-java-8.0.30.jar:8.0.30]
	at com.mchange.v2.c3p0.DriverManagerDataSource.getConnection(DriverManagerDataSource.java:134) ~[c3p0-0.9.1.2.jar:0.9.1.2]
	at com.mchange.v2.c3p0.WrapperConnectionPoolDataSource.getPooledConnection(WrapperConnectionPoolDataSource.java:182) ~[c3p0-0.9.1.2.jar:0.9.1.2]
	at com.mchange.v2.c3p0.WrapperConnectionPoolDataSource.getPooledConnection(WrapperConnectionPoolDataSource.java:171) ~[c3p0-0.9.1.2.jar:0.9.1.2]
	at com.mchange.v2.c3p0.impl.C3P0PooledConnectionPool$1PooledConnectionResourcePoolManager.acquireResource(C3P0PooledConnectionPool.java:137) ~[c3p0-0.9.1.2.jar:0.9.1.2]
	at com.mchange.v2.resourcepool.BasicResourcePool.doAcquire(BasicResourcePool.java:1014) ~[c3p0-0.9.1.2.jar:0.9.1.2]
	at com.mchange.v2.resourcepool.BasicResourcePool.access$800(BasicResourcePool.java:32) ~[c3p0-0.9.1.2.jar:0.9.1.2]
	at com.mchange.v2.resourcepool.BasicResourcePool$AcquireTask.run(BasicResourcePool.java:1810) [c3p0-0.9.1.2.jar:0.9.1.2]
	at com.mchange.v2.async.ThreadPoolAsynchronousRunner$PoolThread.run(ThreadPoolAsynchronousRunner.java:547) [c3p0-0.9.1.2.jar:0.9.1.2]
Caused by: com.mysql.cj.exceptions.CJCommunicationsException: Communications link failure

The last packet sent successfully to the server was 0 milliseconds ago. The driver has not received any packets from the server.
	at jdk.internal.reflect.GeneratedConstructorAccessor21.newInstance(Unknown Source) ~[?:?]
	at jdk.internal.reflect.DelegatingConstructorAccessorImpl.newInstance(DelegatingConstructorAccessorImpl.java:45) ~[?:?]
	at java.lang.reflect.Constructor.newInstanceWithCaller(Constructor.java:499) ~[?:?]
	at java.lang.reflect.Constructor.newInstance(Constructor.java:480) ~[?:?]
	at com.mysql.cj.exceptions.ExceptionFactory.createException(ExceptionFactory.java:61) ~[mysql-connector-java-8.0.30.jar:8.0.30]
	at com.mysql.cj.exceptions.ExceptionFactory.createException(ExceptionFactory.java:105) ~[mysql-connector-java-8.0.30.jar:8.0.30]
	at com.mysql.cj.exceptions.ExceptionFactory.createException(ExceptionFactory.java:151) ~[mysql-connector-java-8.0.30.jar:8.0.30]
	at com.mysql.cj.exceptions.ExceptionFactory.createCommunicationsException(ExceptionFactory.java:167) ~[mysql-connector-java-8.0.30.jar:8.0.30]
	at com.mysql.cj.protocol.a.NativeSocketConnection.connect(NativeSocketConnection.java:89) ~[mysql-connector-java-8.0.30.jar:8.0.30]
	at com.mysql.cj.NativeSession.connect(NativeSession.java:120) ~[mysql-connector-java-8.0.30.jar:8.0.30]
	at com.mysql.cj.jdbc.ConnectionImpl.connectOneTryOnly(ConnectionImpl.java:948) ~[mysql-connector-java-8.0.30.jar:8.0.30]
	at com.mysql.cj.jdbc.ConnectionImpl.createNewIO(ConnectionImpl.java:818) ~[mysql-connector-java-8.0.30.jar:8.0.30]
	... 11 more
Caused by: java.net.UnknownHostException: db
	at java.net.InetAddress$CachedAddresses.get(InetAddress.java:801) ~[?:?]
	at java.net.InetAddress.getAllByName0(InetAddress.java:1509) ~[?:?]
	at java.net.InetAddress.getAllByName(InetAddress.java:1367) ~[?:?]
	at java.net.InetAddress.getAllByName(InetAddress.java:1301) ~[?:?]
	at com.mysql.cj.protocol.StandardSocketFactory.connect(StandardSocketFactory.java:130) ~[mysql-connector-java-8.0.30.jar:8.0.30]
	at com.mysql.cj.protocol.a.NativeSocketConnection.connect(NativeSocketConnection.java:63) ~[mysql-connector-java-8.0.30.jar:8.0.30]
	at com.mysql.cj.NativeSession.connect(NativeSession.java:120) ~[mysql-connector-java-8.0.30.jar:8.0.30]
	at com.mysql.cj.jdbc.ConnectionImpl.connectOneTryOnly(ConnectionImpl.java:948) ~[mysql-connector-java-8.0.30.jar:8.0.30]
	at com.mysql.cj.jdbc.ConnectionImpl.createNewIO(ConnectionImpl.java:818) ~[mysql-connector-java-8.0.30.jar:8.0.30]
	... 11 more
2026-08-13 12:45:03 DEBUG BasicResourcePool:1831 - An exception occurred while acquiring a poolable resource. Will retry.
com.mysql.cj.jdbc.exceptions.CommunicationsException: Communications link failure

The last packet sent successfully to the server was 0 milliseconds ago. The driver has not received any packets from the server.
	at com.mysql.cj.jdbc.exceptions.SQLError.createCommunicationsException(SQLError.java:174) ~[mysql-connector-java-8.0.30.jar:8.0.30]
	at com.mysql.cj.jdbc.exceptions.SQLExceptionsMapping.translateException(SQLExceptionsMapping.java:64) ~[mysql-connector-java-8.0.30.jar:8.0.30]
	at com.mysql.cj.jdbc.ConnectionImpl.createNewIO(ConnectionImpl.java:828) ~[mysql-connector-java-8.0.30.jar:8.0.30]
	at com.mysql.cj.jdbc.ConnectionImpl.<init>(ConnectionImpl.java:448) ~[mysql-connector-java-8.0.30.jar:8.0.30]
	at com.mysql.cj.jdbc.ConnectionImpl.getInstance(ConnectionImpl.java:241) ~[mysql-connector-java-8.0.30.jar:8.0.30]
	at com.mysql.cj.jdbc.NonRegisteringDriver.connect(NonRegisteringDriver.java:198) ~[mysql-connector-java-8.0.30.jar:8.0.30]
	at com.mchange.v2.c3p0.DriverManagerDataSource.getConnection(DriverManagerDataSource.java:134) ~[c3p0-0.9.1.2.jar:0.9.1.2]
	at com.mchange.v2.c3p0.WrapperConnectionPoolDataSource.getPooledConnection(WrapperConnectionPoolDataSource.java:182) ~[c3p0-0.9.1.2.jar:0.9.1.2]
	at com.mchange.v2.c3p0.WrapperConnectionPoolDataSource.getPooledConnection(WrapperConnectionPoolDataSource.java:171) ~[c3p0-0.9.1.2.jar:0.9.1.2]
	at com.mchange.v2.c3p0.impl.C3P0PooledConnectionPool$1PooledConnectionResourcePoolManager.acquireResource(C3P0PooledConnectionPool.java:137) ~[c3p0-0.9.1.2.jar:0.9.1.2]
	at com.mchange.v2.resourcepool.BasicResourcePool.doAcquire(BasicResourcePool.java:1014) ~[c3p0-0.9.1.2.jar:0.9.1.2]
	at com.mchange.v2.resourcepool.BasicResourcePool.access$800(BasicResourcePool.java:32) ~[c3p0-0.9.1.2.jar:0.9.1.2]
	at com.mchange.v2.resourcepool.BasicResourcePool$AcquireTask.run(BasicResourcePool.java:1810) [c3p0-0.9.1.2.jar:0.9.1.2]
	at com.mchange.v2.async.ThreadPoolAsynchronousRunner$PoolThread.run(ThreadPoolAsynchronousRunner.java:547) [c3p0-0.9.1.2.jar:0.9.1.2]
Caused by: com.mysql.cj.exceptions.CJCommunicationsException: Communications link failure

The last packet sent successfully to the server was 0 milliseconds ago. The driver has not received any packets from the server.
	at jdk.internal.reflect.GeneratedConstructorAccessor21.newInstance(Unknown Source) ~[?:?]
	at jdk.internal.reflect.DelegatingConstructorAccessorImpl.newInstance(DelegatingConstructorAccessorImpl.java:45) ~[?:?]
	at java.lang.reflect.Constructor.newInstanceWithCaller(Constructor.java:499) ~[?:?]
	at java.lang.reflect.Constructor.newInstance(Constructor.java:480) ~[?:?]
	at com.mysql.cj.exceptions.ExceptionFactory.createException(ExceptionFactory.java:61) ~[mysql-connector-java-8.0.30.jar:8.0.30]
	at com.mysql.cj.exceptions.ExceptionFactory.createException(ExceptionFactory.java:105) ~[mysql-connector-java-8.0.30.jar:8.0.30]
	at com.mysql.cj.exceptions.ExceptionFactory.createException(ExceptionFactory.java:151) ~[mysql-connector-java-8.0.30.jar:8.0.30]
	at com.mysql.cj.exceptions.ExceptionFactory.createCommunicationsException(ExceptionFactory.java:167) ~[mysql-connector-java-8.0.30.jar:8.0.30]
	at com.mysql.cj.protocol.a.NativeSocketConnection.connect(NativeSocketConnection.java:89) ~[mysql-connector-java-8.0.30.jar:8.0.30]
	at com.mysql.cj.NativeSession.connect(NativeSession.java:120) ~[mysql-connector-java-8.0.30.jar:8.0.30]
	at com.mysql.cj.jdbc.ConnectionImpl.connectOneTryOnly(ConnectionImpl.java:948) ~[mysql-connector-java-8.0.30.jar:8.0.30]
	at com.mysql.cj.jdbc.ConnectionImpl.createNewIO(ConnectionImpl.java:818) ~[mysql-connector-java-8.0.30.jar:8.0.30]
	... 11 more
Caused by: java.net.UnknownHostException: db
	at java.net.InetAddress$CachedAddresses.get(InetAddress.java:801) ~[?:?]
	at java.net.InetAddress.getAllByName0(InetAddress.java:1509) ~[?:?]
	at java.net.InetAddress.getAllByName(InetAddress.java:1367) ~[?:?]
	at java.net.InetAddress.getAllByName(InetAddress.java:1301) ~[?:?]
	at com.mysql.cj.protocol.StandardSocketFactory.connect(StandardSocketFactory.java:130) ~[mysql-connector-java-8.0.30.jar:8.0.30]
	at com.mysql.cj.protocol.a.NativeSocketConnection.connect(NativeSocketConnection.java:63) ~[mysql-connector-java-8.0.30.jar:8.0.30]
	at com.mysql.cj.NativeSession.connect(NativeSession.java:120) ~[mysql-connector-java-8.0.30.jar:8.0.30]
	at com.mysql.cj.jdbc.ConnectionImpl.connectOneTryOnly(ConnectionImpl.java:948) ~[mysql-connector-java-8.0.30.jar:8.0.30]
	at com.mysql.cj.jdbc.ConnectionImpl.createNewIO(ConnectionImpl.java:818) ~[mysql-connector-java-8.0.30.jar:8.0.30]
	... 11 more
